uuid,date,time,sym,n_close,amount_delta,n_midprice,n_bid1,n_bsize1,n_bid2,n_bsize2,n_bid3,n_bsize3,n_bid4,n_bsize4,n_bid5,n_bsize5,n_ask1,n_asize1,n_ask2,n_asize2,n_ask3,n_asize3,n_ask4,n_asize4,n_ask5,n_asize5,label_5,label_10,label_20,label_40,label_60
0,0,13:10:03,2,0.0058823529411764,2907.0,0.0060553633217992,0.0058823529411764,1.977528786688795e-06,0.0055363321799308,4.87460845918788e-06,0.005190311418685,1.1535584589017972e-06,0.0044982698961939,2.3071169178035943e-06,0.0041522491349481,1.3677907441264164e-05,0.0062283737024222,1.6479406555739958e-06,0.0065743944636678,4.943821966721988e-07,0.0069204152249136,9.459179362994736e-06,0.0076124567474049,6.591762622295983e-06,0.0079584775086505,1.6479406555739957e-07,1,1,1,1,1
1,0,13:10:06,2,0.0058823529411764,0.0,0.0060553633217992,0.0058823529411764,1.977528786688795e-06,0.0055363321799308,4.87460845918788e-06,0.005190311418685,1.1535584589017972e-06,0.0044982698961939,2.3071169178035943e-06,0.0041522491349481,1.3677907441264164e-05,0.0062283737024222,1.6479406555739958e-06,0.0065743944636678,4.943821966721988e-07,0.0069204152249136,9.459179362994736e-06,0.0076124567474049,6.591762622295983e-06,0.0079584775086505,1.6479406555739957e-07,1,1,1,1,1
2,0,13:10:09,2,0.0058823529411764,0.0,0.0060553633217992,0.0058823529411764,1.977528786688795e-06,0.0055363321799308,4.87460845918788e-06,0.005190311418685,1.1535584589017972e-06,0.0044982698961939,2.3071169178035943e-06,0.0041522491349481,1.3677907441264164e-05,0.0062283737024222,1.6479406555739958e-06,0.0065743944636678,4.943821966721988e-07,0.0069204152249136,9.459179362994736e-06,0.0076124567474049,6.591762622295983e-06,0.0079584775086505,1.6479406555739957e-07,1,1,1,1,1
3,0,13:10:12,2,0.0058823529411764,0.0,0.0060553633217992,0.0058823529411764,1.977528786688795e-06,0.0055363321799308,4.87460845918788e-06,0.005190311418685,1.1535584589017972e-06,0.0044982698961939,2.3071169178035943e-06,0.0041522491349481,1.3677907441264164e-05,0.0062283737024222,1.6479406555739958e-06,0.0065743944636678,4.943821966721988e-07,0.0069204152249136,9.459179362994736e-06,0.0076124567474049,6.591762622295983e-06,0.0079584775086505,1.6479406555739957e-07,1,1,1,1,1
4,0,13:10:15,2,0.0058823529411764,26170.0,0.0060553633217992,0.0058823529411764,1.977528786688795e-06,0.0055363321799308,4.87460845918788e-06,0.005190311418685,1.1535584589017972e-06,0.0044982698961939,2.3071169178035943e-06,0.0041522491349481,1.3677907441264164e-05,0.0062283737024222,4.943821966721988e-07,0.0065743944636678,4.943821966721988e-07,0.0069204152249136,9.459179362994736e-06,0.0076124567474049,6.591762622295983e-06,0.0079584775086505,1.6479406555739957e-07,1,1,1,1,1
5,0,13:10:18,2,0.0062283737024222,8724.0,0.006401384083045,0.0062283737024222,3.7902635078201903e-06,0.0058823529411764,1.977528786688795e-06,0.0055363321799308,4.87460845918788e-06,0.005190311418685,1.1535584589017972e-06,0.0044982698961939,2.3071169178035943e-06,0.0065743944636678,4.943821966721988e-07,0.0069204152249136,9.459179362994736e-06,0.0076124567474049,6.591762622295983e-06,0.0086505190311418,8.239703277869979e-07,0.0089965397923876,1.6479406555739957e-07,1,1,1,1,1
6,0,13:10:21,2,0.0062283737024222,0.0,0.006401384083045,0.0062283737024222,5.767792294508985e-06,0.0058823529411764,1.977528786688795e-06,0.0055363321799308,4.87460845918788e-06,0.005190311418685,1.1535584589017972e-06,0.0044982698961939,2.3071169178035943e-06,0.0065743944636678,4.943821966721988e-07,0.0069204152249136,9.459179362994736e-06,0.0076124567474049,6.591762622295983e-06,0.0086505190311418,8.239703277869979e-07,0.0089965397923876,1.6479406555739957e-07,1,0,1,1,1
7,0,13:10:24,2,0.0062283737024222,0.0,0.006401384083045,0.0062283737024222,5.932586360066385e-06,0.0058823529411764,1.977528786688795e-06,0.0055363321799308,4.87460845918788e-06,0.005190311418685,1.1535584589017972e-06,0.0044982698961939,2.3071169178035943e-06,0.0065743944636678,4.943821966721988e-07,0.0069204152249136,9.459179362994736e-06,0.0076124567474049,6.591762622295983e-06,0.0086505190311418,8.239703277869979e-07,0.0089965397923876,1.6479406555739957e-07,1,0,1,1,1
8,0,13:10:27,2,0.0062283737024222,0.0,0.006401384083045,0.0062283737024222,5.932586360066385e-06,0.0058823529411764,1.977528786688795e-06,0.0055363321799308,4.87460845918788e-06,0.005190311418685,1.3183525244591966e-06,0.0044982698961939,2.3071169178035943e-06,0.0065743944636678,4.943821966721988e-07,0.0069204152249136,9.459179362994736e-06,0.0076124567474049,6.591762622295983e-06,0.0086505190311418,8.239703277869979e-07,0.0089965397923876,1.6479406555739957e-07,1,0,1,1,1
9,0,13:10:30,2,0.0055363321799308,148290.0,0.0060553633217992,0.0055363321799308,4.380226262515681e-06,0.005190311418685,1.8127347211313956e-06,0.0044982698961939,2.3071169178035943e-06,0.0041522491349481,1.3677907441264164e-05,0.0038062283737025,8.404497343427378e-06,0.0065743944636678,4.943821966721988e-07,0.0069204152249136,9.459179362994736e-06,0.0076124567474049,6.591762622295983e-06,0.0086505190311418,8.239703277869979e-07,0.0089965397923876,1.6479406555739957e-07,1,1,1,1,1
10,0,13:10:33,2,0.0055363321799308,0.0,0.0060553633217992,0.0055363321799308,4.380226262515681e-06,0.005190311418685,1.8127347211313956e-06,0.0044982698961939,2.3071169178035943e-06,0.0041522491349481,1.3677907441264164e-05,0.0038062283737025,8.404497343427378e-06,0.0065743944636678,4.943821966721988e-07,0.0069204152249136,9.459179362994736e-06,0.0076124567474049,6.591762622295983e-06,0.0086505190311418,8.239703277869979e-07,0.0089965397923876,1.6479406555739957e-07,1,1,1,1,1
11,0,13:10:36,2,0.0055363321799308,0.0,0.0060553633217992,0.0055363321799308,4.380226262515681e-06,0.005190311418685,1.8127347211313956e-06,0.0044982698961939,2.3071169178035943e-06,0.0041522491349481,1.3677907441264164e-05,0.0038062283737025,8.404497343427378e-06,0.0065743944636678,4.943821966721988e-07,0.0069204152249136,9.459179362994736e-06,0.0076124567474049,6.591762622295983e-06,0.0086505190311418,8.239703277869979e-07,0.0089965397923876,1.6479406555739957e-07,1,1,1,1,1
12,0,13:10:39,2,0.0055363321799308,0.0,0.0060553633217992,0.0055363321799308,7.676107573663672e-06,0.005190311418685,1.8127347211313956e-06,0.0044982698961939,2.3071169178035943e-06,0.0041522491349481,1.3677907441264164e-05,0.0038062283737025,8.404497343427378e-06,0.0065743944636678,4.943821966721988e-07,0.0069204152249136,9.459179362994736e-06,0.0076124567474049,6.591762622295983e-06,0.0086505190311418,8.239703277869979e-07,0.0089965397923876,1.6479406555739957e-07,1,1,1,1,1
13,0,13:10:42,2,0.0055363321799308,0.0,0.0060553633217992,0.0055363321799308,8.664871967008069e-06,0.005190311418685,1.8127347211313956e-06,0.0044982698961939,2.3071169178035943e-06,0.0041522491349481,1.3677907441264164e-05,0.0038062283737025,8.404497343427378e-06,0.0065743944636678,4.943821966721988e-07,0.0069204152249136,9.459179362994736e-06,0.0076124567474049,6.591762622295983e-06,0.0086505190311418,8.239703277869979e-07,0.0089965397923876,1.6479406555739957e-07,1,1,1,1,1
14,0,13:10:45,2,0.0055363321799308,0.0,0.0060553633217992,0.0055363321799308,8.664871967008069e-06,0.005190311418685,1.8127347211313956e-06,0.0044982698961939,2.3071169178035943e-06,0.0041522491349481,1.3677907441264164e-05,0.0038062283737025,8.404497343427378e-06,0.0065743944636678,4.943821966721988e-07,0.0069204152249136,9.459179362994736e-06,0.0076124567474049,6.591762622295983e-06,0.0086505190311418,8.239703277869979e-07,0.0089965397923876,1.6479406555739957e-07,1,1,1,1,1
15,0,13:10:48,2,0.0055363321799308,2906.0,0.0060553633217992,0.0055363321799308,8.500077901450671e-06,0.005190311418685,1.8127347211313956e-06,0.0044982698961939,2.3071169178035943e-06,0.0041522491349481,1.3677907441264164e-05,0.0038062283737025,8.404497343427378e-06,0.0065743944636678,4.943821966721988e-07,0.0069204152249136,9.459179362994736e-06,0.0076124567474049,6.591762622295983e-06,0.0086505190311418,8.239703277869979e-07,0.0089965397923876,1.6479406555739957e-07,1,1,1,1,1
16,0,13:10:51,2,0.0055363321799308,0.0,0.0058823529411764,0.0055363321799308,8.500077901450671e-06,0.005190311418685,1.8127347211313956e-06,0.0044982698961939,2.3071169178035943e-06,0.0041522491349481,1.3677907441264164e-05,0.0038062283737025,8.404497343427378e-06,0.0062283737024222,8.239703277869979e-07,0.0065743944636678,4.943821966721988e-07,0.0069204152249136,9.459179362994736e-06,0.0076124567474049,6.591762622295983e-06,0.0086505190311418,8.239703277869979e-07,1,1,1,1,1
17,0,13:10:54,2,0.0055363321799308,0.0,0.0058823529411764,0.0055363321799308,8.500077901450671e-06,0.005190311418685,1.8127347211313956e-06,0.0044982698961939,2.3071169178035943e-06,0.0041522491349481,1.3677907441264164e-05,0.0038062283737025,8.404497343427378e-06,0.0062283737024222,8.239703277869979e-07,0.0065743944636678,1.6479406555739957e-07,0.0069204152249136,9.459179362994736e-06,0.0076124567474049,6.591762622295983e-06,0.0086505190311418,8.239703277869979e-07,1,1,1,1,1
18,0,13:10:57,2,0.0055363321799308,2906.0,0.0058823529411764,0.0055363321799308,8.335283835893271e-06,0.005190311418685,2.3071169178035943e-06,0.0044982698961939,2.3071169178035943e-06,0.0041522491349481,1.3677907441264164e-05,0.0038062283737025,8.404497343427378e-06,0.0062283737024222,8.239703277869979e-07,0.0065743944636678,1.6479406555739957e-07,0.0069204152249136,9.459179362994736e-06,0.0076124567474049,6.591762622295983e-06,0.0086505190311418,8.239703277869979e-07,1,1,1,1,1
19,0,13:11:00,2,0.0062283737024222,148208.0,0.0058823529411764,0.0055363321799308,9.558055802329176e-08,0.005190311418685,2.3071169178035943e-06,0.0044982698961939,2.3071169178035943e-06,0.0041522491349481,1.3677907441264164e-05,0.0038062283737025,8.404497343427378e-06,0.0062283737024222,6.591762622295983e-07,0.0065743944636678,1.6479406555739957e-07,0.0069204152249136,9.459179362994736e-06,0.0076124567474049,6.591762622295983e-06,0.0086505190311418,8.239703277869979e-07,1,1,1,1,1
20,0,13:11:03,2,0.0062283737024222,0.0,0.0058823529411764,0.0055363321799308,9.558055802329176e-08,0.005190311418685,2.3071169178035943e-06,0.0044982698961939,2.636705048918393e-06,0.0041522491349481,1.3677907441264164e-05,0.0038062283737025,1.0052437999001376e-05,0.0062283737024222,6.591762622295983e-07,0.0065743944636678,1.6479406555739957e-07,0.0069204152249136,9.459179362994736e-06,0.0076124567474049,6.591762622295983e-06,0.0086505190311418,8.239703277869979e-07,1,1,1,1,1
21,0,13:11:06,2,0.0062283737024222,0.0,0.0058823529411764,0.0055363321799308,9.558055802329176e-08,0.005190311418685,2.1423228522461945e-06,0.0044982698961939,3.460675376705391e-06,0.0041522491349481,1.3677907441264164e-05,0.0038062283737025,1.0876408326788372e-05,0.0062283737024222,6.591762622295983e-07,0.0065743944636678,1.6479406555739957e-07,0.0069204152249136,9.459179362994736e-06,0.0076124567474049,6.591762622295983e-06,0.0086505190311418,8.239703277869979e-07,1,2,1,1,1
22,0,13:11:09,2,0.0062283737024222,0.0,0.0058823529411764,0.0055363321799308,9.558055802329176e-08,0.005190311418685,2.1423228522461945e-06,0.0044982698961939,3.460675376705391e-06,0.0041522491349481,1.3677907441264164e-05,0.0038062283737025,1.0876408326788372e-05,0.0062283737024222,6.591762622295983e-07,0.0065743944636678,1.6479406555739957e-07,0.0069204152249136,1.3579031001929724e-05,0.0076124567474049,6.591762622295983e-06,0.0086505190311418,8.239703277869979e-07,1,2,1,1,1
23,0,13:11:12,2,0.0062283737024222,0.0,0.0058823529411764,0.0055363321799308,2.6037462358069136e-07,0.005190311418685,1.3348319310149366e-05,0.0044982698961939,3.460675376705391e-06,0.0041522491349481,1.3677907441264164e-05,0.0038062283737025,1.0876408326788372e-05,0.0062283737024222,6.591762622295983e-07,0.0065743944636678,1.6479406555739957e-07,0.0069204152249136,1.3579031001929724e-05,0.0076124567474049,6.591762622295983e-06,0.0086505190311418,8.239703277869979e-07,1,1,1,1,1
24,0,13:11:15,2,0.0062283737024222,8724.0,0.0058823529411764,0.0055363321799308,5.533784721417478e-06,0.005190311418685,1.3348319310149366e-05,0.0044982698961939,3.460675376705391e-06,0.0041522491349481,1.3677907441264164e-05,0.0038062283737025,1.0876408326788372e-05,0.0062283737024222,1.6479406555739957e-07,0.0065743944636678,1.6479406555739957e-07,0.0069204152249136,1.3579031001929724e-05,0.0076124567474049,6.591762622295983e-06,0.0086505190311418,8.239703277869979e-07,1,2,1,1,1
25,0,13:11:18,2,0.0058823529411764,5814.0,0.0058823529411764,0.0055363321799308,6.522549114761876e-06,0.005190311418685,1.3348319310149366e-05,0.0044982698961939,3.460675376705391e-06,0.0041522491349481,1.3677907441264164e-05,0.0038062283737025,1.0876408326788372e-05,0.0062283737024222,1.6479406555739957e-07,0.0065743944636678,8.239703277869979e-07,0.0069204152249136,1.3579031001929724e-05,0.0076124567474049,6.591762622295983e-06,0.0086505190311418,8.239703277869979e-07,1,2,1,1,1
26,0,13:11:21,2,0.0055363321799308,2906.0,0.0058823529411764,0.0055363321799308,1.4267870195959657e-05,0.005190311418685,1.3348319310149366e-05,0.0044982698961939,3.460675376705391e-06,0.0041522491349481,1.3677907441264164e-05,0.0038062283737025,1.0876408326788372e-05,0.0062283737024222,1.6479406555739957e-07,0.0065743944636678,8.239703277869979e-07,0.0069204152249136,1.3579031001929724e-05,0.0076124567474049,6.591762622295983e-06,0.0086505190311418,8.239703277869979e-07,2,2,1,1,1
27,0,13:11:24,2,0.0062283737024222,2908.0,0.0062283737024222,0.0058823529411764,1.6479406555739957e-07,0.0055363321799308,1.4267870195959657e-05,0.005190311418685,1.3348319310149366e-05,0.0044982698961939,3.460675376705391e-06,0.0041522491349481,1.3677907441264164e-05,0.0065743944636678,8.239703277869979e-07,0.0069204152249136,1.3579031001929724e-05,0.0076124567474049,6.591762622295983e-06,0.0086505190311418,8.239703277869979e-07,0.0089965397923876,1.6479406555739957e-07,1,2,1,1,1
28,0,13:11:27,2,0.0055363321799308,5813.0,0.0060553633217992,0.0055363321799308,1.4103076130402255e-05,0.005190311418685,1.3348319310149366e-05,0.0044982698961939,5.273410097836786e-06,0.0041522491349481,1.3677907441264164e-05,0.0038062283737025,1.0876408326788372e-05,0.0065743944636678,8.239703277869979e-07,0.0069204152249136,1.3579031001929724e-05,0.0076124567474049,5.932586360066385e-06,0.0086505190311418,8.239703277869979e-07,0.0089965397923876,1.6479406555739957e-07,1,2,1,1,1
29,0,13:11:30,2,0.0055363321799308,0.0,0.0062283737024222,0.0058823529411764,1.549064216239556e-05,0.0055363321799308,1.4103076130402255e-05,0.005190311418685,1.3348319310149366e-05,0.0044982698961939,5.273410097836786e-06,0.0041522491349481,1.3677907441264164e-05,0.0065743944636678,8.239703277869979e-07,0.0069204152249136,1.3579031001929724e-05,0.0076124567474049,5.932586360066385e-06,0.0086505190311418,8.239703277869979e-07,0.0089965397923876,1.6479406555739957e-07,2,1,1,1,1
30,0,13:11:33,2,0.0065743944636678,5818.0,0.0062283737024222,0.0058823529411764,1.549064216239556e-05,0.0055363321799308,1.4103076130402255e-05,0.005190311418685,1.3348319310149366e-05,0.0044982698961939,5.273410097836786e-06,0.0041522491349481,1.3677907441264164e-05,0.0065743944636678,4.943821966721988e-07,0.0069204152249136,1.3579031001929724e-05,0.0076124567474049,5.932586360066385e-06,0.0086505190311418,8.239703277869979e-07,0.0089965397923876,1.6479406555739957e-07,2,1,1,1,1
31,0,13:11:36,2,0.0065743944636678,5818.0,0.006401384083045,0.0062283737024222,9.887643933443975e-07,0.0058823529411764,1.549064216239556e-05,0.0055363321799308,1.4103076130402255e-05,0.005190311418685,1.3348319310149366e-05,0.0044982698961939,5.273410097836786e-06,0.0065743944636678,1.6479406555739957e-07,0.0069204152249136,1.3579031001929724e-05,0.0076124567474049,5.932586360066385e-06,0.0086505190311418,8.239703277869979e-07,0.0089965397923876,1.6479406555739957e-07,1,1,1,1,1
32,0,13:11:39,2,0.0065743944636678,0.0,0.006401384083045,0.0062283737024222,9.887643933443975e-07,0.0058823529411764,1.549064216239556e-05,0.0055363321799308,1.4103076130402255e-05,0.005190311418685,1.3348319310149366e-05,0.0044982698961939,5.273410097836786e-06,0.0065743944636678,1.6479406555739957e-07,0.0069204152249136,1.3579031001929724e-05,0.0076124567474049,5.932586360066385e-06,0.0086505190311418,8.239703277869979e-07,0.0089965397923876,1.6479406555739957e-07,1,1,1,1,1
33,0,13:11:42,2,0.0062283737024222,17448.0,0.0060553633217992,0.0058823529411764,1.549064216239556e-05,0.0055363321799308,1.4103076130402255e-05,0.005190311418685,1.3348319310149366e-05,0.0044982698961939,5.273410097836786e-06,0.0041522491349481,1.3677907441264164e-05,0.0062283737024222,3.295881311147992e-07,0.0065743944636678,1.6479406555739957e-07,0.0069204152249136,1.3579031001929724e-05,0.0076124567474049,5.932586360066385e-06,0.0086505190311418,8.239703277869979e-07,2,2,1,1,1
34,0,13:11:45,2,0.0065743944636678,8725.0,0.0067474048442905,0.0065743944636678,1.4831465900165962e-06,0.0062283737024222,1.6479406555739957e-07,0.0058823529411764,1.549064216239556e-05,0.0055363321799308,1.4103076130402255e-05,0.005190311418685,1.3348319310149366e-05,0.0069204152249136,1.3579031001929724e-05,0.0076124567474049,5.932586360066385e-06,0.0079584775086505,3.295881311147992e-07,0.0086505190311418,8.239703277869979e-07,0.0089965397923876,1.6479406555739957e-07,1,1,1,1,1
35,0,13:11:48,2,0.0065743944636678,0.0,0.0067474048442905,0.0065743944636678,1.4831465900165962e-06,0.0062283737024222,9.887643933443975e-07,0.0058823529411764,1.549064216239556e-05,0.0055363321799308,1.4103076130402255e-05,0.005190311418685,1.3348319310149366e-05,0.0069204152249136,1.3579031001929724e-05,0.0076124567474049,5.932586360066385e-06,0.0079584775086505,3.295881311147992e-07,0.0086505190311418,8.239703277869979e-07,0.0089965397923876,1.6479406555739957e-07,1,1,1,1,1
36,0,13:11:51,2,0.0065743944636678,2909.0,0.0067474048442905,0.0065743944636678,1.3183525244591966e-06,0.0062283737024222,4.119851638934989e-06,0.0058823529411764,1.549064216239556e-05,0.0055363321799308,1.4103076130402255e-05,0.005190311418685,1.3348319310149366e-05,0.0069204152249136,1.3579031001929724e-05,0.0076124567474049,5.932586360066385e-06,0.0079584775086505,3.295881311147992e-07,0.0086505190311418,8.239703277869979e-07,0.0089965397923876,1.6479406555739957e-07,1,0,1,1,1
37,0,13:11:54,2,0.0065743944636678,2909.0,0.0067474048442905,0.0065743944636678,1.1535584589017972e-06,0.0062283737024222,4.119851638934989e-06,0.0058823529411764,1.549064216239556e-05,0.0055363321799308,1.4103076130402255e-05,0.005190311418685,1.3348319310149366e-05,0.0069204152249136,1.3579031001929724e-05,0.0076124567474049,5.932586360066385e-06,0.0079584775086505,3.295881311147992e-07,0.0086505190311418,8.239703277869979e-07,0.0089965397923876,1.6479406555739957e-07,1,0,1,1,1
38,0,13:11:57,2,0.0065743944636678,0.0,0.0067474048442905,0.0065743944636678,1.1535584589017972e-06,0.0062283737024222,4.119851638934989e-06,0.0058823529411764,1.549064216239556e-05,0.0055363321799308,1.4103076130402255e-05,0.005190311418685,1.3348319310149366e-05,0.0069204152249136,1.3579031001929724e-05,0.0076124567474049,5.932586360066385e-06,0.0079584775086505,3.295881311147992e-07,0.0086505190311418,8.239703277869979e-07,0.0089965397923876,1.6479406555739957e-07,1,0,1,1,1
39,0,13:12:00,2,0.0065743944636678,23273.0,0.006401384083045,0.0062283737024222,4.119851638934989e-06,0.0058823529411764,1.549064216239556e-05,0.0055363321799308,1.4103076130402255e-05,0.005190311418685,1.3348319310149366e-05,0.0044982698961939,5.602998228951586e-06,0.0065743944636678,8.239703277869979e-07,0.0069204152249136,1.3414236936372326e-05,0.0076124567474049,5.932586360066385e-06,0.0086505190311418,8.239703277869979e-07,0.0089965397923876,1.6479406555739957e-07,1,1,1,1,1
40,0,13:12:03,2,0.0065743944636678,2909.0,0.006401384083045,0.0062283737024222,4.119851638934989e-06,0.0058823529411764,1.549064216239556e-05,0.0055363321799308,1.4103076130402255e-05,0.005190311418685,1.3348319310149366e-05,0.0044982698961939,5.602998228951586e-06,0.0065743944636678,6.591762622295983e-07,0.0069204152249136,1.3414236936372326e-05,0.0076124567474049,5.932586360066385e-06,0.0086505190311418,8.239703277869979e-07,0.0089965397923876,1.6479406555739957e-07,1,1,1,1,1
41,0,13:12:06,2,0.0065743944636678,11636.0,0.0067474048442905,0.0065743944636678,6.591762622295983e-07,0.0062283737024222,4.119851638934989e-06,0.0058823529411764,1.549064216239556e-05,0.0055363321799308,1.4103076130402255e-05,0.005190311418685,1.3348319310149366e-05,0.0069204152249136,1.2919854739700128e-05,0.0076124567474049,5.932586360066385e-06,0.0086505190311418,8.239703277869979e-07,0.0089965397923876,1.6479406555739957e-07,0.009688581314879,3.95505757337759e-06,0,1,1,1,1
42,0,13:12:09,2,0.0065743944636678,0.0,0.0067474048442905,0.0065743944636678,1.4831465900165962e-06,0.0062283737024222,4.119851638934989e-06,0.0058823529411764,1.549064216239556e-05,0.0055363321799308,1.4103076130402255e-05,0.005190311418685,1.3348319310149366e-05,0.0069204152249136,1.2919854739700128e-05,0.0076124567474049,5.932586360066385e-06,0.0086505190311418,8.239703277869979e-07,0.0089965397923876,1.6479406555739957e-07,0.0093425605536332,3.295881311147992e-07,0,0,1,1,1
43,0,13:12:12,2,0.0065743944636678,0.0,0.0067474048442905,0.0065743944636678,1.4831465900165962e-06,0.0062283737024222,4.119851638934989e-06,0.0058823529411764,1.549064216239556e-05,0.0055363321799308,1.4103076130402255e-05,0.005190311418685,1.3348319310149366e-05,0.0069204152249136,1.2919854739700128e-05,0.0076124567474049,5.932586360066385e-06,0.0086505190311418,8.239703277869979e-07,0.0089965397923876,1.6479406555739957e-07,0.0093425605536332,3.295881311147992e-07,0,1,1,1,1
44,0,13:12:15,2,0.0065743944636678,0.0,0.0067474048442905,0.0065743944636678,1.4831465900165962e-06,0.0062283737024222,6.591762622295983e-06,0.0058823529411764,1.549064216239556e-05,0.0055363321799308,1.4103076130402255e-05,0.005190311418685,1.3348319310149366e-05,0.0069204152249136,1.2919854739700128e-05,0.0076124567474049,5.932586360066385e-06,0.0086505190311418,8.239703277869979e-07,0.0089965397923876,1.6479406555739957e-07,0.0093425605536332,3.295881311147992e-07,1,1,1,1,1
45,0,13:12:18,2,0.0065743944636678,0.0,0.0067474048442905,0.0065743944636678,2.801499114475793e-06,0.0062283737024222,6.756556687853383e-06,0.0058823529411764,1.549064216239556e-05,0.0055363321799308,1.4103076130402255e-05,0.005190311418685,1.3348319310149366e-05,0.0069204152249136,1.2919854739700128e-05,0.0076124567474049,5.932586360066385e-06,0.0086505190311418,8.239703277869979e-07,0.0089965397923876,1.6479406555739957e-07,0.0093425605536332,3.295881311147992e-07,1,1,1,1,1
46,0,13:12:21,2,0.0062283737024222,168681.0,0.0060553633217992,0.0058823529411764,1.549064216239556e-05,0.0055363321799308,1.4103076130402255e-05,0.005190311418685,1.3348319310149366e-05,0.0044982698961939,5.602998228951586e-06,0.0041522491349481,1.3677907441264164e-05,0.0062283737024222,3.625469442262791e-06,0.0069204152249136,1.2919854739700128e-05,0.0076124567474049,5.932586360066385e-06,0.0086505190311418,8.239703277869979e-07,0.0089965397923876,1.6479406555739957e-07,2,2,1,1,1
47,0,13:12:24,2,0.0058823529411764,8723.0,0.0060553633217992,0.0058823529411764,1.532584809683816e-05,0.0055363321799308,1.4103076130402255e-05,0.005190311418685,1.3348319310149366e-05,0.0044982698961939,5.602998228951586e-06,0.0041522491349481,1.3677907441264164e-05,0.0062283737024222,3.295881311147992e-06,0.0069204152249136,1.2919854739700128e-05,0.0076124567474049,5.932586360066385e-06,0.0086505190311418,8.239703277869979e-07,0.0089965397923876,1.6479406555739957e-07,1,2,1,1,1
48,0,13:12:27,2,0.0062283737024222,14540.0,0.0060553633217992,0.0058823529411764,1.565543622795296e-05,0.0055363321799308,1.4103076130402255e-05,0.005190311418685,1.3348319310149366e-05,0.0044982698961939,5.602998228951586e-06,0.0041522491349481,1.3677907441264164e-05,0.0062283737024222,2.4719109833609937e-06,0.0069204152249136,1.2919854739700128e-05,0.0076124567474049,5.932586360066385e-06,0.0086505190311418,8.239703277869979e-07,0.0089965397923876,1.6479406555739957e-07,2,2,1,1,1
49,0,13:12:30,2,0.0058823529411764,58157.0,0.006401384083045,0.0058823529411764,1.499625996572336e-05,0.0055363321799308,1.4103076130402255e-05,0.005190311418685,1.3348319310149366e-05,0.0044982698961939,5.602998228951586e-06,0.0041522491349481,1.3677907441264164e-05,0.0069204152249136,1.2919854739700128e-05,0.0076124567474049,5.932586360066385e-06,0.0086505190311418,8.239703277869979e-07,0.0089965397923876,1.6479406555739957e-07,0.0093425605536332,3.295881311147992e-07,1,1,1,1,1
50,0,13:12:33,2,0.0058823529411764,0.0,0.0065743944636678,0.0062283737024222,4.943821966721988e-07,0.0058823529411764,1.499625996572336e-05,0.0055363321799308,1.4103076130402255e-05,0.005190311418685,1.3348319310149366e-05,0.0044982698961939,5.602998228951586e-06,0.0069204152249136,1.2919854739700128e-05,0.0076124567474049,5.932586360066385e-06,0.0086505190311418,8.239703277869979e-07,0.0089965397923876,1.6479406555739957e-07,0.0093425605536332,3.295881311147992e-07,1,1,1,1,1
51,0,13:12:36,2,0.0058823529411764,0.0,0.0065743944636678,0.0062283737024222,3.295881311147992e-07,0.0058823529411764,1.499625996572336e-05,0.0055363321799308,1.4103076130402255e-05,0.005190311418685,1.3348319310149366e-05,0.0044982698961939,5.602998228951586e-06,0.0069204152249136,1.2919854739700128e-05,0.0076124567474049,5.932586360066385e-06,0.0086505190311418,8.239703277869979e-07,0.0089965397923876,1.6479406555739957e-07,0.0093425605536332,3.295881311147992e-07,1,1,1,1,1
52,0,13:12:39,2,0.0062283737024222,5816.0,0.0060553633217992,0.0058823529411764,1.499625996572336e-05,0.0055363321799308,1.4103076130402255e-05,0.005190311418685,1.3348319310149366e-05,0.0044982698961939,5.602998228951586e-06,0.0041522491349481,1.3677907441264164e-05,0.0062283737024222,1.6479406555739957e-07,0.0069204152249136,1.2919854739700128e-05,0.0076124567474049,5.932586360066385e-06,0.0086505190311418,8.239703277869979e-07,0.0089965397923876,1.6479406555739957e-07,2,2,1,1,1
53,0,13:12:42,2,0.0062283737024222,2908.0,0.0065743944636678,0.0062283737024222,2.9662931800331924e-06,0.0058823529411764,1.499625996572336e-05,0.0055363321799308,1.4103076130402255e-05,0.005190311418685,1.3348319310149366e-05,0.0044982698961939,5.602998228951586e-06,0.0069204152249136,1.2919854739700128e-05,0.0076124567474049,5.932586360066385e-06,0.0086505190311418,8.239703277869979e-07,0.0089965397923876,1.6479406555739957e-07,0.0093425605536332,3.295881311147992e-07,1,1,1,1,1
54,0,13:12:45,2,0.0069204152249136,5820.0,0.0065743944636678,0.0062283737024222,2.9662931800331924e-06,0.0058823529411764,1.499625996572336e-05,0.0055363321799308,1.4103076130402255e-05,0.005190311418685,1.3348319310149366e-05,0.0044982698961939,5.602998228951586e-06,0.0069204152249136,1.2590266608585328e-05,0.0076124567474049,5.932586360066385e-06,0.0086505190311418,8.239703277869979e-07,0.0089965397923876,1.6479406555739957e-07,0.0093425605536332,3.295881311147992e-07,1,1,1,1,1
55,0,13:12:48,2,0.0069204152249136,0.0,0.0065743944636678,0.0062283737024222,2.9662931800331924e-06,0.0058823529411764,1.499625996572336e-05,0.0055363321799308,1.4103076130402255e-05,0.005190311418685,1.3348319310149366e-05,0.0044982698961939,5.602998228951586e-06,0.0069204152249136,1.2590266608585328e-05,0.0076124567474049,5.932586360066385e-06,0.0086505190311418,8.239703277869979e-07,0.0089965397923876,1.6479406555739957e-07,0.0093425605536332,3.295881311147992e-07,1,1,1,1,1
56,0,13:12:51,2,0.0069204152249136,0.0,0.0065743944636678,0.0062283737024222,2.9662931800331924e-06,0.0058823529411764,1.499625996572336e-05,0.0055363321799308,1.4103076130402255e-05,0.005190311418685,1.3348319310149366e-05,0.0044982698961939,5.602998228951586e-06,0.0069204152249136,1.2590266608585328e-05,0.0076124567474049,5.932586360066385e-06,0.0086505190311418,8.239703277869979e-07,0.0089965397923876,1.6479406555739957e-07,0.0093425605536332,3.295881311147992e-07,1,1,1,1,1
57,0,13:12:54,2,0.0069204152249136,0.0,0.0065743944636678,0.0062283737024222,2.9662931800331924e-06,0.0058823529411764,1.499625996572336e-05,0.0055363321799308,1.4103076130402255e-05,0.005190311418685,1.3348319310149366e-05,0.0044982698961939,5.602998228951586e-06,0.0069204152249136,1.2590266608585328e-05,0.0076124567474049,5.932586360066385e-06,0.0086505190311418,8.239703277869979e-07,0.0089965397923876,1.6479406555739957e-07,0.0093425605536332,3.295881311147992e-07,1,1,1,1,1
58,0,13:12:57,2,0.0069204152249136,0.0,0.0065743944636678,0.0062283737024222,2.9662931800331924e-06,0.0058823529411764,1.499625996572336e-05,0.0055363321799308,1.4103076130402255e-05,0.005190311418685,1.3348319310149366e-05,0.0044982698961939,5.602998228951586e-06,0.0069204152249136,1.2590266608585328e-05,0.0076124567474049,5.932586360066385e-06,0.0086505190311418,8.239703277869979e-07,0.0089965397923876,1.6479406555739957e-07,0.0093425605536332,3.295881311147992e-07,1,1,1,1,1
59,0,13:13:00,2,0.0062283737024222,2908.0,0.0065743944636678,0.0062283737024222,2.9662931800331924e-06,0.0058823529411764,1.499625996572336e-05,0.0055363321799308,1.4103076130402255e-05,0.005190311418685,1.3348319310149366e-05,0.0044982698961939,5.602998228951586e-06,0.0069204152249136,1.2590266608585328e-05,0.0076124567474049,5.932586360066385e-06,0.0086505190311418,8.239703277869979e-07,0.0089965397923876,1.6479406555739957e-07,0.0093425605536332,3.295881311147992e-07,1,1,1,1,1
60,0,13:13:03,2,0.0062283737024222,0.0,0.0065743944636678,0.0062283737024222,3.295881311147992e-06,0.0058823529411764,1.499625996572336e-05,0.0055363321799308,1.5091840523746654e-05,0.005190311418685,1.3348319310149366e-05,0.0044982698961939,5.602998228951586e-06,0.0069204152249136,1.588614791973332e-05,0.0076124567474049,5.932586360066385e-06,0.0086505190311418,8.239703277869979e-07,0.0089965397923876,1.6479406555739957e-07,0.0093425605536332,3.295881311147992e-07,1,1,1,1,1
61,0,13:13:06,2,0.0062283737024222,0.0,0.0065743944636678,0.0062283737024222,4.9438219667219874e-06,0.0058823529411764,1.499625996572336e-05,0.0055363321799308,1.5091840523746654e-05,0.005190311418685,1.3348319310149366e-05,0.0044982698961939,5.602998228951586e-06,0.0069204152249136,1.588614791973332e-05,0.0076124567474049,5.932586360066385e-06,0.0086505190311418,8.239703277869979e-07,0.0089965397923876,1.6479406555739957e-07,0.0093425605536332,3.295881311147992e-07,1,1,1,1,1
62,0,13:13:09,2,0.0062283737024222,0.0,0.0065743944636678,0.0062283737024222,5.108616032279387e-06,0.0058823529411764,1.499625996572336e-05,0.0055363321799308,1.5091840523746654e-05,0.005190311418685,1.3348319310149366e-05,0.0044982698961939,5.602998228951586e-06,0.0069204152249136,1.588614791973332e-05,0.0076124567474049,5.932586360066385e-06,0.0086505190311418,8.239703277869979e-07,0.0089965397923876,1.6479406555739957e-07,0.0093425605536332,3.295881311147992e-07,1,1,1,1,1
63,0,13:13:12,2,0.0069204152249136,2910.0,0.0067474048442905,0.0065743944636678,3.295881311147992e-07,0.0062283737024222,5.108616032279387e-06,0.0058823529411764,1.499625996572336e-05,0.0055363321799308,1.5091840523746654e-05,0.005190311418685,1.3348319310149366e-05,0.0069204152249136,1.5721353854175918e-05,0.0076124567474049,5.932586360066385e-06,0.0086505190311418,8.239703277869979e-07,0.0089965397923876,1.6479406555739957e-07,0.0093425605536332,3.295881311147992e-07,1,1,1,1,1
64,0,13:13:15,2,0.0069204152249136,0.0,0.0067474048442905,0.0065743944636678,3.295881311147992e-07,0.0062283737024222,5.602998228951586e-06,0.0058823529411764,1.499625996572336e-05,0.0055363321799308,1.5091840523746654e-05,0.005190311418685,1.3348319310149366e-05,0.0069204152249136,1.5721353854175918e-05,0.0076124567474049,5.932586360066385e-06,0.0086505190311418,8.239703277869979e-07,0.0089965397923876,1.6479406555739957e-07,0.0093425605536332,3.295881311147992e-07,1,1,1,1,1
65,0,13:13:18,2,0.0069204152249136,20370.0,0.0067474048442905,0.0065743944636678,3.295881311147992e-07,0.0062283737024222,5.602998228951586e-06,0.0058823529411764,1.499625996572336e-05,0.0055363321799308,1.5091840523746654e-05,0.005190311418685,1.3348319310149366e-05,0.0069204152249136,1.4567795395274124e-05,0.0076124567474049,5.932586360066385e-06,0.0086505190311418,8.239703277869979e-07,0.0089965397923876,1.6479406555739957e-07,0.0093425605536332,3.295881311147992e-07,1,1,1,1,1
66,0,13:13:21,2,0.0069204152249136,0.0,0.0067474048442905,0.0065743944636678,3.295881311147992e-07,0.0062283737024222,5.602998228951586e-06,0.0058823529411764,1.499625996572336e-05,0.0055363321799308,1.5091840523746654e-05,0.005190311418685,1.3348319310149366e-05,0.0069204152249136,1.4567795395274124e-05,0.0076124567474049,1.6479406555739958e-06,0.0086505190311418,8.239703277869979e-07,0.0089965397923876,1.6479406555739957e-07,0.0093425605536332,3.295881311147992e-07,1,1,1,1,1
67,0,13:13:24,2,0.0069204152249136,5820.0,0.0067474048442905,0.0065743944636678,3.295881311147992e-07,0.0062283737024222,5.602998228951586e-06,0.0058823529411764,1.499625996572336e-05,0.0055363321799308,1.5091840523746654e-05,0.005190311418685,1.3348319310149366e-05,0.0069204152249136,1.4238207264159325e-05,0.0076124567474049,1.6479406555739958e-06,0.0086505190311418,8.239703277869979e-07,0.0089965397923876,1.6479406555739957e-07,0.0093425605536332,3.295881311147992e-07,1,1,1,1,1
68,0,13:13:27,2,0.0069204152249136,0.0,0.0067474048442905,0.0065743944636678,3.295881311147992e-07,0.0062283737024222,5.602998228951586e-06,0.0058823529411764,1.499625996572336e-05,0.0055363321799308,1.5091840523746654e-05,0.005190311418685,1.3348319310149366e-05,0.0069204152249136,1.4238207264159325e-05,0.0076124567474049,1.6479406555739958e-06,0.0086505190311418,8.239703277869979e-07,0.0089965397923876,1.6479406555739957e-07,0.0093425605536332,3.295881311147992e-07,1,1,1,1,1
69,0,13:13:30,2,0.0069204152249136,5820.0,0.0067474048442905,0.0065743944636678,3.295881311147992e-07,0.0062283737024222,5.108616032279387e-06,0.0058823529411764,1.4666671834608563e-05,0.0055363321799308,1.5091840523746654e-05,0.005190311418685,1.3348319310149366e-05,0.0069204152249136,1.4238207264159325e-05,0.0076124567474049,1.6479406555739958e-06,0.0086505190311418,8.239703277869979e-07,0.0089965397923876,1.6479406555739957e-07,0.0093425605536332,3.295881311147992e-07,1,1,1,1,1
70,0,13:13:33,2,0.0065743944636678,5818.0,0.006401384083045,0.0062283737024222,5.108616032279387e-06,0.0058823529411764,1.4666671834608563e-05,0.0055363321799308,1.5091840523746654e-05,0.005190311418685,1.3348319310149366e-05,0.0044982698961939,5.602998228951586e-06,0.0065743944636678,4.119851638934989e-06,0.0069204152249136,1.4238207264159325e-05,0.0076124567474049,1.6479406555739958e-06,0.0086505190311418,8.239703277869979e-07,0.0089965397923876,1.6479406555739957e-07,1,1,1,1,1
71,0,13:13:36,2,0.0065743944636678,0.0,0.006401384083045,0.0062283737024222,5.108616032279387e-06,0.0058823529411764,1.4666671834608563e-05,0.0055363321799308,1.5091840523746654e-05,0.005190311418685,1.3348319310149366e-05,0.0044982698961939,5.602998228951586e-06,0.0065743944636678,4.119851638934989e-06,0.0069204152249136,1.4238207264159325e-05,0.0076124567474049,1.6479406555739958e-06,0.0086505190311418,8.239703277869979e-07,0.0089965397923876,1.6479406555739957e-07,1,1,1,1,1
72,0,13:13:39,2,0.0065743944636678,0.0,0.006401384083045,0.0062283737024222,5.108616032279387e-06,0.0058823529411764,1.4666671834608563e-05,0.0055363321799308,1.5091840523746654e-05,0.005190311418685,1.3348319310149366e-05,0.0044982698961939,5.602998228951586e-06,0.0065743944636678,4.119851638934989e-06,0.0069204152249136,1.4238207264159325e-05,0.0076124567474049,1.6479406555739958e-06,0.0086505190311418,8.239703277869979e-07,0.0089965397923876,1.6479406555739957e-07,1,1,1,1,1
73,0,13:13:42,2,0.0065743944636678,58180.0,0.006401384083045,0.0062283737024222,5.602998228951586e-06,0.0058823529411764,1.4666671834608563e-05,0.0055363321799308,1.5091840523746654e-05,0.005190311418685,1.3348319310149366e-05,0.0044982698961939,5.602998228951586e-06,0.0065743944636678,1.3183525244591966e-06,0.0069204152249136,1.4238207264159325e-05,0.0076124567474049,1.6479406555739958e-06,0.0086505190311418,8.239703277869979e-07,0.0089965397923876,1.6479406555739957e-07,1,1,1,1,1
74,0,13:13:45,2,0.0065743944636678,0.0,0.006401384083045,0.0062283737024222,5.602998228951586e-06,0.0058823529411764,1.4666671834608563e-05,0.0055363321799308,1.575101678597625e-05,0.005190311418685,1.3348319310149366e-05,0.0044982698961939,5.602998228951586e-06,0.0065743944636678,1.3183525244591966e-06,0.0069204152249136,1.4238207264159325e-05,0.0076124567474049,1.6479406555739958e-06,0.0086505190311418,8.239703277869979e-07,0.0089965397923876,1.6479406555739957e-07,1,1,1,1,1
75,0,13:13:48,2,0.0065743944636678,0.0,0.006401384083045,0.0062283737024222,6.426968556738583e-06,0.0058823529411764,1.4666671834608563e-05,0.0055363321799308,1.575101678597625e-05,0.005190311418685,1.3348319310149366e-05,0.0044982698961939,5.602998228951586e-06,0.0065743944636678,1.3183525244591966e-06,0.0069204152249136,1.4238207264159325e-05,0.0076124567474049,1.6479406555739958e-06,0.0086505190311418,8.239703277869979e-07,0.0089965397923876,1.6479406555739957e-07,1,1,1,1,1
76,0,13:13:51,2,0.0065743944636678,40726.0,0.006401384083045,0.0062283737024222,6.426968556738583e-06,0.0058823529411764,1.4666671834608563e-05,0.0055363321799308,1.575101678597625e-05,0.005190311418685,1.3348319310149366e-05,0.0044982698961939,5.602998228951586e-06,0.0065743944636678,3.295881311147992e-07,0.0069204152249136,1.4238207264159325e-05,0.0076124567474049,1.6479406555739958e-06,0.0086505190311418,8.239703277869979e-07,0.0089965397923876,1.6479406555739957e-07,1,1,1,1,1
77,0,13:13:54,2,0.0065743944636678,0.0,0.006401384083045,0.0062283737024222,6.426968556738583e-06,0.0058823529411764,1.4666671834608563e-05,0.0055363321799308,1.575101678597625e-05,0.005190311418685,1.3348319310149366e-05,0.0044982698961939,5.602998228951586e-06,0.0065743944636678,3.295881311147992e-07,0.0069204152249136,1.4238207264159325e-05,0.0076124567474049,1.6479406555739958e-06,0.0086505190311418,8.239703277869979e-07,0.0089965397923876,1.6479406555739957e-07,1,1,1,1,1
78,0,13:13:57,2,0.0065743944636678,5818.0,0.0067474048442905,0.0065743944636678,2.9662931800331924e-06,0.0062283737024222,4.119851638934989e-06,0.0058823529411764,1.4666671834608563e-05,0.0055363321799308,1.575101678597625e-05,0.005190311418685,1.3348319310149366e-05,0.0069204152249136,1.4238207264159325e-05,0.0076124567474049,1.6479406555739958e-06,0.0086505190311418,8.239703277869979e-07,0.0089965397923876,1.6479406555739957e-07,0.0093425605536332,3.295881311147992e-07,1,1,1,1,0
79,0,13:14:00,2,0.0069204152249136,5820.0,0.0067474048442905,0.0065743944636678,3.131087245590592e-06,0.0062283737024222,4.119851638934989e-06,0.0058823529411764,1.4666671834608563e-05,0.0055363321799308,1.575101678597625e-05,0.005190311418685,1.3348319310149366e-05,0.0069204152249136,1.3908619133044523e-05,0.0076124567474049,1.6479406555739958e-06,0.0086505190311418,8.239703277869979e-07,0.0089965397923876,1.6479406555739957e-07,0.0093425605536332,3.295881311147992e-07,1,1,1,1,0
80,0,13:14:03,2,0.0069204152249136,0.0,0.0067474048442905,0.0065743944636678,3.131087245590592e-06,0.0062283737024222,4.119851638934989e-06,0.0058823529411764,1.4666671834608563e-05,0.0055363321799308,1.575101678597625e-05,0.005190311418685,1.3348319310149366e-05,0.0069204152249136,1.3908619133044523e-05,0.0076124567474049,1.6479406555739958e-06,0.0086505190311418,8.239703277869979e-07,0.0089965397923876,1.6479406555739957e-07,0.0093425605536332,3.295881311147992e-07,1,1,1,1,0
81,0,13:14:06,2,0.0065743944636678,78551.0,0.006401384083045,0.0062283737024222,4.119851638934989e-06,0.0058823529411764,1.4666671834608563e-05,0.0055363321799308,1.575101678597625e-05,0.005190311418685,1.3348319310149366e-05,0.0044982698961939,5.602998228951586e-06,0.0065743944636678,1.8127347211313956e-06,0.0069204152249136,1.2590266608585328e-05,0.0076124567474049,1.6479406555739958e-06,0.0086505190311418,8.239703277869979e-07,0.0089965397923876,1.6479406555739957e-07,1,1,1,1,1
82,0,13:14:09,2,0.0065743944636678,8727.0,0.006401384083045,0.0062283737024222,3.95505757337759e-06,0.0058823529411764,1.4666671834608563e-05,0.0055363321799308,1.575101678597625e-05,0.005190311418685,1.3348319310149366e-05,0.0044982698961939,5.602998228951586e-06,0.0065743944636678,1.3183525244591966e-06,0.0069204152249136,1.2590266608585328e-05,0.0076124567474049,1.6479406555739958e-06,0.0086505190311418,8.239703277869979e-07,0.0089965397923876,1.6479406555739957e-07,1,1,1,1,1
83,0,13:14:12,2,0.0065743944636678,2909.0,0.006401384083045,0.0062283737024222,3.95505757337759e-06,0.0058823529411764,1.4666671834608563e-05,0.0055363321799308,1.575101678597625e-05,0.005190311418685,1.3348319310149366e-05,0.0044982698961939,5.602998228951586e-06,0.0065743944636678,1.1535584589017972e-06,0.0069204152249136,1.2590266608585328e-05,0.0076124567474049,1.6479406555739958e-06,0.0086505190311418,8.239703277869979e-07,0.0089965397923876,1.6479406555739957e-07,1,1,1,1,1
84,0,13:14:15,2,0.0065743944636678,2909.0,0.006401384083045,0.0062283737024222,3.95505757337759e-06,0.0058823529411764,1.4666671834608563e-05,0.0055363321799308,1.575101678597625e-05,0.005190311418685,1.3348319310149366e-05,0.0044982698961939,5.602998228951586e-06,0.0065743944636678,9.887643933443975e-07,0.0069204152249136,1.2590266608585328e-05,0.0076124567474049,1.6479406555739958e-06,0.0086505190311418,8.239703277869979e-07,0.0089965397923876,1.6479406555739957e-07,1,1,1,1,1
85,0,13:14:18,2,0.0062283737024222,8724.0,0.006401384083045,0.0062283737024222,3.460675376705391e-06,0.0058823529411764,1.483146590016596e-05,0.0055363321799308,1.575101678597625e-05,0.005190311418685,1.3348319310149366e-05,0.0044982698961939,5.602998228951586e-06,0.0065743944636678,9.887643933443975e-07,0.0069204152249136,1.2590266608585328e-05,0.0076124567474049,1.6479406555739958e-06,0.0086505190311418,8.239703277869979e-07,0.0089965397923876,1.6479406555739957e-07,1,1,1,1,1
86,0,13:14:21,2,0.0065743944636678,2909.0,0.006401384083045,0.0062283737024222,3.460675376705391e-06,0.0058823529411764,1.483146590016596e-05,0.0055363321799308,1.575101678597625e-05,0.005190311418685,1.3348319310149366e-05,0.0044982698961939,5.602998228951586e-06,0.0065743944636678,8.239703277869979e-07,0.0069204152249136,1.2590266608585328e-05,0.0076124567474049,1.6479406555739958e-06,0.0086505190311418,8.239703277869979e-07,0.0089965397923876,1.6479406555739957e-07,1,1,1,1,1
87,0,13:14:24,2,0.0062283737024222,11632.0,0.006401384083045,0.0062283737024222,2.9662931800331924e-06,0.0058823529411764,1.483146590016596e-05,0.0055363321799308,1.575101678597625e-05,0.005190311418685,1.3348319310149366e-05,0.0044982698961939,5.602998228951586e-06,0.0065743944636678,8.239703277869979e-07,0.0069204152249136,1.2590266608585328e-05,0.0076124567474049,1.6479406555739958e-06,0.0086505190311418,8.239703277869979e-07,0.0089965397923876,1.6479406555739957e-07,1,1,1,1,1
88,0,13:14:27,2,0.0062283737024222,0.0,0.006401384083045,0.0062283737024222,2.9662931800331924e-06,0.0058823529411764,1.483146590016596e-05,0.0055363321799308,1.575101678597625e-05,0.005190311418685,1.3348319310149366e-05,0.0044982698961939,5.602998228951586e-06,0.0065743944636678,8.239703277869979e-07,0.0069204152249136,1.2590266608585328e-05,0.0076124567474049,1.6479406555739958e-06,0.0086505190311418,8.239703277869979e-07,0.0089965397923876,1.6479406555739957e-07,1,1,1,1,1
89,0,13:14:30,2,0.0062283737024222,0.0,0.006401384083045,0.0062283737024222,2.9662931800331924e-06,0.0058823529411764,1.483146590016596e-05,0.0055363321799308,1.575101678597625e-05,0.005190311418685,1.3348319310149366e-05,0.0044982698961939,5.602998228951586e-06,0.0065743944636678,8.239703277869979e-07,0.0069204152249136,1.4732589460831524e-05,0.0076124567474049,1.6479406555739958e-06,0.0086505190311418,8.239703277869979e-07,0.0089965397923876,1.6479406555739957e-07,1,1,1,1,1
90,0,13:14:33,2,0.0065743944636678,14545.0,0.0067474048442905,0.0065743944636678,1.0711614261230972e-05,0.0062283737024222,2.9662931800331924e-06,0.0058823529411764,1.483146590016596e-05,0.0055363321799308,1.575101678597625e-05,0.005190311418685,1.3348319310149366e-05,0.0069204152249136,1.4732589460831524e-05,0.0076124567474049,1.6479406555739958e-06,0.0086505190311418,8.239703277869979e-07,0.0089965397923876,1.6479406555739957e-07,0.0093425605536332,3.295881311147992e-07,1,1,1,1,0
91,0,13:14:36,2,0.0065743944636678,0.0,0.0067474048442905,0.0065743944636678,1.0711614261230972e-05,0.0062283737024222,2.9662931800331924e-06,0.0058823529411764,1.483146590016596e-05,0.0055363321799308,1.575101678597625e-05,0.005190311418685,1.3348319310149366e-05,0.0069204152249136,1.4732589460831524e-05,0.0076124567474049,1.6479406555739958e-06,0.0086505190311418,8.239703277869979e-07,0.0089965397923876,1.6479406555739957e-07,0.0093425605536332,3.295881311147992e-07,1,1,1,1,0
92,0,13:14:39,2,0.0065743944636678,0.0,0.0067474048442905,0.0065743944636678,1.0876408326788372e-05,0.0062283737024222,2.9662931800331924e-06,0.0058823529411764,1.483146590016596e-05,0.0055363321799308,1.575101678597625e-05,0.005190311418685,1.3348319310149366e-05,0.0069204152249136,1.4732589460831524e-05,0.0076124567474049,1.6479406555739958e-06,0.0086505190311418,8.239703277869979e-07,0.0089965397923876,1.6479406555739957e-07,0.0093425605536332,3.295881311147992e-07,1,1,1,1,0
93,0,13:14:42,2,0.0065743944636678,17457.0,0.0067474048442905,0.0065743944636678,1.0382026130116173e-05,0.0062283737024222,2.4719109833609937e-06,0.0058823529411764,1.483146590016596e-05,0.0055363321799308,1.5586222720418852e-05,0.005190311418685,1.3348319310149366e-05,0.0069204152249136,1.4238207264159325e-05,0.0076124567474049,1.6479406555739958e-06,0.0086505190311418,8.239703277869979e-07,0.0089965397923876,1.6479406555739957e-07,0.0093425605536332,3.295881311147992e-07,1,1,1,1,1
94,0,13:14:45,2,0.0069204152249136,5820.0,0.0067474048442905,0.0065743944636678,1.0382026130116173e-05,0.0062283737024222,1.0711614261230972e-05,0.0058823529411764,1.483146590016596e-05,0.0055363321799308,1.5586222720418852e-05,0.005190311418685,1.3348319310149366e-05,0.0069204152249136,1.3908619133044523e-05,0.0076124567474049,1.6479406555739958e-06,0.0086505190311418,8.239703277869979e-07,0.0089965397923876,1.6479406555739957e-07,0.0093425605536332,3.295881311147992e-07,1,1,1,1,1
95,0,13:14:48,2,0.0065743944636678,5818.0,0.0067474048442905,0.0065743944636678,1.0217232064558776e-05,0.0062283737024222,1.0711614261230972e-05,0.0058823529411764,1.483146590016596e-05,0.0055363321799308,1.5586222720418852e-05,0.005190311418685,1.3348319310149366e-05,0.0069204152249136,1.3908619133044523e-05,0.0076124567474049,1.6479406555739958e-06,0.0086505190311418,8.239703277869979e-07,0.0089965397923876,1.6479406555739957e-07,0.0093425605536332,3.295881311147992e-07,1,1,1,1,0
96,0,13:14:51,2,0.0065743944636678,46544.0,0.0067474048442905,0.0065743944636678,7.91011514675518e-06,0.0062283737024222,1.0711614261230972e-05,0.0058823529411764,1.483146590016596e-05,0.0055363321799308,1.5586222720418852e-05,0.005190311418685,1.3348319310149366e-05,0.0069204152249136,1.3908619133044523e-05,0.0076124567474049,1.6479406555739958e-06,0.0086505190311418,8.239703277869979e-07,0.0089965397923876,1.6479406555739957e-07,0.0093425605536332,3.295881311147992e-07,1,1,1,1,0
97,0,13:14:54,2,0.0065743944636678,0.0,0.0067474048442905,0.0065743944636678,7.91011514675518e-06,0.0062283737024222,1.0711614261230972e-05,0.0058823529411764,1.483146590016596e-05,0.0055363321799308,1.5586222720418852e-05,0.005190311418685,1.3348319310149366e-05,0.0069204152249136,1.3908619133044523e-05,0.0076124567474049,1.6479406555739958e-06,0.0086505190311418,8.239703277869979e-07,0.0089965397923876,1.6479406555739957e-07,0.0093425605536332,3.295881311147992e-07,1,1,1,0,0
98,0,13:14:57,2,0.0065743944636678,84369.0,0.0067474048442905,0.0065743944636678,4.449439770049789e-06,0.0062283737024222,1.0711614261230972e-05,0.0058823529411764,1.483146590016596e-05,0.0055363321799308,1.5586222720418852e-05,0.005190311418685,1.3348319310149366e-05,0.0069204152249136,1.2590266608585328e-05,0.0076124567474049,1.6479406555739958e-06,0.0086505190311418,8.239703277869979e-07,0.0089965397923876,4.943821966721988e-07,0.0093425605536332,3.295881311147992e-07,1,1,1,0,0
99,0,13:15:00,2,0.0069204152249136,23280.0,0.0067474048442905,0.0065743944636678,4.449439770049789e-06,0.0062283737024222,1.0711614261230972e-05,0.0058823529411764,1.483146590016596e-05,0.0055363321799308,1.5586222720418852e-05,0.005190311418685,1.3348319310149366e-05,0.0069204152249136,1.1271914084126133e-05,0.0076124567474049,1.6479406555739958e-06,0.0086505190311418,8.239703277869979e-07,0.0089965397923876,4.943821966721988e-07,0.0093425605536332,3.295881311147992e-07,1,1,1,0,0
100,0,13:15:03,2,0.0065743944636678,8727.0,0.0067474048442905,0.0065743944636678,3.95505757337759e-06,0.0062283737024222,1.0711614261230972e-05,0.0058823529411764,1.483146590016596e-05,0.0055363321799308,1.5586222720418852e-05,0.005190311418685,1.3348319310149366e-05,0.0069204152249136,1.1271914084126133e-05,0.0076124567474049,1.6479406555739958e-06,0.0086505190311418,8.239703277869979e-07,0.0089965397923876,4.943821966721988e-07,0.0093425605536332,3.295881311147992e-07,1,1,1,0,0
101,0,13:15:06,2,0.0065743944636678,8727.0,0.0067474048442905,0.0065743944636678,3.460675376705391e-06,0.0062283737024222,1.0711614261230972e-05,0.0058823529411764,1.483146590016596e-05,0.0055363321799308,1.5586222720418852e-05,0.005190311418685,1.3348319310149366e-05,0.0069204152249136,1.1271914084126133e-05,0.0076124567474049,1.6479406555739958e-06,0.0086505190311418,8.239703277869979e-07,0.0089965397923876,4.943821966721988e-07,0.0093425605536332,3.295881311147992e-07,1,1,1,0,0
102,0,13:15:09,2,0.0065743944636678,0.0,0.0067474048442905,0.0065743944636678,3.460675376705391e-06,0.0062283737024222,1.0711614261230972e-05,0.0058823529411764,1.483146590016596e-05,0.0055363321799308,1.5586222720418852e-05,0.005190311418685,1.3348319310149366e-05,0.0069204152249136,1.1271914084126133e-05,0.0076124567474049,1.6479406555739958e-06,0.0086505190311418,8.239703277869979e-07,0.0089965397923876,4.943821966721988e-07,0.0093425605536332,3.295881311147992e-07,1,1,1,0,0
103,0,13:15:12,2,0.0065743944636678,0.0,0.0067474048442905,0.0065743944636678,3.460675376705391e-06,0.0062283737024222,1.0711614261230972e-05,0.0058823529411764,1.483146590016596e-05,0.0055363321799308,1.5586222720418852e-05,0.005190311418685,1.3348319310149366e-05,0.0069204152249136,1.1271914084126133e-05,0.0076124567474049,1.6479406555739958e-06,0.0086505190311418,8.239703277869979e-07,0.0089965397923876,4.943821966721988e-07,0.0093425605536332,3.295881311147992e-07,1,1,1,0,0
104,0,13:15:15,2,0.0069204152249136,5820.0,0.0067474048442905,0.0065743944636678,3.460675376705391e-06,0.0062283737024222,1.0711614261230972e-05,0.0058823529411764,1.483146590016596e-05,0.0055363321799308,1.5586222720418852e-05,0.005190311418685,1.3348319310149366e-05,0.0069204152249136,1.1271914084126133e-05,0.0076124567474049,1.6479406555739958e-06,0.0086505190311418,8.239703277869979e-07,0.0089965397923876,4.943821966721988e-07,0.0093425605536332,3.295881311147992e-07,1,1,1,0,0
105,0,13:15:18,2,0.0069204152249136,0.0,0.0067474048442905,0.0065743944636678,3.460675376705391e-06,0.0062283737024222,1.0711614261230972e-05,0.0058823529411764,1.483146590016596e-05,0.0055363321799308,1.5586222720418852e-05,0.005190311418685,1.3348319310149366e-05,0.0069204152249136,1.1271914084126133e-05,0.0076124567474049,1.6479406555739958e-06,0.0086505190311418,8.239703277869979e-07,0.0089965397923876,4.943821966721988e-07,0.0093425605536332,3.295881311147992e-07,1,1,1,0,0
106,0,13:15:21,2,0.0069204152249136,0.0,0.0067474048442905,0.0065743944636678,4.284645704492389e-06,0.0062283737024222,1.0711614261230972e-05,0.0058823529411764,1.483146590016596e-05,0.0055363321799308,1.5586222720418852e-05,0.005190311418685,1.3348319310149366e-05,0.0069204152249136,1.1271914084126133e-05,0.0076124567474049,1.6479406555739958e-06,0.0086505190311418,8.239703277869979e-07,0.0089965397923876,4.943821966721988e-07,0.0093425605536332,3.295881311147992e-07,1,1,1,0,0
107,0,13:15:24,2,0.0069204152249136,0.0,0.0067474048442905,0.0065743944636678,4.284645704492389e-06,0.0062283737024222,1.0711614261230972e-05,0.0058823529411764,1.483146590016596e-05,0.0055363321799308,1.5586222720418852e-05,0.005190311418685,1.3348319310149366e-05,0.0069204152249136,1.1271914084126133e-05,0.0076124567474049,1.6479406555739958e-06,0.0086505190311418,8.239703277869979e-07,0.0089965397923876,4.943821966721988e-07,0.0093425605536332,3.295881311147992e-07,1,1,1,0,0
108,0,13:15:27,2,0.0069204152249136,32001.0,0.0067474048442905,0.0065743944636678,2.801499114475793e-06,0.0062283737024222,1.0711614261230972e-05,0.0058823529411764,1.483146590016596e-05,0.0055363321799308,1.5586222720418852e-05,0.005190311418685,1.3348319310149366e-05,0.0069204152249136,1.0942325953011331e-05,0.0076124567474049,1.6479406555739958e-06,0.0086505190311418,8.239703277869979e-07,0.0089965397923876,4.943821966721988e-07,0.0093425605536332,3.295881311147992e-07,1,1,1,0,0
109,0,13:15:30,2,0.0069204152249136,0.0,0.0067474048442905,0.0065743944636678,2.801499114475793e-06,0.0062283737024222,1.0711614261230972e-05,0.0058823529411764,1.483146590016596e-05,0.0055363321799308,1.5586222720418852e-05,0.005190311418685,1.3348319310149366e-05,0.0069204152249136,1.0942325953011331e-05,0.0076124567474049,1.6479406555739958e-06,0.0086505190311418,8.239703277869979e-07,0.0089965397923876,4.943821966721988e-07,0.0093425605536332,3.295881311147992e-07,1,1,1,0,0
110,0,13:15:33,2,0.0069204152249136,0.0,0.0067474048442905,0.0065743944636678,2.9662931800331924e-06,0.0062283737024222,1.0711614261230972e-05,0.0058823529411764,1.483146590016596e-05,0.0055363321799308,1.5586222720418852e-05,0.005190311418685,1.3348319310149366e-05,0.0069204152249136,1.0942325953011331e-05,0.0076124567474049,1.6479406555739958e-06,0.0086505190311418,8.239703277869979e-07,0.0089965397923876,4.943821966721988e-07,0.0093425605536332,3.295881311147992e-07,1,1,1,0,0
111,0,13:15:36,2,0.0069204152249136,0.0,0.0067474048442905,0.0065743944636678,6.262174491181184e-06,0.0062283737024222,1.0711614261230972e-05,0.0058823529411764,1.483146590016596e-05,0.0055363321799308,1.5586222720418852e-05,0.005190311418685,1.3348319310149366e-05,0.0069204152249136,1.1436708149683533e-05,0.0076124567474049,1.6479406555739958e-06,0.0086505190311418,8.239703277869979e-07,0.0089965397923876,4.943821966721988e-07,0.0093425605536332,3.295881311147992e-07,1,1,1,0,0
112,0,13:15:39,2,0.0069204152249136,0.0,0.0067474048442905,0.0065743944636678,6.262174491181184e-06,0.0062283737024222,1.0711614261230972e-05,0.0058823529411764,1.483146590016596e-05,0.0055363321799308,1.5586222720418852e-05,0.005190311418685,1.3348319310149366e-05,0.0069204152249136,1.1436708149683533e-05,0.0076124567474049,1.6479406555739958e-06,0.0086505190311418,8.239703277869979e-07,0.0089965397923876,4.943821966721988e-07,0.0093425605536332,3.295881311147992e-07,1,1,1,0,0
113,0,13:15:42,2,0.0065743944636678,5818.0,0.0067474048442905,0.0065743944636678,5.932586360066385e-06,0.0062283737024222,1.0711614261230972e-05,0.0058823529411764,1.483146590016596e-05,0.0055363321799308,1.5586222720418852e-05,0.005190311418685,1.3348319310149366e-05,0.0069204152249136,1.1436708149683533e-05,0.0076124567474049,1.6479406555739958e-06,0.0086505190311418,8.239703277869979e-07,0.0089965397923876,1.6479406555739957e-07,0.0093425605536332,3.295881311147992e-07,1,1,1,1,0
114,0,13:15:45,2,0.0065743944636678,0.0,0.0067474048442905,0.0065743944636678,6.426968556738583e-06,0.0062283737024222,1.0711614261230972e-05,0.0058823529411764,1.483146590016596e-05,0.0055363321799308,1.5586222720418852e-05,0.005190311418685,1.3348319310149366e-05,0.0069204152249136,1.1436708149683533e-05,0.0076124567474049,1.6479406555739958e-06,0.0086505190311418,8.239703277869979e-07,0.0089965397923876,1.6479406555739957e-07,0.0093425605536332,3.295881311147992e-07,1,1,1,1,0
115,0,13:15:48,2,0.0069204152249136,52365.0,0.0067474048442905,0.0065743944636678,3.95505757337759e-06,0.0062283737024222,1.0711614261230972e-05,0.0058823529411764,1.483146590016596e-05,0.0055363321799308,1.5586222720418852e-05,0.005190311418685,1.3348319310149366e-05,0.0069204152249136,1.0942325953011331e-05,0.0076124567474049,1.6479406555739958e-06,0.0086505190311418,8.239703277869979e-07,0.0089965397923876,1.6479406555739957e-07,0.0093425605536332,3.295881311147992e-07,1,1,1,0,0
116,0,13:15:51,2,0.0065743944636678,20363.0,0.0067474048442905,0.0065743944636678,2.801499114475793e-06,0.0062283737024222,1.0711614261230972e-05,0.0058823529411764,1.483146590016596e-05,0.0055363321799308,1.5586222720418852e-05,0.005190311418685,1.3348319310149366e-05,0.0069204152249136,1.0942325953011331e-05,0.0076124567474049,1.6479406555739958e-06,0.0086505190311418,8.239703277869979e-07,0.0089965397923876,1.6479406555739957e-07,0.0093425605536332,3.295881311147992e-07,1,1,1,0,0
117,0,13:15:54,2,0.0065743944636678,55271.0,0.006401384083045,0.0062283737024222,1.0711614261230972e-05,0.0058823529411764,1.483146590016596e-05,0.0055363321799308,1.5586222720418852e-05,0.005190311418685,1.3348319310149366e-05,0.0044982698961939,5.602998228951586e-06,0.0065743944636678,2.636705048918393e-06,0.0069204152249136,1.0942325953011331e-05,0.0076124567474049,1.6479406555739958e-06,0.0086505190311418,8.239703277869979e-07,0.0089965397923876,1.6479406555739957e-07,1,1,1,1,0
118,0,13:15:57,2,0.0065743944636678,0.0,0.006401384083045,0.0062283737024222,1.0711614261230972e-05,0.0058823529411764,1.483146590016596e-05,0.0055363321799308,1.5586222720418852e-05,0.005190311418685,1.3348319310149366e-05,0.0044982698961939,5.602998228951586e-06,0.0065743944636678,2.636705048918393e-06,0.0069204152249136,1.0612737821896532e-05,0.0076124567474049,1.6479406555739958e-06,0.0086505190311418,8.239703277869979e-07,0.0089965397923876,1.6479406555739957e-07,1,1,1,1,0
119,0,13:16:00,2,0.0065743944636678,0.0,0.006401384083045,0.0062283737024222,1.0711614261230972e-05,0.0058823529411764,1.483146590016596e-05,0.0055363321799308,1.4597458327074456e-05,0.005190311418685,1.3348319310149366e-05,0.0044982698961939,5.602998228951586e-06,0.0065743944636678,2.636705048918393e-06,0.0069204152249136,1.0612737821896532e-05,0.0076124567474049,1.6479406555739958e-06,0.0086505190311418,8.239703277869979e-07,0.0089965397923876,1.6479406555739957e-07,1,1,1,0,0
120,0,13:16:03,2,0.0065743944636678,52362.0,0.0067474048442905,0.0065743944636678,4.943821966721988e-07,0.0062283737024222,1.0711614261230972e-05,0.0058823529411764,1.483146590016596e-05,0.0055363321799308,1.4597458327074456e-05,0.005190311418685,1.3348319310149366e-05,0.0069204152249136,1.0612737821896532e-05,0.0076124567474049,1.6479406555739958e-06,0.0086505190311418,8.239703277869979e-07,0.0089965397923876,1.6479406555739957e-07,0.0093425605536332,3.295881311147992e-07,1,1,0,0,0
121,0,13:16:06,2,0.0065743944636678,0.0,0.0067474048442905,0.0065743944636678,6.591762622295983e-07,0.0062283737024222,1.0711614261230972e-05,0.0058823529411764,1.483146590016596e-05,0.0055363321799308,1.4597458327074456e-05,0.005190311418685,1.3348319310149366e-05,0.0069204152249136,1.0612737821896532e-05,0.0076124567474049,1.6479406555739958e-06,0.0086505190311418,8.239703277869979e-07,0.0089965397923876,1.6479406555739957e-07,0.0093425605536332,3.295881311147992e-07,1,1,0,0,0
122,0,13:16:09,2,0.0065743944636678,0.0,0.0067474048442905,0.0065743944636678,1.3183525244591966e-06,0.0062283737024222,1.0711614261230972e-05,0.0058823529411764,1.483146590016596e-05,0.0055363321799308,1.4597458327074456e-05,0.005190311418685,1.3348319310149366e-05,0.0069204152249136,1.0612737821896532e-05,0.0076124567474049,1.6479406555739958e-06,0.0086505190311418,8.239703277869979e-07,0.0089965397923876,1.6479406555739957e-07,0.0093425605536332,3.295881311147992e-07,1,1,0,0,0
123,0,13:16:12,2,0.0062283737024222,29088.0,0.0065743944636678,0.0062283737024222,1.0382026130116173e-05,0.0058823529411764,1.483146590016596e-05,0.0055363321799308,1.4597458327074456e-05,0.005190311418685,1.3348319310149366e-05,0.0044982698961939,5.602998228951586e-06,0.0069204152249136,1.0612737821896532e-05,0.0076124567474049,1.6479406555739958e-06,0.0086505190311418,8.239703277869979e-07,0.0089965397923876,1.6479406555739957e-07,0.0093425605536332,3.295881311147992e-07,1,1,1,0,0
124,0,13:16:15,2,0.0062283737024222,0.0,0.006401384083045,0.0062283737024222,1.0711614261230972e-05,0.0058823529411764,1.483146590016596e-05,0.0055363321799308,1.4597458327074456e-05,0.005190311418685,1.3348319310149366e-05,0.0044982698961939,5.602998228951586e-06,0.0065743944636678,3.295881311147992e-07,0.0069204152249136,1.1107120018568731e-05,0.0076124567474049,1.6479406555739958e-06,0.0086505190311418,8.239703277869979e-07,0.0089965397923876,1.6479406555739957e-07,1,1,1,0,0
125,0,13:16:18,2,0.0062283737024222,0.0,0.006401384083045,0.0062283737024222,1.0711614261230972e-05,0.0058823529411764,1.483146590016596e-05,0.0055363321799308,1.4597458327074456e-05,0.005190311418685,1.3348319310149366e-05,0.0044982698961939,5.602998228951586e-06,0.0065743944636678,8.239703277869979e-07,0.0069204152249136,1.1107120018568731e-05,0.0076124567474049,1.6479406555739958e-06,0.0086505190311418,8.239703277869979e-07,0.0089965397923876,1.6479406555739957e-07,1,1,1,0,0
126,0,13:16:21,2,0.0062283737024222,31988.0,0.006401384083045,0.0062283737024222,8.898879540099578e-06,0.0058823529411764,1.483146590016596e-05,0.0055363321799308,1.4597458327074456e-05,0.005190311418685,1.3348319310149366e-05,0.0044982698961939,5.602998228951586e-06,0.0065743944636678,8.239703277869979e-07,0.0069204152249136,1.1107120018568731e-05,0.0076124567474049,1.6479406555739958e-06,0.0086505190311418,8.239703277869979e-07,0.0089965397923876,1.6479406555739957e-07,1,1,1,0,0
127,0,13:16:24,2,0.0065743944636678,5818.0,0.006401384083045,0.0062283737024222,8.898879540099578e-06,0.0058823529411764,1.483146590016596e-05,0.0055363321799308,1.4597458327074456e-05,0.005190311418685,1.3513113375706766e-05,0.0044982698961939,5.602998228951586e-06,0.0065743944636678,1.3183525244591966e-06,0.0069204152249136,1.1107120018568731e-05,0.0076124567474049,1.6479406555739958e-06,0.0086505190311418,8.239703277869979e-07,0.0089965397923876,1.6479406555739957e-07,1,0,1,0,0
128,0,13:16:27,2,0.0065743944636678,20363.0,0.006401384083045,0.0062283737024222,8.898879540099578e-06,0.0058823529411764,1.483146590016596e-05,0.0055363321799308,1.3938282064844855e-05,0.005190311418685,1.3513113375706766e-05,0.0044982698961939,5.602998228951586e-06,0.0065743944636678,6.591762622295983e-07,0.0069204152249136,1.1107120018568731e-05,0.0076124567474049,1.6479406555739958e-06,0.0086505190311418,8.239703277869979e-07,0.0089965397923876,1.6479406555739957e-07,1,0,1,0,0
129,0,13:16:30,2,0.0062283737024222,5816.0,0.006401384083045,0.0062283737024222,9.558055802329175e-06,0.0058823529411764,1.483146590016596e-05,0.0055363321799308,1.3938282064844855e-05,0.005190311418685,1.3513113375706766e-05,0.0044982698961939,5.602998228951586e-06,0.0065743944636678,2.3071169178035943e-06,0.0069204152249136,1.1107120018568731e-05,0.0076124567474049,1.6479406555739958e-06,0.0086505190311418,8.239703277869979e-07,0.0089965397923876,1.6479406555739957e-07,1,0,1,0,0
130,0,13:16:33,2,0.0062283737024222,0.0,0.006401384083045,0.0062283737024222,9.558055802329175e-06,0.0058823529411764,1.483146590016596e-05,0.0055363321799308,1.3938282064844855e-05,0.005190311418685,1.3513113375706766e-05,0.0044982698961939,5.602998228951586e-06,0.0065743944636678,1.8127347211313956e-06,0.0069204152249136,1.1107120018568731e-05,0.0076124567474049,1.6479406555739958e-06,0.0086505190311418,8.239703277869979e-07,0.0089965397923876,1.6479406555739957e-07,1,0,1,0,0
131,0,13:16:36,2,0.0065743944636678,2909.0,0.006401384083045,0.0062283737024222,9.558055802329175e-06,0.0058823529411764,1.483146590016596e-05,0.0055363321799308,1.3938282064844855e-05,0.005190311418685,1.3513113375706766e-05,0.0044982698961939,5.602998228951586e-06,0.0065743944636678,1.6479406555739958e-06,0.0069204152249136,1.1107120018568731e-05,0.0076124567474049,1.6479406555739958e-06,0.0086505190311418,8.239703277869979e-07,0.0089965397923876,1.6479406555739957e-07,1,0,1,0,0
132,0,13:16:39,2,0.0062283737024222,29080.0,0.006401384083045,0.0062283737024222,7.91011514675518e-06,0.0058823529411764,1.483146590016596e-05,0.0055363321799308,1.3938282064844855e-05,0.005190311418685,1.3513113375706766e-05,0.0044982698961939,5.602998228951586e-06,0.0065743944636678,1.6479406555739958e-06,0.0069204152249136,1.1107120018568731e-05,0.0076124567474049,1.6479406555739958e-06,0.0086505190311418,8.239703277869979e-07,0.0089965397923876,1.6479406555739957e-07,0,0,1,0,0
133,0,13:16:42,2,0.0065743944636678,154127.0,0.0062283737024222,0.0058823529411764,1.499625996572336e-05,0.0055363321799308,1.3938282064844855e-05,0.005190311418685,1.3513113375706766e-05,0.0044982698961939,5.602998228951586e-06,0.0041522491349481,1.3677907441264164e-05,0.0065743944636678,1.8127347211313956e-06,0.0069204152249136,1.1107120018568731e-05,0.0076124567474049,1.6479406555739958e-06,0.0086505190311418,8.239703277869979e-07,0.0089965397923876,1.6479406555739957e-07,0,0,1,0,0
134,0,13:16:45,2,0.0065743944636678,2909.0,0.0062283737024222,0.0058823529411764,1.499625996572336e-05,0.0055363321799308,1.3938282064844855e-05,0.005190311418685,1.3513113375706766e-05,0.0044982698961939,5.602998228951586e-06,0.0041522491349481,1.3677907441264164e-05,0.0065743944636678,1.6479406555739958e-06,0.0069204152249136,1.1107120018568731e-05,0.0076124567474049,1.6479406555739958e-06,0.0086505190311418,8.239703277869979e-07,0.0089965397923876,1.6479406555739957e-07,0,0,1,0,0
135,0,13:16:48,2,0.0065743944636678,23272.0,0.0062283737024222,0.0058823529411764,1.499625996572336e-05,0.0055363321799308,1.3938282064844855e-05,0.005190311418685,1.3513113375706766e-05,0.0044982698961939,5.602998228951586e-06,0.0041522491349481,1.3677907441264164e-05,0.0065743944636678,3.295881311147992e-07,0.0069204152249136,1.1107120018568731e-05,0.0076124567474049,1.6479406555739958e-06,0.0086505190311418,1.4831465900165962e-06,0.0089965397923876,1.6479406555739957e-07,0,0,1,0,0
136,0,13:16:51,2,0.0065743944636678,5818.0,0.0067474048442905,0.0065743944636678,3.295881311147992e-07,0.0062283737024222,1.6479406555739957e-07,0.0058823529411764,1.499625996572336e-05,0.0055363321799308,1.3938282064844855e-05,0.005190311418685,1.3513113375706766e-05,0.0069204152249136,1.1107120018568731e-05,0.0076124567474049,1.6479406555739958e-06,0.0086505190311418,1.4831465900165962e-06,0.0089965397923876,1.6479406555739957e-07,0.0093425605536332,3.295881311147992e-07,0,0,0,0,0
137,0,13:16:54,2,0.0058823529411764,273263.0,0.0057093425605536,0.0055363321799308,1.3938282064844855e-05,0.005190311418685,1.3513113375706766e-05,0.0044982698961939,5.602998228951586e-06,0.0041522491349481,1.3677907441264164e-05,0.0038062283737025,1.2524348982362367e-05,0.0058823529411764,1.0711614261230972e-05,0.0069204152249136,1.1107120018568731e-05,0.0076124567474049,1.6479406555739958e-06,0.0086505190311418,1.4831465900165962e-06,0.0089965397923876,1.6479406555739957e-07,1,1,1,0,0
138,0,13:16:57,2,0.0058823529411764,0.0,0.0057093425605536,0.0055363321799308,1.3938282064844855e-05,0.005190311418685,1.3513113375706766e-05,0.0044982698961939,5.602998228951586e-06,0.0041522491349481,1.3677907441264164e-05,0.0038062283737025,1.2524348982362367e-05,0.0058823529411764,1.0711614261230972e-05,0.0069204152249136,1.1107120018568731e-05,0.0076124567474049,1.6479406555739958e-06,0.0086505190311418,1.4831465900165962e-06,0.0089965397923876,1.6479406555739957e-07,1,1,1,0,0
139,0,13:17:00,2,0.0058823529411764,2907.0,0.0057093425605536,0.0055363321799308,1.3938282064844855e-05,0.005190311418685,1.3513113375706766e-05,0.0044982698961939,5.602998228951586e-06,0.0041522491349481,1.3677907441264164e-05,0.0038062283737025,1.2524348982362367e-05,0.0058823529411764,1.0876408326788372e-05,0.0069204152249136,1.0777531887453932e-05,0.0076124567474049,1.6479406555739958e-06,0.0086505190311418,1.4831465900165962e-06,0.0089965397923876,1.6479406555739957e-07,1,1,1,0,0
140,0,13:17:03,2,0.0058823529411764,0.0,0.0057093425605536,0.0055363321799308,1.3938282064844855e-05,0.005190311418685,1.3513113375706766e-05,0.0044982698961939,5.602998228951586e-06,0.0041522491349481,1.3677907441264164e-05,0.0038062283737025,1.2524348982362367e-05,0.0058823529411764,1.0876408326788372e-05,0.0069204152249136,1.0777531887453932e-05,0.0076124567474049,1.6479406555739958e-06,0.0086505190311418,1.4831465900165962e-06,0.0089965397923876,1.6479406555739957e-07,1,1,1,0,0
141,0,13:17:06,2,0.0058823529411764,0.0,0.0057093425605536,0.0055363321799308,1.3938282064844855e-05,0.005190311418685,1.3513113375706766e-05,0.0044982698961939,5.602998228951586e-06,0.0041522491349481,1.3677907441264164e-05,0.0038062283737025,1.2524348982362367e-05,0.0058823529411764,1.0876408326788372e-05,0.0069204152249136,1.0777531887453932e-05,0.0076124567474049,1.6479406555739958e-06,0.0086505190311418,1.4831465900165962e-06,0.0089965397923876,1.6479406555739957e-07,1,1,1,0,0
142,0,13:17:09,2,0.0055363321799308,2906.0,0.0057093425605536,0.0055363321799308,1.3773487999287456e-05,0.005190311418685,1.3513113375706766e-05,0.0044982698961939,5.602998228951586e-06,0.0041522491349481,1.3677907441264164e-05,0.0038062283737025,1.2524348982362367e-05,0.0058823529411764,1.0876408326788372e-05,0.0069204152249136,1.0777531887453932e-05,0.0076124567474049,1.6479406555739958e-06,0.0086505190311418,1.4831465900165962e-06,0.0089965397923876,1.6479406555739957e-07,1,1,1,0,0
143,0,13:17:12,2,0.0055363321799308,55214.0,0.0057093425605536,0.0055363321799308,1.0642400753696864e-05,0.005190311418685,1.3513113375706766e-05,0.0044982698961939,5.602998228951586e-06,0.0041522491349481,1.3677907441264164e-05,0.0038062283737025,1.2524348982362367e-05,0.0058823529411764,1.0876408326788372e-05,0.0069204152249136,1.0777531887453932e-05,0.0076124567474049,1.6479406555739958e-06,0.0086505190311418,1.4831465900165962e-06,0.0089965397923876,1.6479406555739957e-07,1,2,1,0,0
144,0,13:17:15,2,0.0055363321799308,0.0,0.0057093425605536,0.0055363321799308,1.1301577015926465e-05,0.005190311418685,1.3513113375706766e-05,0.0044982698961939,5.602998228951586e-06,0.0041522491349481,1.3677907441264164e-05,0.0038062283737025,1.2524348982362367e-05,0.0058823529411764,1.186517272013277e-05,0.0069204152249136,1.0777531887453932e-05,0.0076124567474049,1.6479406555739958e-06,0.0086505190311418,1.4831465900165962e-06,0.0089965397923876,1.6479406555739957e-07,1,2,1,0,0
145,0,13:17:18,2,0.0055363321799308,0.0,0.0057093425605536,0.0055363321799308,1.1301577015926465e-05,0.005190311418685,1.3513113375706766e-05,0.0044982698961939,5.602998228951586e-06,0.0041522491349481,1.3677907441264164e-05,0.0038062283737025,1.2524348982362367e-05,0.0058823529411764,1.186517272013277e-05,0.0069204152249136,1.0777531887453932e-05,0.0076124567474049,1.6479406555739958e-06,0.0086505190311418,1.4831465900165962e-06,0.0089965397923876,1.6479406555739957e-07,1,1,1,0,0
146,0,13:17:21,2,0.0055363321799308,2906.0,0.0057093425605536,0.0055363321799308,1.4432664261517057e-05,0.005190311418685,1.3513113375706766e-05,0.0044982698961939,5.602998228951586e-06,0.0041522491349481,1.3677907441264164e-05,0.0038062283737025,1.2524348982362367e-05,0.0058823529411764,1.186517272013277e-05,0.0069204152249136,8.14082683853554e-06,0.0076124567474049,1.6479406555739958e-06,0.0086505190311418,1.4831465900165962e-06,0.0089965397923876,1.6479406555739957e-07,1,1,1,0,0
147,0,13:17:24,2,0.0055363321799308,0.0,0.0057093425605536,0.0055363321799308,1.4432664261517057e-05,0.005190311418685,1.3513113375706766e-05,0.0044982698961939,5.602998228951586e-06,0.0041522491349481,1.3677907441264164e-05,0.0038062283737025,1.2524348982362367e-05,0.0058823529411764,1.186517272013277e-05,0.0069204152249136,8.14082683853554e-06,0.0076124567474049,1.6479406555739958e-06,0.0086505190311418,1.4831465900165962e-06,0.0089965397923876,1.6479406555739957e-07,1,1,1,0,0
148,0,13:17:27,2,0.0055363321799308,0.0,0.0057093425605536,0.0055363321799308,1.4432664261517057e-05,0.005190311418685,1.3513113375706766e-05,0.0044982698961939,5.602998228951586e-06,0.0041522491349481,1.3677907441264164e-05,0.0038062283737025,1.2524348982362367e-05,0.0058823529411764,1.186517272013277e-05,0.0069204152249136,8.14082683853554e-06,0.0076124567474049,1.6479406555739958e-06,0.0086505190311418,1.4831465900165962e-06,0.0089965397923876,1.6479406555739957e-07,2,1,1,0,0
149,0,13:17:30,2,0.0055363321799308,0.0,0.0057093425605536,0.0055363321799308,1.4432664261517057e-05,0.005190311418685,2.3071169178035943e-06,0.0044982698961939,5.602998228951586e-06,0.0041522491349481,1.3677907441264164e-05,0.0038062283737025,1.0876408326788372e-05,0.0058823529411764,1.1041202392345772e-05,0.0065743944636678,3.295881311147992e-07,0.0069204152249136,8.14082683853554e-06,0.0076124567474049,1.6479406555739958e-06,0.0086505190311418,1.4831465900165962e-06,2,1,1,0,0
150,0,13:17:33,2,0.0058823529411764,61047.0,0.0057093425605536,0.0055363321799308,1.3608693933730056e-05,0.005190311418685,2.3071169178035943e-06,0.0044982698961939,5.602998228951586e-06,0.0041522491349481,1.3677907441264164e-05,0.0038062283737025,1.0876408326788372e-05,0.0058823529411764,7.74532108119778e-06,0.0065743944636678,3.295881311147992e-07,0.0069204152249136,8.14082683853554e-06,0.0076124567474049,1.6479406555739958e-06,0.0086505190311418,8.239703277869979e-07,1,0,1,0,0
151,0,13:17:36,2,0.0055363321799308,14530.0,0.0057093425605536,0.0055363321799308,1.278472360594306e-05,0.005190311418685,2.3071169178035943e-06,0.0044982698961939,5.602998228951586e-06,0.0041522491349481,1.3677907441264164e-05,0.0038062283737025,1.1205996457903172e-05,0.0058823529411764,7.74532108119778e-06,0.0065743944636678,3.295881311147992e-07,0.0069204152249136,8.14082683853554e-06,0.0076124567474049,1.6479406555739958e-06,0.0086505190311418,8.239703277869979e-07,1,0,1,0,0
152,0,13:17:39,2,0.0058823529411764,11628.0,0.0057093425605536,0.0055363321799308,1.278472360594306e-05,0.005190311418685,2.3071169178035943e-06,0.0044982698961939,5.602998228951586e-06,0.0041522491349481,1.3677907441264164e-05,0.0038062283737025,1.1205996457903172e-05,0.0058823529411764,7.250938884525582e-06,0.0065743944636678,3.295881311147992e-07,0.0069204152249136,8.14082683853554e-06,0.0076124567474049,1.6479406555739958e-06,0.0086505190311418,8.239703277869979e-07,1,0,1,0,0
153,0,13:17:42,2,0.0058823529411764,415605.0,0.0062283737024222,0.0058823529411764,5.899627546954904e-07,0.005190311418685,2.3071169178035943e-06,0.0044982698961939,5.602998228951586e-06,0.0041522491349481,1.3677907441264164e-05,0.0038062283737025,1.1205996457903172e-05,0.0065743944636678,3.295881311147992e-07,0.0069204152249136,8.14082683853554e-06,0.0076124567474049,1.6479406555739958e-06,0.0086505190311418,8.239703277869979e-07,0.0089965397923876,1.6479406555739957e-07,0,0,0,0,0
154,0,13:17:45,2,0.0065743944636678,5818.0,0.0067474048442905,0.0065743944636678,1.3183525244591966e-06,0.0058823529411764,5.899627546954904e-07,0.005190311418685,2.3071169178035943e-06,0.0044982698961939,5.602998228951586e-06,0.0041522491349481,1.3677907441264164e-05,0.0069204152249136,8.14082683853554e-06,0.0076124567474049,1.6479406555739958e-06,0.0086505190311418,8.239703277869979e-07,0.0089965397923876,1.6479406555739957e-07,0.0093425605536332,8.239703277869979e-07,0,0,0,0,0
155,0,13:17:48,2,0.0058823529411764,33679.0,0.0055363321799308,0.005190311418685,2.3071169178035943e-06,0.0044982698961939,5.602998228951586e-06,0.0041522491349481,1.3677907441264164e-05,0.0038062283737025,1.1205996457903172e-05,0.0034602076124568,3.543072409484091e-05,0.0058823529411764,4.024271080911698e-06,0.0062283737024222,3.295881311147992e-07,0.0069204152249136,8.14082683853554e-06,0.0076124567474049,1.6479406555739958e-06,0.0086505190311418,8.239703277869979e-07,0,0,0,0,0
156,0,13:17:51,2,0.0058823529411764,5814.0,0.0055363321799308,0.005190311418685,2.3071169178035943e-06,0.0044982698961939,5.602998228951586e-06,0.0041522491349481,1.3677907441264164e-05,0.0038062283737025,1.1205996457903172e-05,0.0034602076124568,3.543072409484091e-05,0.0058823529411764,4.189065146469098e-06,0.0062283737024222,3.295881311147992e-07,0.0069204152249136,8.14082683853554e-06,0.0076124567474049,1.6479406555739958e-06,0.0086505190311418,8.239703277869979e-07,0,0,0,0,0
157,0,13:17:54,2,0.0058823529411764,0.0,0.0055363321799308,0.005190311418685,2.3071169178035943e-06,0.0044982698961939,5.602998228951586e-06,0.0041522491349481,1.3677907441264164e-05,0.0038062283737025,1.1205996457903172e-05,0.0034602076124568,3.543072409484091e-05,0.0058823529411764,4.189065146469098e-06,0.0062283737024222,3.295881311147992e-07,0.0069204152249136,8.14082683853554e-06,0.0076124567474049,1.6479406555739958e-06,0.0086505190311418,8.239703277869979e-07,0,0,0,0,0
158,0,13:17:57,2,0.005190311418685,5810.0,0.0055363321799308,0.005190311418685,1.977528786688795e-06,0.0044982698961939,5.602998228951586e-06,0.0041522491349481,1.3677907441264164e-05,0.0038062283737025,1.1205996457903172e-05,0.0034602076124568,3.543072409484091e-05,0.0058823529411764,4.189065146469098e-06,0.0062283737024222,3.295881311147992e-07,0.0069204152249136,8.14082683853554e-06,0.0076124567474049,1.6479406555739958e-06,0.0086505190311418,8.239703277869979e-07,0,0,0,0,0
159,0,13:18:00,2,0.005190311418685,14525.0,0.005363321799308,0.005190311418685,1.1535584589017972e-06,0.0044982698961939,5.602998228951586e-06,0.0041522491349481,1.3677907441264164e-05,0.0038062283737025,1.186517272013277e-05,0.0034602076124568,3.543072409484091e-05,0.0055363321799308,4.943821966721988e-07,0.0058823529411764,4.189065146469098e-06,0.0062283737024222,3.295881311147992e-07,0.0069204152249136,8.14082683853554e-06,0.0076124567474049,1.6479406555739958e-06,1,1,0,1,0
160,0,13:18:03,2,0.0041522491349481,238019.0,0.0048442906574395,0.0041522491349481,6.921350753410782e-06,0.0038062283737025,1.186517272013277e-05,0.0034602076124568,3.543072409484091e-05,0.003114186851211,2.3071169178035943e-06,0.0027681660899654,2.9003755538102327e-05,0.0055363321799308,4.943821966721988e-07,0.0058823529411764,4.189065146469098e-06,0.0062283737024222,3.295881311147992e-07,0.0069204152249136,8.14082683853554e-06,0.0076124567474049,1.6479406555739958e-06,1,1,1,1,1
161,0,13:18:06,2,0.0055363321799308,2906.0,0.0050173010380623,0.0044982698961939,3.295881311147992e-07,0.0041522491349481,7.250938884525582e-06,0.0038062283737025,1.186517272013277e-05,0.0034602076124568,3.543072409484091e-05,0.003114186851211,2.3071169178035943e-06,0.0055363321799308,3.295881311147992e-07,0.0058823529411764,4.189065146469098e-06,0.0062283737024222,3.295881311147992e-07,0.0069204152249136,8.14082683853554e-06,0.0076124567474049,1.6479406555739958e-06,1,1,1,1,0
162,0,13:18:09,2,0.0055363321799308,0.0,0.0050173010380623,0.0044982698961939,3.295881311147992e-07,0.0041522491349481,7.250938884525582e-06,0.0038062283737025,1.186517272013277e-05,0.0034602076124568,3.543072409484091e-05,0.003114186851211,2.3071169178035943e-06,0.0055363321799308,3.295881311147992e-07,0.0058823529411764,4.189065146469098e-06,0.0069204152249136,8.14082683853554e-06,0.0076124567474049,1.6479406555739958e-06,0.0086505190311418,8.239703277869979e-07,1,1,1,1,0
163,0,13:18:12,2,0.0041522491349481,23218.0,0.0048442906574395,0.0041522491349481,6.262174491181184e-06,0.0038062283737025,1.186517272013277e-05,0.0034602076124568,3.543072409484091e-05,0.003114186851211,2.3071169178035943e-06,0.0027681660899654,2.9003755538102327e-05,0.0055363321799308,3.295881311147992e-07,0.0058823529411764,4.189065146469098e-06,0.0069204152249136,8.14082683853554e-06,0.0076124567474049,1.6479406555739958e-06,0.0086505190311418,8.239703277869979e-07,1,1,1,1,1
164,0,13:18:15,2,0.0041522491349481,0.0,0.0050173010380623,0.0044982698961939,2.1423228522461945e-06,0.0041522491349481,6.756556687853383e-06,0.0038062283737025,1.186517272013277e-05,0.0034602076124568,3.510113596372611e-05,0.003114186851211,2.3071169178035943e-06,0.0055363321799308,1.6479406555739958e-06,0.0058823529411764,4.189065146469098e-06,0.0069204152249136,8.14082683853554e-06,0.0076124567474049,1.6479406555739958e-06,0.0086505190311418,8.239703277869979e-07,1,0,1,1,0
165,0,13:18:18,2,0.0044982698961939,34860.0,0.0050173010380623,0.0044982698961939,2.3071169178035943e-06,0.0041522491349481,6.756556687853383e-06,0.0038062283737025,1.186517272013277e-05,0.0034602076124568,3.510113596372611e-05,0.003114186851211,2.3071169178035943e-06,0.0055363321799308,3.295881311147992e-07,0.0058823529411764,2.066847170220905e-05,0.0069204152249136,8.14082683853554e-06,0.0076124567474049,1.6479406555739958e-06,0.0086505190311418,8.239703277869979e-07,1,0,1,1,0
166,0,13:18:21,2,0.0055363321799308,20324.0,0.0050173010380623,0.0044982698961939,1.3183525244591966e-06,0.0041522491349481,6.756556687853383e-06,0.0038062283737025,1.186517272013277e-05,0.0034602076124568,3.510113596372611e-05,0.003114186851211,2.3071169178035943e-06,0.0055363321799308,1.6479406555739957e-07,0.0058823529411764,2.066847170220905e-05,0.0069204152249136,8.14082683853554e-06,0.0076124567474049,1.6479406555739958e-06,0.0086505190311418,8.239703277869979e-07,1,0,1,1,0
167,0,13:18:24,2,0.0044982698961939,8709.0,0.0050173010380623,0.0044982698961939,8.239703277869979e-07,0.0041522491349481,6.756556687853383e-06,0.0038062283737025,1.186517272013277e-05,0.0034602076124568,3.510113596372611e-05,0.003114186851211,2.3071169178035943e-06,0.0055363321799308,1.3183525244591966e-06,0.0058823529411764,2.066847170220905e-05,0.0069204152249136,8.14082683853554e-06,0.0076124567474049,1.6479406555739958e-06,0.0086505190311418,8.239703277869979e-07,1,0,1,0,0
168,0,13:18:27,2,0.0044982698961939,0.0,0.0050173010380623,0.0044982698961939,8.239703277869979e-07,0.0041522491349481,6.756556687853383e-06,0.0038062283737025,1.186517272013277e-05,0.0034602076124568,3.510113596372611e-05,0.003114186851211,2.3071169178035943e-06,0.0055363321799308,1.3183525244591966e-06,0.0058823529411764,2.066847170220905e-05,0.0069204152249136,8.14082683853554e-06,0.0076124567474049,1.6479406555739958e-06,0.0086505190311418,8.239703277869979e-07,1,0,1,0,0
169,0,13:18:30,2,0.0044982698961939,0.0,0.0050173010380623,0.0044982698961939,8.239703277869979e-07,0.0041522491349481,6.756556687853383e-06,0.0038062283737025,1.186517272013277e-05,0.0034602076124568,3.510113596372611e-05,0.003114186851211,2.3071169178035943e-06,0.0055363321799308,2.9662931800331924e-06,0.0058823529411764,2.066847170220905e-05,0.0069204152249136,8.14082683853554e-06,0.0076124567474049,1.6479406555739958e-06,0.0086505190311418,8.239703277869979e-07,0,0,1,0,0
170,0,13:18:33,2,0.0044982698961939,5806.0,0.0050173010380623,0.0044982698961939,4.943821966721988e-07,0.0041522491349481,6.756556687853383e-06,0.0038062283737025,1.186517272013277e-05,0.0034602076124568,3.510113596372611e-05,0.003114186851211,2.3071169178035943e-06,0.0055363321799308,2.9662931800331924e-06,0.0058823529411764,2.066847170220905e-05,0.0069204152249136,8.14082683853554e-06,0.0076124567474049,1.6479406555739958e-06,0.0086505190311418,8.239703277869979e-07,0,0,1,0,0
171,0,13:18:36,2,0.0044982698961939,0.0,0.0050173010380623,0.0044982698961939,3.7902635078201903e-06,0.0041522491349481,6.756556687853383e-06,0.0038062283737025,1.186517272013277e-05,0.0034602076124568,3.510113596372611e-05,0.003114186851211,2.3071169178035943e-06,0.0055363321799308,2.9662931800331924e-06,0.0058823529411764,1.6973788752412158e-05,0.0069204152249136,8.14082683853554e-06,0.0076124567474049,1.6479406555739958e-06,0.0086505190311418,8.239703277869979e-07,0,0,0,0,0
172,0,13:18:39,2,0.0044982698961939,8709.0,0.0050173010380623,0.0044982698961939,3.295881311147992e-06,0.0041522491349481,6.756556687853383e-06,0.0038062283737025,1.186517272013277e-05,0.0034602076124568,3.510113596372611e-05,0.003114186851211,2.3071169178035943e-06,0.0055363321799308,3.7902635078201903e-06,0.0058823529411764,1.6973788752412158e-05,0.0069204152249136,8.14082683853554e-06,0.0076124567474049,1.6479406555739958e-06,0.0086505190311418,8.239703277869979e-07,0,0,1,0,0
173,0,13:18:42,2,0.0044982698961939,29030.0,0.0050173010380623,0.0044982698961939,1.6479406555739958e-06,0.0041522491349481,6.756556687853383e-06,0.0038062283737025,1.186517272013277e-05,0.0034602076124568,3.510113596372611e-05,0.003114186851211,2.3071169178035943e-06,0.0055363321799308,3.7902635078201903e-06,0.0058823529411764,1.6973788752412158e-05,0.0069204152249136,8.14082683853554e-06,0.0076124567474049,1.6479406555739958e-06,0.0086505190311418,8.239703277869979e-07,0,0,1,0,0
174,0,13:18:45,2,0.0044982698961939,29030.0,0.0043252595155709,0.0041522491349481,6.756556687853383e-06,0.0038062283737025,1.186517272013277e-05,0.0034602076124568,3.510113596372611e-05,0.003114186851211,2.3071169178035943e-06,0.0027681660899654,2.9003755538102327e-05,0.0044982698961939,6.262174491181184e-06,0.0055363321799308,3.7902635078201903e-06,0.0058823529411764,1.6973788752412158e-05,0.0069204152249136,8.14082683853554e-06,0.0076124567474049,1.6479406555739958e-06,1,1,1,1,1
175,0,13:18:48,2,0.0044982698961939,23224.0,0.0043252595155709,0.0041522491349481,6.756556687853383e-06,0.0038062283737025,1.186517272013277e-05,0.0034602076124568,3.510113596372611e-05,0.003114186851211,2.3071169178035943e-06,0.0027681660899654,2.9003755538102327e-05,0.0044982698961939,4.9438219667219874e-06,0.0055363321799308,3.7902635078201903e-06,0.0058823529411764,1.6973788752412158e-05,0.0069204152249136,8.14082683853554e-06,0.0076124567474049,1.6479406555739958e-06,1,1,1,1,1
176,0,13:18:51,2,0.0041522491349481,58040.0,0.0043252595155709,0.0041522491349481,3.460675376705391e-06,0.0038062283737025,1.186517272013277e-05,0.0034602076124568,3.510113596372611e-05,0.003114186851211,2.3071169178035943e-06,0.0027681660899654,2.9003755538102327e-05,0.0044982698961939,4.9438219667219874e-06,0.0055363321799308,3.7902635078201903e-06,0.0058823529411764,1.6973788752412158e-05,0.0069204152249136,8.14082683853554e-06,0.0076124567474049,1.6479406555739958e-06,1,1,1,1,1
177,0,13:18:54,2,0.0044982698961939,34830.0,0.0043252595155709,0.0041522491349481,2.4719109833609937e-06,0.0038062283737025,1.186517272013277e-05,0.0034602076124568,3.510113596372611e-05,0.003114186851211,2.3071169178035943e-06,0.0027681660899654,2.9003755538102327e-05,0.0044982698961939,7.649740523174489e-06,0.0055363321799308,3.7902635078201903e-06,0.0058823529411764,1.6973788752412158e-05,0.0069204152249136,8.14082683853554e-06,0.0076124567474049,1.6479406555739958e-06,1,1,1,1,1
178,0,13:18:57,2,0.0041522491349481,14510.0,0.0043252595155709,0.0041522491349481,1.6479406555739958e-06,0.0038062283737025,1.186517272013277e-05,0.0034602076124568,3.510113596372611e-05,0.003114186851211,2.3071169178035943e-06,0.0027681660899654,2.9003755538102327e-05,0.0044982698961939,8.144122719846687e-06,0.0055363321799308,3.7902635078201903e-06,0.0058823529411764,1.6973788752412158e-05,0.0069204152249136,8.14082683853554e-06,0.0076124567474049,1.6479406555739958e-06,1,1,1,1,0
179,0,13:19:00,2,0.0044982698961939,5806.0,0.0043252595155709,0.0041522491349481,1.1535584589017972e-06,0.0038062283737025,1.186517272013277e-05,0.0034602076124568,3.510113596372611e-05,0.003114186851211,2.3071169178035943e-06,0.0027681660899654,2.9003755538102327e-05,0.0044982698961939,7.814534588731887e-06,0.0055363321799308,5.767792294508985e-06,0.0058823529411764,1.6973788752412158e-05,0.0069204152249136,8.14082683853554e-06,0.0076124567474049,1.6479406555739958e-06,1,1,1,1,0
180,0,13:19:03,2,0.0044982698961939,14515.0,0.0043252595155709,0.0041522491349481,2.1423228522461945e-06,0.0038062283737025,1.186517272013277e-05,0.0034602076124568,3.510113596372611e-05,0.003114186851211,2.3071169178035943e-06,0.0027681660899654,2.9003755538102327e-05,0.0044982698961939,8.638504916518886e-06,0.0055363321799308,5.767792294508985e-06,0.0058823529411764,1.6973788752412158e-05,0.0069204152249136,8.14082683853554e-06,0.0076124567474049,1.6479406555739958e-06,1,1,1,1,1
181,0,13:19:06,2,0.0041522491349481,14510.0,0.0043252595155709,0.0041522491349481,1.4831465900165962e-06,0.0038062283737025,1.186517272013277e-05,0.0034602076124568,3.510113596372611e-05,0.003114186851211,2.3071169178035943e-06,0.0027681660899654,2.9003755538102327e-05,0.0044982698961939,8.638504916518886e-06,0.005190311418685,1.6479406555739958e-06,0.0055363321799308,6.591762622295983e-06,0.0058823529411764,1.6973788752412158e-05,0.0069204152249136,8.14082683853554e-06,1,1,1,1,1
182,0,13:19:09,2,0.0041522491349481,0.0,0.0043252595155709,0.0041522491349481,1.1535584589017972e-06,0.0038062283737025,1.186517272013277e-05,0.0034602076124568,3.510113596372611e-05,0.003114186851211,2.3071169178035943e-06,0.0027681660899654,2.9003755538102327e-05,0.0044982698961939,8.638504916518886e-06,0.005190311418685,1.6479406555739958e-06,0.0055363321799308,6.591762622295983e-06,0.0058823529411764,1.6973788752412158e-05,0.0069204152249136,8.14082683853554e-06,1,1,1,1,1
183,0,13:19:12,2,0.0044982698961939,14515.0,0.0043252595155709,0.0041522491349481,1.3183525244591966e-06,0.0038062283737025,1.186517272013277e-05,0.0034602076124568,3.526593002928351e-05,0.003114186851211,2.3071169178035943e-06,0.0027681660899654,2.9003755538102327e-05,0.0044982698961939,7.814534588731887e-06,0.005190311418685,1.6479406555739958e-06,0.0055363321799308,6.591762622295983e-06,0.0058823529411764,1.6973788752412158e-05,0.0069204152249136,8.14082683853554e-06,1,1,1,1,1
184,0,13:19:15,2,0.0044982698961939,0.0,0.0043252595155709,0.0041522491349481,1.4831465900165962e-06,0.0038062283737025,1.186517272013277e-05,0.0034602076124568,3.526593002928351e-05,0.003114186851211,2.3071169178035943e-06,0.0027681660899654,2.9003755538102327e-05,0.0044982698961939,7.814534588731887e-06,0.005190311418685,1.6479406555739958e-06,0.0055363321799308,6.591762622295983e-06,0.0058823529411764,1.6973788752412158e-05,0.0069204152249136,8.14082683853554e-06,1,1,1,1,1
185,0,13:19:18,2,0.0041522491349481,34824.0,0.0043252595155709,0.0041522491349481,8.239703277869979e-07,0.0038062283737025,1.186517272013277e-05,0.0034602076124568,3.526593002928351e-05,0.003114186851211,2.3071169178035943e-06,0.0027681660899654,2.9003755538102327e-05,0.0044982698961939,7.814534588731887e-06,0.005190311418685,1.6479406555739958e-06,0.0055363321799308,6.591762622295983e-06,0.0058823529411764,1.6973788752412158e-05,0.0069204152249136,8.14082683853554e-06,1,1,1,1,1
186,0,13:19:21,2,0.0041522491349481,0.0,0.0043252595155709,0.0041522491349481,2.1423228522461945e-06,0.0038062283737025,1.3677907441264164e-05,0.0034602076124568,3.4606753767053915e-05,0.003114186851211,2.3071169178035943e-06,0.0027681660899654,2.9003755538102327e-05,0.0044982698961939,4.119851638934989e-06,0.005190311418685,1.6479406555739958e-06,0.0055363321799308,6.591762622295983e-06,0.0058823529411764,1.6973788752412158e-05,0.0069204152249136,8.14082683853554e-06,1,1,1,1,1
187,0,13:19:24,2,0.0044982698961939,52254.0,0.0043252595155709,0.0041522491349481,2.801499114475793e-06,0.0038062283737025,1.3677907441264164e-05,0.0034602076124568,3.4606753767053915e-05,0.003114186851211,2.3071169178035943e-06,0.0027681660899654,2.9003755538102327e-05,0.0044982698961939,1.1535584589017972e-06,0.005190311418685,1.6479406555739958e-06,0.0055363321799308,6.591762622295983e-06,0.0058823529411764,1.6973788752412158e-05,0.0069204152249136,8.14082683853554e-06,1,1,1,1,1
188,0,13:19:27,2,0.0041522491349481,37729.0,0.0043252595155709,0.0041522491349481,1.1535584589017972e-06,0.0038062283737025,1.3677907441264164e-05,0.0034602076124568,3.4606753767053915e-05,0.003114186851211,2.3071169178035943e-06,0.0027681660899654,2.9003755538102327e-05,0.0044982698961939,6.591762622295983e-07,0.005190311418685,1.6479406555739958e-06,0.0055363321799308,6.591762622295983e-06,0.0058823529411764,1.6973788752412158e-05,0.0069204152249136,4.020975199600549e-06,1,1,1,1,1
189,0,13:19:30,2,0.0041522491349481,0.0,0.0043252595155709,0.0041522491349481,1.1535584589017972e-06,0.0038062283737025,1.3677907441264164e-05,0.0034602076124568,3.4606753767053915e-05,0.003114186851211,2.3071169178035943e-06,0.0027681660899654,2.9003755538102327e-05,0.0044982698961939,6.591762622295983e-07,0.005190311418685,1.6479406555739958e-06,0.0055363321799308,4.614233835607189e-06,0.0058823529411764,1.6973788752412158e-05,0.0069204152249136,4.020975199600549e-06,1,1,1,1,0
190,0,13:19:33,2,0.0044982698961939,5806.0,0.0043252595155709,0.0041522491349481,1.4831465900165962e-06,0.0038062283737025,1.3677907441264164e-05,0.0034602076124568,3.4606753767053915e-05,0.003114186851211,2.3071169178035943e-06,0.0027681660899654,2.9003755538102327e-05,0.0044982698961939,3.295881311147992e-07,0.0048442906574395,3.295881311147992e-07,0.005190311418685,1.6479406555739958e-06,0.0055363321799308,4.614233835607189e-06,0.0058823529411764,1.6973788752412158e-05,1,1,1,1,0
191,0,13:19:36,2,0.0041522491349481,69653.0,0.0039792387543253,0.0038062283737025,1.3677907441264164e-05,0.0034602076124568,3.4606753767053915e-05,0.003114186851211,2.3071169178035943e-06,0.0027681660899654,2.9003755538102327e-05,0.0024221453287196,2.4719109833609935e-05,0.0041522491349481,6.921350753410782e-08,0.0048442906574395,3.295881311147992e-07,0.005190311418685,1.6479406555739958e-06,0.0055363321799308,4.614233835607189e-06,0.0058823529411764,1.6973788752412158e-05,1,2,1,1,1
192,0,13:19:39,2,0.0041522491349481,9925.0,0.0044982698961939,0.0041522491349481,1.2491390169250888e-06,0.0038062283737025,1.3677907441264164e-05,0.0034602076124568,3.4606753767053915e-05,0.003114186851211,2.3071169178035943e-06,0.0027681660899654,2.9003755538102327e-05,0.0048442906574395,3.295881311147992e-07,0.005190311418685,1.6479406555739958e-06,0.0055363321799308,4.614233835607189e-06,0.0058823529411764,1.6973788752412158e-05,0.0069204152249136,4.020975199600549e-06,1,1,1,1,1
193,0,13:19:42,2,0.0038062283737025,43525.0,0.0043252595155709,0.0038062283737025,1.278472360594306e-05,0.0034602076124568,3.427716563593911e-05,0.003114186851211,2.3071169178035943e-06,0.0027681660899654,2.9003755538102327e-05,0.0024221453287196,2.4719109833609935e-05,0.0048442906574395,3.295881311147992e-07,0.005190311418685,1.6479406555739958e-06,0.0055363321799308,4.614233835607189e-06,0.0058823529411764,1.6973788752412158e-05,0.0069204152249136,4.020975199600549e-06,1,1,1,1,1
194,0,13:19:45,2,0.0048442906574395,2904.0,0.0043252595155709,0.0038062283737025,1.278472360594306e-05,0.0034602076124568,3.427716563593911e-05,0.003114186851211,2.3071169178035943e-06,0.0027681660899654,2.9003755538102327e-05,0.0024221453287196,2.4719109833609935e-05,0.0048442906574395,1.6479406555739957e-07,0.005190311418685,1.6479406555739958e-06,0.0055363321799308,4.614233835607189e-06,0.0058823529411764,1.6973788752412158e-05,0.0069204152249136,4.020975199600549e-06,1,1,1,1,0
195,0,13:19:48,2,0.0048442906574395,2904.0,0.0044982698961939,0.0038062283737025,1.3608693933730056e-05,0.0034602076124568,3.427716563593911e-05,0.003114186851211,2.3071169178035943e-06,0.0027681660899654,2.9003755538102327e-05,0.0024221453287196,2.4719109833609935e-05,0.005190311418685,1.6479406555739958e-06,0.0055363321799308,4.614233835607189e-06,0.0058823529411764,1.6973788752412158e-05,0.0069204152249136,4.020975199600549e-06,0.0076124567474049,1.6479406555739958e-06,1,1,1,1,0
196,0,13:19:51,2,0.0038062283737025,11616.0,0.0043252595155709,0.0038062283737025,1.3443899868172658e-05,0.0034602076124568,3.427716563593911e-05,0.003114186851211,2.3071169178035943e-06,0.0027681660899654,2.9003755538102327e-05,0.0024221453287196,2.4719109833609935e-05,0.0048442906574395,8.239703277869979e-07,0.005190311418685,1.1535584589017972e-06,0.0055363321799308,4.614233835607189e-06,0.0058823529411764,1.6973788752412158e-05,0.0069204152249136,4.020975199600549e-06,1,1,1,1,0
197,0,13:19:54,2,0.0048442906574395,14514.0,0.0044982698961939,0.0041522491349481,5.273410097836786e-06,0.0038062283737025,1.3443899868172658e-05,0.0034602076124568,3.427716563593911e-05,0.003114186851211,2.3071169178035943e-06,0.0027681660899654,2.9003755538102327e-05,0.0048442906574395,4.943821966721988e-07,0.005190311418685,1.1535584589017972e-06,0.0055363321799308,4.614233835607189e-06,0.0058823529411764,1.6973788752412158e-05,0.0069204152249136,4.020975199600549e-06,1,0,1,1,0
198,0,13:19:57,2,0.0048442906574395,0.0,0.0044982698961939,0.0041522491349481,5.273410097836786e-06,0.0038062283737025,1.3443899868172658e-05,0.0034602076124568,3.427716563593911e-05,0.003114186851211,2.3071169178035943e-06,0.0027681660899654,2.9003755538102327e-05,0.0048442906574395,4.943821966721988e-07,0.005190311418685,1.1535584589017972e-06,0.0055363321799308,4.614233835607189e-06,0.0058823529411764,1.6973788752412158e-05,0.0069204152249136,4.020975199600549e-06,1,0,1,0,0
199,0,13:20:00,2,0.0048442906574395,5807.0,0.0044982698961939,0.0041522491349481,5.273410097836786e-06,0.0038062283737025,1.3443899868172658e-05,0.0034602076124568,3.427716563593911e-05,0.003114186851211,2.3071169178035943e-06,0.0027681660899654,2.9003755538102327e-05,0.0048442906574395,3.295881311147992e-07,0.005190311418685,1.1535584589017972e-06,0.0055363321799308,4.614233835607189e-06,0.0058823529411764,1.6973788752412158e-05,0.0069204152249136,4.020975199600549e-06,1,0,1,0,0
200,0,13:20:03,2,0.0048442906574395,0.0,0.0044982698961939,0.0041522491349481,5.273410097836786e-06,0.0038062283737025,1.3443899868172658e-05,0.0034602076124568,3.427716563593911e-05,0.003114186851211,2.3071169178035943e-06,0.0027681660899654,2.9003755538102327e-05,0.0048442906574395,3.295881311147992e-07,0.005190311418685,1.1535584589017972e-06,0.0055363321799308,4.614233835607189e-06,0.0058823529411764,1.6973788752412158e-05,0.0069204152249136,4.020975199600549e-06,1,0,1,0,0
201,0,13:20:06,2,0.0048442906574395,0.0,0.0044982698961939,0.0041522491349481,5.273410097836786e-06,0.0038062283737025,1.3443899868172658e-05,0.0034602076124568,3.427716563593911e-05,0.003114186851211,2.3071169178035943e-06,0.0027681660899654,2.9003755538102327e-05,0.0048442906574395,3.295881311147992e-07,0.005190311418685,1.1535584589017972e-06,0.0055363321799308,4.614233835607189e-06,0.0058823529411764,1.6973788752412158e-05,0.0069204152249136,4.020975199600549e-06,1,0,1,0,0
202,0,13:20:09,2,0.0041522491349481,29020.0,0.0044982698961939,0.0041522491349481,3.625469442262791e-06,0.0038062283737025,1.3443899868172658e-05,0.0034602076124568,3.427716563593911e-05,0.003114186851211,2.3071169178035943e-06,0.0027681660899654,2.9003755538102327e-05,0.0048442906574395,4.449439770049789e-06,0.005190311418685,1.1535584589017972e-06,0.0055363321799308,4.614233835607189e-06,0.0058823529411764,1.6973788752412158e-05,0.0069204152249136,4.020975199600549e-06,0,0,1,1,0
203,0,13:20:12,2,0.0041522491349481,0.0,0.0044982698961939,0.0041522491349481,3.625469442262791e-06,0.0038062283737025,1.3443899868172658e-05,0.0034602076124568,3.427716563593911e-05,0.003114186851211,2.3071169178035943e-06,0.0027681660899654,3.229963684925032e-05,0.0048442906574395,4.449439770049789e-06,0.005190311418685,1.1535584589017972e-06,0.0055363321799308,4.614233835607189e-06,0.0058823529411764,1.7138582817969556e-05,0.0069204152249136,4.020975199600549e-06,0,0,1,1,0
204,0,13:20:15,2,0.0041522491349481,0.0,0.0044982698961939,0.0041522491349481,3.625469442262791e-06,0.0038062283737025,1.3443899868172658e-05,0.0034602076124568,3.444195970149651e-05,0.003114186851211,2.3071169178035943e-06,0.0027681660899654,3.229963684925032e-05,0.0048442906574395,6.921350753410782e-06,0.005190311418685,1.1535584589017972e-06,0.0055363321799308,4.614233835607189e-06,0.0058823529411764,1.7138582817969556e-05,0.0069204152249136,4.020975199600549e-06,0,0,1,1,0
205,0,13:20:18,2,0.0041522491349481,31924.0,0.0044982698961939,0.0041522491349481,1.977528786688795e-06,0.0038062283737025,1.3773487999287456e-05,0.0034602076124568,3.444195970149651e-05,0.003114186851211,2.3071169178035943e-06,0.0027681660899654,3.229963684925032e-05,0.0048442906574395,6.756556687853383e-06,0.005190311418685,1.1535584589017972e-06,0.0055363321799308,4.614233835607189e-06,0.0058823529411764,1.7138582817969556e-05,0.0069204152249136,4.020975199600549e-06,0,0,1,1,0
206,0,13:20:21,2,0.0041522491349481,0.0,0.0044982698961939,0.0041522491349481,1.977528786688795e-06,0.0038062283737025,1.3938282064844855e-05,0.0034602076124568,3.444195970149651e-05,0.003114186851211,2.3071169178035943e-06,0.0027681660899654,3.229963684925032e-05,0.0048442906574395,6.756556687853383e-06,0.005190311418685,1.1535584589017972e-06,0.0055363321799308,4.614233835607189e-06,0.0058823529411764,1.7138582817969556e-05,0.0069204152249136,4.020975199600549e-06,0,0,1,1,0
207,0,13:20:24,2,0.0038062283737025,145062.0,0.0039792387543253,0.0038062283737025,7.840901639221072e-06,0.0034602076124568,3.444195970149651e-05,0.003114186851211,2.3071169178035943e-06,0.0027681660899654,3.229963684925032e-05,0.0024221453287196,2.4719109833609935e-05,0.0041522491349481,9.887643933443977e-06,0.0048442906574395,6.756556687853383e-06,0.005190311418685,1.1535584589017972e-06,0.0055363321799308,4.614233835607189e-06,0.0058823529411764,1.7138582817969556e-05,1,1,1,1,0
208,0,13:20:27,2,0.0038062283737025,0.0,0.0039792387543253,0.0038062283737025,7.840901639221072e-06,0.0034602076124568,3.691387068485751e-05,0.003114186851211,2.3071169178035943e-06,0.0027681660899654,3.229963684925032e-05,0.0024221453287196,2.4719109833609935e-05,0.0041522491349481,9.887643933443977e-06,0.0048442906574395,6.756556687853383e-06,0.005190311418685,1.1535584589017972e-06,0.0055363321799308,4.614233835607189e-06,0.0058823529411764,1.7138582817969556e-05,1,1,1,1,0
209,0,13:20:30,2,0.0038062283737025,84129.0,0.0039792387543253,0.0038062283737025,3.061873738056484e-06,0.0034602076124568,3.691387068485751e-05,0.003114186851211,2.3071169178035943e-06,0.0027681660899654,3.229963684925032e-05,0.0024221453287196,2.4719109833609935e-05,0.0041522491349481,9.887643933443977e-06,0.0048442906574395,6.756556687853383e-06,0.005190311418685,1.1535584589017972e-06,0.0055363321799308,4.614233835607189e-06,0.0058823529411764,1.7138582817969556e-05,1,1,1,1,0
210,0,13:20:33,2,0.0038062283737025,17406.0,0.0039792387543253,0.0038062283737025,2.8970796724990847e-06,0.0034602076124568,3.691387068485751e-05,0.003114186851211,2.3071169178035943e-06,0.0027681660899654,3.229963684925032e-05,0.0024221453287196,2.4719109833609935e-05,0.0041522491349481,9.887643933443977e-06,0.0048442906574395,6.756556687853383e-06,0.005190311418685,1.1535584589017972e-06,0.0055363321799308,4.614233835607189e-06,0.0058823529411764,1.7138582817969556e-05,1,1,1,1,0
211,0,13:20:36,2,0.0038062283737025,0.0,0.0039792387543253,0.0038062283737025,3.226667803613884e-06,0.0034602076124568,3.691387068485751e-05,0.003114186851211,2.3071169178035943e-06,0.0027681660899654,3.229963684925032e-05,0.0024221453287196,2.4719109833609935e-05,0.0041522491349481,1.0711614261230972e-05,0.0044982698961939,4.943821966721988e-07,0.0048442906574395,6.756556687853383e-06,0.005190311418685,1.1535584589017972e-06,0.0055363321799308,4.614233835607189e-06,1,1,1,1,0
212,0,13:20:39,2,0.0041522491349481,92823.0,0.0039792387543253,0.0038062283737025,1.6479406555739958e-06,0.0034602076124568,3.5196716521749404e-05,0.003114186851211,2.3071169178035943e-06,0.0027681660899654,3.229963684925032e-05,0.0024221453287196,2.4719109833609935e-05,0.0041522491349481,1.0382026130116173e-05,0.0044982698961939,4.943821966721988e-07,0.0048442906574395,6.756556687853383e-06,0.005190311418685,1.1535584589017972e-06,0.0055363321799308,5.273410097836786e-06,1,1,1,1,0
213,0,13:20:42,2,0.0041522491349481,0.0,0.0039792387543253,0.0038062283737025,1.6479406555739958e-06,0.0034602076124568,3.5196716521749404e-05,0.003114186851211,2.3071169178035943e-06,0.0027681660899654,3.229963684925032e-05,0.0024221453287196,2.4719109833609935e-05,0.0041522491349481,1.0382026130116173e-05,0.0044982698961939,4.943821966721988e-07,0.0048442906574395,6.756556687853383e-06,0.005190311418685,1.1535584589017972e-06,0.0055363321799308,5.273410097836786e-06,1,1,1,1,0
214,0,13:20:45,2,0.0041522491349481,5803.0,0.0039792387543253,0.0038062283737025,1.4831465900165962e-06,0.0034602076124568,3.5196716521749404e-05,0.003114186851211,2.3071169178035943e-06,0.0027681660899654,3.229963684925032e-05,0.0024221453287196,2.4719109833609935e-05,0.0041522491349481,1.0217232064558776e-05,0.0044982698961939,4.943821966721988e-07,0.0048442906574395,6.756556687853383e-06,0.005190311418685,1.1535584589017972e-06,0.0055363321799308,5.273410097836786e-06,1,1,1,1,1
215,0,13:20:48,2,0.0041522491349481,0.0,0.0039792387543253,0.0038062283737025,3.131087245590592e-06,0.0034602076124568,3.5196716521749404e-05,0.003114186851211,2.3071169178035943e-06,0.0027681660899654,3.229963684925032e-05,0.0024221453287196,2.4719109833609935e-05,0.0041522491349481,1.0217232064558776e-05,0.0044982698961939,4.943821966721988e-07,0.0048442906574395,6.756556687853383e-06,0.005190311418685,1.1535584589017972e-06,0.0055363321799308,5.273410097836786e-06,1,1,1,0,1
216,0,13:20:51,2,0.0041522491349481,0.0,0.0039792387543253,0.0038062283737025,3.131087245590592e-06,0.0034602076124568,3.5196716521749404e-05,0.003114186851211,2.3071169178035943e-06,0.0027681660899654,3.229963684925032e-05,0.0024221453287196,2.4719109833609935e-05,0.0041522491349481,1.0217232064558776e-05,0.0048442906574395,6.756556687853383e-06,0.005190311418685,1.1535584589017972e-06,0.0055363321799308,5.273410097836786e-06,0.0058823529411764,1.7138582817969556e-05,1,1,1,0,1
217,0,13:20:54,2,0.0038062283737025,8703.0,0.0039792387543253,0.0038062283737025,2.636705048918393e-06,0.0034602076124568,3.5196716521749404e-05,0.003114186851211,2.3071169178035943e-06,0.0027681660899654,3.229963684925032e-05,0.0024221453287196,2.4719109833609935e-05,0.0041522491349481,1.0217232064558776e-05,0.0048442906574395,6.756556687853383e-06,0.005190311418685,1.1535584589017972e-06,0.0055363321799308,5.273410097836786e-06,0.0058823529411764,1.7138582817969556e-05,1,1,1,0,1
218,0,13:20:57,2,0.0038062283737025,0.0,0.0039792387543253,0.0038062283737025,2.636705048918393e-06,0.0034602076124568,3.766862750511039e-05,0.003114186851211,2.3071169178035943e-06,0.0027681660899654,3.229963684925032e-05,0.0024221453287196,2.4719109833609935e-05,0.0041522491349481,1.0217232064558776e-05,0.0048442906574395,6.756556687853383e-06,0.005190311418685,2.3071169178035943e-06,0.0055363321799308,4.449439770049789e-06,0.0058823529411764,1.7138582817969556e-05,1,1,1,0,1
219,0,13:21:00,2,0.0038062283737025,11604.0,0.0039792387543253,0.0038062283737025,3.7902635078201903e-06,0.0034602076124568,3.766862750511039e-05,0.003114186851211,2.3071169178035943e-06,0.0027681660899654,3.229963684925032e-05,0.0024221453287196,2.4719109833609935e-05,0.0041522491349481,1.0217232064558776e-05,0.0048442906574395,6.756556687853383e-06,0.005190311418685,2.3071169178035943e-06,0.0055363321799308,4.449439770049789e-06,0.0058823529411764,1.7138582817969556e-05,1,1,1,0,1
220,0,13:21:03,2,0.0038062283737025,29017.0,0.0039792387543253,0.0038062283737025,4.119851638934989e-06,0.0034602076124568,3.766862750511039e-05,0.003114186851211,2.3071169178035943e-06,0.0027681660899654,3.229963684925032e-05,0.0024221453287196,2.4719109833609935e-05,0.0041522491349481,1.0711614261230972e-05,0.0048442906574395,6.756556687853383e-06,0.005190311418685,2.3071169178035943e-06,0.0055363321799308,4.449439770049789e-06,0.0058823529411764,1.7138582817969556e-05,1,1,1,0,1
221,0,13:21:06,2,0.0038062283737025,0.0,0.0039792387543253,0.0038062283737025,4.119851638934989e-06,0.0034602076124568,3.766862750511039e-05,0.003114186851211,2.3071169178035943e-06,0.0027681660899654,3.229963684925032e-05,0.0024221453287196,2.4719109833609935e-05,0.0041522491349481,1.0711614261230972e-05,0.0048442906574395,6.756556687853383e-06,0.005190311418685,2.3071169178035943e-06,0.0055363321799308,4.449439770049789e-06,0.0058823529411764,1.7138582817969556e-05,1,1,1,0,1
222,0,13:21:09,2,0.0038062283737025,23208.0,0.0039792387543253,0.0038062283737025,2.801499114475793e-06,0.0034602076124568,3.766862750511039e-05,0.003114186851211,2.3071169178035943e-06,0.0027681660899654,3.229963684925032e-05,0.0024221453287196,2.4719109833609935e-05,0.0041522491349481,1.0711614261230972e-05,0.0048442906574395,6.756556687853383e-06,0.005190311418685,2.3071169178035943e-06,0.0055363321799308,4.449439770049789e-06,0.0058823529411764,1.7138582817969556e-05,1,1,1,0,1
223,0,13:21:12,2,0.0038062283737025,0.0,0.0039792387543253,0.0038062283737025,2.801499114475793e-06,0.0034602076124568,3.766862750511039e-05,0.003114186851211,2.3071169178035943e-06,0.0027681660899654,3.229963684925032e-05,0.0024221453287196,2.4719109833609935e-05,0.0041522491349481,1.0711614261230972e-05,0.0048442906574395,6.756556687853383e-06,0.005190311418685,2.3071169178035943e-06,0.0055363321799308,4.449439770049789e-06,0.0058823529411764,1.7138582817969556e-05,1,1,1,0,1
224,0,13:21:15,2,0.0041522491349481,11608.0,0.0039792387543253,0.0038062283737025,2.801499114475793e-06,0.0034602076124568,3.766862750511039e-05,0.003114186851211,2.3071169178035943e-06,0.0027681660899654,3.229963684925032e-05,0.0024221453287196,2.4719109833609935e-05,0.0041522491349481,1.0052437999001376e-05,0.0048442906574395,6.756556687853383e-06,0.005190311418685,2.3071169178035943e-06,0.0055363321799308,4.449439770049789e-06,0.0058823529411764,1.7138582817969556e-05,1,1,1,0,1
225,0,13:21:18,2,0.0038062283737025,17406.0,0.0039792387543253,0.0038062283737025,1.8127347211313956e-06,0.0034602076124568,3.766862750511039e-05,0.003114186851211,2.3071169178035943e-06,0.0027681660899654,3.229963684925032e-05,0.0024221453287196,2.4719109833609935e-05,0.0041522491349481,1.0052437999001376e-05,0.0048442906574395,6.756556687853383e-06,0.005190311418685,2.3071169178035943e-06,0.0055363321799308,4.449439770049789e-06,0.0058823529411764,1.7138582817969556e-05,1,1,1,0,1
226,0,13:21:21,2,0.0038062283737025,0.0,0.0039792387543253,0.0038062283737025,1.8127347211313956e-06,0.0034602076124568,3.7503833439553e-05,0.003114186851211,2.3071169178035943e-06,0.0027681660899654,3.229963684925032e-05,0.0024221453287196,2.4719109833609935e-05,0.0041522491349481,1.0052437999001376e-05,0.0048442906574395,6.756556687853383e-06,0.005190311418685,2.3071169178035943e-06,0.0055363321799308,4.449439770049789e-06,0.0058823529411764,1.6973788752412158e-05,1,1,1,0,1
227,0,13:21:24,2,0.0041522491349481,5804.0,0.0039792387543253,0.0038062283737025,4.9438219667219874e-06,0.0034602076124568,3.7503833439553e-05,0.003114186851211,2.3071169178035943e-06,0.0027681660899654,3.229963684925032e-05,0.0024221453287196,2.4719109833609935e-05,0.0041522491349481,1.2689143047919769e-05,0.0048442906574395,6.756556687853383e-06,0.005190311418685,2.3071169178035943e-06,0.0055363321799308,4.449439770049789e-06,0.0058823529411764,1.6973788752412158e-05,1,1,1,0,1
228,0,13:21:27,2,0.0041522491349481,0.0,0.0039792387543253,0.0038062283737025,4.9438219667219874e-06,0.0034602076124568,3.7503833439553e-05,0.003114186851211,2.3071169178035943e-06,0.0027681660899654,3.229963684925032e-05,0.0024221453287196,2.4719109833609935e-05,0.0041522491349481,1.2689143047919769e-05,0.0048442906574395,6.756556687853383e-06,0.005190311418685,2.3071169178035943e-06,0.0055363321799308,4.449439770049789e-06,0.0058823529411764,1.6973788752412158e-05,1,0,1,0,1
229,0,13:21:30,2,0.0041522491349481,89949.0,0.0039792387543253,0.0038062283737025,4.449439770049789e-06,0.0034602076124568,3.7503833439553e-05,0.003114186851211,2.3071169178035943e-06,0.0027681660899654,3.229963684925032e-05,0.0024221453287196,2.4719109833609935e-05,0.0041522491349481,9.722849867886577e-06,0.0048442906574395,6.756556687853383e-06,0.005190311418685,2.3071169178035943e-06,0.0055363321799308,4.449439770049789e-06,0.0058823529411764,1.6973788752412158e-05,1,0,1,0,1
230,0,13:21:33,2,0.0038062283737025,17406.0,0.0039792387543253,0.0038062283737025,3.460675376705391e-06,0.0034602076124568,3.7503833439553e-05,0.003114186851211,2.3071169178035943e-06,0.0027681660899654,3.229963684925032e-05,0.0024221453287196,2.4719109833609935e-05,0.0041522491349481,9.722849867886577e-06,0.0048442906574395,6.756556687853383e-06,0.005190311418685,2.3071169178035943e-06,0.0055363321799308,4.449439770049789e-06,0.0058823529411764,1.6973788752412158e-05,1,0,1,0,1
231,0,13:21:36,2,0.0038062283737025,55120.0,0.0039792387543253,0.0038062283737025,4.943821966721988e-07,0.0034602076124568,3.7503833439553e-05,0.003114186851211,2.3071169178035943e-06,0.0027681660899654,3.229963684925032e-05,0.0024221453287196,2.4719109833609935e-05,0.0041522491349481,9.558055802329175e-06,0.0048442906574395,6.756556687853383e-06,0.005190311418685,2.3071169178035943e-06,0.0055363321799308,4.449439770049789e-06,0.0058823529411764,1.6973788752412158e-05,1,0,1,0,1
232,0,13:21:39,2,0.0038062283737025,8703.0,0.0036332179930798,0.0034602076124568,3.766862750511039e-05,0.003114186851211,2.3071169178035943e-06,0.0027681660899654,3.229963684925032e-05,0.0024221453287196,2.4719109833609935e-05,0.002076124567474,1.170037865457537e-05,0.0038062283737025,4.449439770049789e-06,0.0041522491349481,9.558055802329175e-06,0.0048442906574395,6.756556687853383e-06,0.005190311418685,2.3071169178035943e-06,0.0055363321799308,4.449439770049789e-06,1,1,1,1,1
233,0,13:21:42,2,0.0038062283737025,0.0,0.0036332179930798,0.0034602076124568,3.766862750511039e-05,0.003114186851211,4.119851638934989e-06,0.0027681660899654,3.229963684925032e-05,0.0024221453287196,2.4719109833609935e-05,0.002076124567474,1.170037865457537e-05,0.0038062283737025,4.449439770049789e-06,0.0041522491349481,9.558055802329175e-06,0.0048442906574395,6.756556687853383e-06,0.005190311418685,2.3071169178035943e-06,0.0055363321799308,4.449439770049789e-06,1,1,1,1,1
234,0,13:21:45,2,0.0038062283737025,8703.0,0.0036332179930798,0.0034602076124568,3.766862750511039e-05,0.003114186851211,4.119851638934989e-06,0.0027681660899654,3.229963684925032e-05,0.0024221453287196,1.582023029351036e-05,0.002076124567474,1.170037865457537e-05,0.0038062283737025,3.95505757337759e-06,0.0041522491349481,9.558055802329175e-06,0.0048442906574395,6.756556687853383e-06,0.005190311418685,2.3071169178035943e-06,0.0055363321799308,4.449439770049789e-06,1,1,1,1,1
235,0,13:21:48,2,0.0038062283737025,66723.0,0.0036332179930798,0.0034602076124568,3.766862750511039e-05,0.003114186851211,4.119851638934989e-06,0.0027681660899654,3.229963684925032e-05,0.0024221453287196,1.582023029351036e-05,0.002076124567474,1.170037865457537e-05,0.0038062283737025,5.273410097836786e-06,0.0041522491349481,9.558055802329175e-06,0.0048442906574395,6.756556687853383e-06,0.005190311418685,2.3071169178035943e-06,0.0055363321799308,4.449439770049789e-06,1,1,1,1,1
236,0,13:21:51,2,0.0034602076124568,101501.0,0.0036332179930798,0.0034602076124568,3.206562927615881e-05,0.003114186851211,4.119851638934989e-06,0.0027681660899654,3.229963684925032e-05,0.0024221453287196,1.582023029351036e-05,0.002076124567474,1.170037865457537e-05,0.0038062283737025,5.108616032279387e-06,0.0041522491349481,9.558055802329175e-06,0.0048442906574395,6.756556687853383e-06,0.005190311418685,2.3071169178035943e-06,0.0055363321799308,4.449439770049789e-06,1,1,1,1,1
237,0,13:21:54,2,0.0038062283737025,5802.0,0.0036332179930798,0.0034602076124568,3.206562927615881e-05,0.003114186851211,4.119851638934989e-06,0.0027681660899654,3.229963684925032e-05,0.0024221453287196,1.582023029351036e-05,0.002076124567474,1.170037865457537e-05,0.0038062283737025,4.779027901164588e-06,0.0041522491349481,9.558055802329175e-06,0.0048442906574395,6.756556687853383e-06,0.005190311418685,2.3071169178035943e-06,0.0055363321799308,4.449439770049789e-06,1,1,1,1,1
238,0,13:21:57,2,0.0034602076124568,570082.0,0.0032871972318337,0.003114186851211,4.119851638934989e-06,0.0027681660899654,3.229963684925032e-05,0.0024221453287196,1.582023029351036e-05,0.002076124567474,1.170037865457537e-05,0.0017301038062282,2.1093640391347145e-05,0.0034602076124568,5.635957042063066e-07,0.0038062283737025,4.779027901164588e-06,0.0041522491349481,9.558055802329175e-06,0.0048442906574395,6.756556687853383e-06,0.005190311418685,2.3071169178035943e-06,1,1,1,1,1
239,0,13:22:00,2,0.0034602076124568,0.0,0.0032871972318337,0.003114186851211,4.119851638934989e-06,0.0027681660899654,3.229963684925032e-05,0.0024221453287196,1.582023029351036e-05,0.002076124567474,1.170037865457537e-05,0.0017301038062282,2.1093640391347145e-05,0.0034602076124568,5.635957042063066e-07,0.0038062283737025,3.77378410126445e-05,0.0041522491349481,9.558055802329175e-06,0.0048442906574395,6.756556687853383e-06,0.005190311418685,2.3071169178035943e-06,1,1,1,1,1
240,0,13:22:03,2,0.0038062283737025,11601.0,0.0034602076124568,0.003114186851211,4.119851638934989e-06,0.0027681660899654,3.724345881597231e-05,0.0024221453287196,1.582023029351036e-05,0.002076124567474,1.170037865457537e-05,0.0017301038062282,2.1093640391347145e-05,0.0038062283737025,3.764226045462121e-05,0.0041522491349481,9.558055802329175e-06,0.0048442906574395,6.756556687853383e-06,0.005190311418685,2.3071169178035943e-06,0.0055363321799308,4.449439770049789e-06,1,1,1,1,1
241,0,13:22:06,2,0.0038062283737025,0.0,0.0034602076124568,0.003114186851211,5.767792294508985e-06,0.0027681660899654,3.674907661930011e-05,0.0024221453287196,1.582023029351036e-05,0.002076124567474,1.170037865457537e-05,0.0017301038062282,2.1093640391347145e-05,0.0038062283737025,3.764226045462121e-05,0.0041522491349481,9.558055802329175e-06,0.0048442906574395,6.756556687853383e-06,0.005190311418685,2.3071169178035943e-06,0.0055363321799308,4.449439770049789e-06,1,1,1,1,1
242,0,13:22:09,2,0.0038062283737025,0.0,0.0036332179930798,0.0034602076124568,9.887643933443975e-07,0.003114186851211,5.767792294508985e-06,0.0027681660899654,3.724345881597231e-05,0.0024221453287196,1.582023029351036e-05,0.002076124567474,1.170037865457537e-05,0.0038062283737025,3.764226045462121e-05,0.0041522491349481,9.558055802329175e-06,0.0048442906574395,6.756556687853383e-06,0.005190311418685,2.3071169178035943e-06,0.0055363321799308,4.449439770049789e-06,1,1,0,1,1
243,0,13:22:12,2,0.0038062283737025,0.0,0.0036332179930798,0.0034602076124568,9.887643933443975e-07,0.003114186851211,6.262174491181184e-06,0.0027681660899654,3.724345881597231e-05,0.0024221453287196,1.582023029351036e-05,0.002076124567474,1.170037865457537e-05,0.0038062283737025,3.764226045462121e-05,0.0041522491349481,9.558055802329175e-06,0.0048442906574395,6.756556687853383e-06,0.005190311418685,2.3071169178035943e-06,0.0055363321799308,4.449439770049789e-06,1,1,0,1,1
244,0,13:22:15,2,0.0038062283737025,60918.0,0.0036332179930798,0.0034602076124568,4.943821966721988e-07,0.003114186851211,6.262174491181184e-06,0.0027681660899654,3.724345881597231e-05,0.0024221453287196,1.582023029351036e-05,0.002076124567474,1.170037865457537e-05,0.0038062283737025,3.467596727458802e-05,0.0041522491349481,9.558055802329175e-06,0.0048442906574395,6.756556687853383e-06,0.005190311418685,2.3071169178035943e-06,0.0055363321799308,4.449439770049789e-06,1,1,0,1,1
245,0,13:22:18,2,0.0038062283737025,34812.0,0.0036332179930798,0.0034602076124568,4.943821966721988e-07,0.003114186851211,6.591762622295983e-06,0.0027681660899654,3.724345881597231e-05,0.0024221453287196,1.582023029351036e-05,0.002076124567474,1.170037865457537e-05,0.0038062283737025,3.269843848789923e-05,0.0041522491349481,9.558055802329175e-06,0.0048442906574395,6.756556687853383e-06,0.005190311418685,2.3071169178035943e-06,0.0055363321799308,4.449439770049789e-06,1,0,0,1,1
246,0,13:22:21,2,0.0038062283737025,31909.0,0.0036332179930798,0.0034602076124568,1.6479406555739957e-07,0.003114186851211,6.591762622295983e-06,0.0027681660899654,3.724345881597231e-05,0.0024221453287196,1.582023029351036e-05,0.002076124567474,1.170037865457537e-05,0.0038062283737025,3.121529189788263e-05,0.0041522491349481,9.558055802329175e-06,0.0048442906574395,6.756556687853383e-06,0.005190311418685,2.3071169178035943e-06,0.0055363321799308,4.449439770049789e-06,1,0,0,1,1
247,0,13:22:24,2,0.0038062283737025,0.0,0.0036332179930798,0.0034602076124568,1.6479406555739957e-07,0.003114186851211,6.591762622295983e-06,0.0027681660899654,3.724345881597231e-05,0.0024221453287196,1.582023029351036e-05,0.002076124567474,1.170037865457537e-05,0.0038062283737025,3.121529189788263e-05,0.0041522491349481,9.558055802329175e-06,0.0048442906574395,6.756556687853383e-06,0.005190311418685,2.3071169178035943e-06,0.0055363321799308,4.449439770049789e-06,1,0,0,1,1
248,0,13:22:27,2,0.0038062283737025,8703.0,0.0036332179930798,0.0034602076124568,1.6479406555739957e-07,0.003114186851211,6.591762622295983e-06,0.0027681660899654,3.724345881597231e-05,0.0024221453287196,1.582023029351036e-05,0.002076124567474,1.170037865457537e-05,0.0038062283737025,3.072090970121043e-05,0.0041522491349481,9.558055802329175e-06,0.0048442906574395,6.756556687853383e-06,0.005190311418685,2.3071169178035943e-06,0.0055363321799308,4.449439770049789e-06,1,0,0,1,1
249,0,13:22:30,2,0.0034602076124568,14500.0,0.0032871972318337,0.003114186851211,6.591762622295983e-06,0.0027681660899654,3.724345881597231e-05,0.0024221453287196,1.582023029351036e-05,0.002076124567474,1.170037865457537e-05,0.0017301038062282,2.0928846325789747e-05,0.0034602076124568,2.4719109833609937e-06,0.0038062283737025,3.072090970121043e-05,0.0041522491349481,9.558055802329175e-06,0.0048442906574395,6.756556687853383e-06,0.005190311418685,2.3071169178035943e-06,1,0,1,1,1
250,0,13:22:33,2,0.0034602076124568,5800.0,0.0032871972318337,0.003114186851211,6.591762622295983e-06,0.0027681660899654,3.724345881597231e-05,0.0024221453287196,1.582023029351036e-05,0.002076124567474,1.170037865457537e-05,0.0017301038062282,2.0928846325789747e-05,0.0034602076124568,2.4719109833609937e-06,0.0038062283737025,3.072090970121043e-05,0.0041522491349481,9.558055802329175e-06,0.0048442906574395,6.756556687853383e-06,0.005190311418685,2.3071169178035943e-06,1,0,1,1,1
251,0,13:22:36,2,0.0034602076124568,26100.0,0.0032871972318337,0.003114186851211,6.591762622295983e-06,0.0027681660899654,3.724345881597231e-05,0.0024221453287196,1.582023029351036e-05,0.002076124567474,1.170037865457537e-05,0.0017301038062282,2.0928846325789747e-05,0.0034602076124568,9.887643933443975e-07,0.0038062283737025,3.072090970121043e-05,0.0041522491349481,9.558055802329175e-06,0.0048442906574395,6.756556687853383e-06,0.005190311418685,2.3071169178035943e-06,0,0,1,1,1
252,0,13:22:39,2,0.0027681660899654,741940.0,0.0036332179930798,0.0034602076124568,8.239703277869979e-07,0.003114186851211,6.591762622295983e-07,0.0027681660899654,4.943821966721988e-07,0.0024221453287196,1.582023029351036e-05,0.002076124567474,1.170037865457537e-05,0.0038062283737025,3.072090970121043e-05,0.0041522491349481,9.558055802329175e-06,0.0048442906574395,6.756556687853383e-06,0.005190311418685,2.3071169178035943e-06,0.0055363321799308,4.449439770049789e-06,0,0,1,1,1
253,0,13:22:42,2,0.0027681660899654,0.0,0.0036332179930798,0.0034602076124568,1.8127347211313956e-06,0.003114186851211,2.9662931800331924e-06,0.0027681660899654,4.943821966721988e-07,0.0024221453287196,1.582023029351036e-05,0.002076124567474,1.170037865457537e-05,0.0038062283737025,3.072090970121043e-05,0.0041522491349481,9.558055802329175e-06,0.0048442906574395,6.756556687853383e-06,0.005190311418685,2.3071169178035943e-06,0.0055363321799308,4.449439770049789e-06,0,0,1,1,1
254,0,13:22:45,2,0.0034602076124568,31900.0,0.0032871972318337,0.003114186851211,2.9662931800331924e-06,0.0027681660899654,4.943821966721988e-07,0.0024221453287196,1.582023029351036e-05,0.002076124567474,1.170037865457537e-05,0.0017301038062282,2.0928846325789747e-05,0.0034602076124568,4.943821966721988e-07,0.0038062283737025,3.072090970121043e-05,0.0041522491349481,9.558055802329175e-06,0.0048442906574395,6.756556687853383e-06,0.005190311418685,2.3071169178035943e-06,0,0,1,1,1
255,0,13:22:48,2,0.003114186851211,139188.0,0.0029411764705882,0.0027681660899654,1.6479406555739957e-07,0.0024221453287196,1.582023029351036e-05,0.002076124567474,1.170037865457537e-05,0.0017301038062282,2.0928846325789747e-05,0.0013840830449827,9.887643933443975e-07,0.003114186851211,2.010487599800275e-05,0.0038062283737025,2.9732145307866037e-05,0.0041522491349481,8.734085474542178e-06,0.0048442906574395,6.756556687853383e-06,0.005190311418685,2.3071169178035943e-06,1,1,1,1,1
256,0,13:22:51,2,0.0024221453287196,8692.0,0.0027681660899654,0.0024221453287196,1.549064216239556e-05,0.002076124567474,1.170037865457537e-05,0.0017301038062282,2.0928846325789747e-05,0.0013840830449827,9.887643933443975e-07,0.0010380622837371,4.119851638934989e-06,0.003114186851211,2.010487599800275e-05,0.0038062283737025,2.9732145307866037e-05,0.0041522491349481,8.734085474542178e-06,0.0048442906574395,6.756556687853383e-06,0.005190311418685,2.3071169178035943e-06,1,1,1,1,1
257,0,13:22:54,2,0.003114186851211,2899.0,0.0029411764705882,0.0027681660899654,3.295881311147992e-07,0.0024221453287196,1.549064216239556e-05,0.002076124567474,1.170037865457537e-05,0.0017301038062282,2.0928846325789747e-05,0.0013840830449827,9.887643933443975e-07,0.003114186851211,1.9940081932445348e-05,0.0038062283737025,2.9732145307866037e-05,0.0041522491349481,8.734085474542178e-06,0.0048442906574395,6.756556687853383e-06,0.005190311418685,2.3071169178035943e-06,1,1,1,1,1
258,0,13:22:57,2,0.0024221453287196,66673.0,0.0027681660899654,0.0024221453287196,1.532584809683816e-05,0.002076124567474,1.170037865457537e-05,0.0017301038062282,2.0928846325789747e-05,0.0013840830449827,9.887643933443975e-07,0.0010380622837371,4.119851638934989e-06,0.003114186851211,1.8127347211313955e-05,0.0038062283737025,2.9732145307866037e-05,0.0041522491349481,8.734085474542178e-06,0.0048442906574395,6.756556687853383e-06,0.005190311418685,2.3071169178035943e-06,1,1,1,1,1
259,0,13:23:00,2,0.003114186851211,31889.0,0.0027681660899654,0.0024221453287196,1.532584809683816e-05,0.002076124567474,1.170037865457537e-05,0.0017301038062282,2.0928846325789747e-05,0.0013840830449827,9.887643933443975e-07,0.0010380622837371,4.119851638934989e-06,0.003114186851211,1.6314612490182558e-05,0.0038062283737025,2.9732145307866037e-05,0.0041522491349481,8.734085474542178e-06,0.0048442906574395,6.756556687853383e-06,0.005190311418685,2.3071169178035943e-06,1,1,1,1,1
260,0,13:23:03,2,0.003114186851211,0.0,0.0025951557093426,0.0024221453287196,1.532584809683816e-05,0.002076124567474,1.170037865457537e-05,0.0017301038062282,2.0928846325789747e-05,0.0013840830449827,9.887643933443975e-07,0.0010380622837371,4.119851638934989e-06,0.0027681660899654,4.943821966721988e-07,0.003114186851211,1.6314612490182558e-05,0.0034602076124568,1.6479406555739958e-06,0.0038062283737025,2.9732145307866037e-05,0.0041522491349481,8.734085474542178e-06,1,1,2,2,1
261,0,13:23:06,2,0.0027681660899654,5796.0,0.0025951557093426,0.0024221453287196,1.532584809683816e-05,0.002076124567474,1.170037865457537e-05,0.0017301038062282,2.0928846325789747e-05,0.0013840830449827,9.887643933443975e-07,0.0010380622837371,4.119851638934989e-06,0.0027681660899654,8.239703277869979e-07,0.003114186851211,2.2082404784691544e-05,0.0034602076124568,1.6479406555739958e-06,0.0038062283737025,2.9732145307866037e-05,0.0041522491349481,8.734085474542178e-06,1,1,2,1,1
262,0,13:23:09,2,0.0027681660899654,0.0,0.0025951557093426,0.0024221453287196,1.532584809683816e-05,0.002076124567474,1.2853937113477169e-05,0.0017301038062282,2.0928846325789747e-05,0.0013840830449827,9.887643933443975e-07,0.0010380622837371,4.119851638934989e-06,0.0027681660899654,8.239703277869979e-07,0.003114186851211,2.2082404784691544e-05,0.0034602076124568,1.6479406555739958e-06,0.0038062283737025,2.9732145307866037e-05,0.0041522491349481,8.734085474542178e-06,1,1,2,1,1
263,0,13:23:12,2,0.0027681660899654,28980.0,0.0025951557093426,0.0024221453287196,1.532584809683816e-05,0.002076124567474,1.2853937113477169e-05,0.0017301038062282,2.0928846325789747e-05,0.0013840830449827,9.887643933443975e-07,0.0010380622837371,4.119851638934989e-06,0.0027681660899654,1.4831465900165962e-06,0.003114186851211,2.2082404784691544e-05,0.0034602076124568,1.6479406555739958e-06,0.0038062283737025,2.9732145307866037e-05,0.0041522491349481,8.734085474542178e-06,1,1,2,1,1
264,0,13:23:15,2,0.0027681660899654,0.0,0.0025951557093426,0.0024221453287196,1.565543622795296e-05,0.002076124567474,1.2853937113477169e-05,0.0017301038062282,2.0928846325789747e-05,0.0013840830449827,9.887643933443975e-07,0.0010380622837371,4.119851638934989e-06,0.0027681660899654,3.131087245590592e-06,0.003114186851211,2.2082404784691544e-05,0.0034602076124568,2.4719109833609937e-06,0.0038062283737025,2.9732145307866037e-05,0.0041522491349481,8.734085474542178e-06,1,2,2,1,1
265,0,13:23:18,2,0.0027681660899654,2898.0,0.0025951557093426,0.0024221453287196,1.565543622795296e-05,0.002076124567474,1.2853937113477169e-05,0.0017301038062282,2.0928846325789747e-05,0.0013840830449827,1.4831465900165962e-06,0.0010380622837371,4.119851638934989e-06,0.0027681660899654,2.9662931800331924e-06,0.003114186851211,2.2082404784691544e-05,0.0034602076124568,2.4719109833609937e-06,0.0038062283737025,2.9732145307866037e-05,0.0041522491349481,8.734085474542178e-06,1,2,2,1,1
266,0,13:23:21,2,0.0027681660899654,0.0,0.0025951557093426,0.0024221453287196,1.565543622795296e-05,0.002076124567474,1.2853937113477169e-05,0.0017301038062282,2.0928846325789747e-05,0.0013840830449827,1.4831465900165962e-06,0.0010380622837371,4.119851638934989e-06,0.0027681660899654,2.9662931800331924e-06,0.003114186851211,2.2082404784691544e-05,0.0034602076124568,2.4719109833609937e-06,0.0038062283737025,2.9732145307866037e-05,0.0041522491349481,8.734085474542178e-06,1,2,2,2,2
267,0,13:23:24,2,0.0027681660899654,0.0,0.0025951557093426,0.0024221453287196,1.565543622795296e-05,0.002076124567474,1.2853937113477169e-05,0.0017301038062282,2.0928846325789747e-05,0.0013840830449827,1.4831465900165962e-06,0.0010380622837371,4.119851638934989e-06,0.0027681660899654,2.9662931800331924e-06,0.003114186851211,2.2082404784691544e-05,0.0034602076124568,2.4719109833609937e-06,0.0038062283737025,2.9732145307866037e-05,0.0041522491349481,8.734085474542178e-06,1,2,1,2,1
268,0,13:23:27,2,0.0027681660899654,26082.0,0.0025951557093426,0.0024221453287196,1.565543622795296e-05,0.002076124567474,1.2853937113477169e-05,0.0017301038062282,2.0928846325789747e-05,0.0013840830449827,1.4831465900165962e-06,0.0010380622837371,4.119851638934989e-06,0.0027681660899654,1.4831465900165962e-06,0.003114186851211,2.2082404784691544e-05,0.0034602076124568,2.4719109833609937e-06,0.0038062283737025,2.9732145307866037e-05,0.0041522491349481,8.734085474542178e-06,1,2,1,2,1
269,0,13:23:30,2,0.0027681660899654,20286.0,0.0025951557093426,0.0024221453287196,1.565543622795296e-05,0.002076124567474,1.2853937113477169e-05,0.0017301038062282,2.0928846325789747e-05,0.0013840830449827,1.4831465900165962e-06,0.0010380622837371,4.119851638934989e-06,0.0027681660899654,3.295881311147992e-07,0.003114186851211,2.2082404784691544e-05,0.0034602076124568,2.4719109833609937e-06,0.0038062283737025,2.9732145307866037e-05,0.0041522491349481,8.734085474542178e-06,2,2,1,1,1
270,0,13:23:33,2,0.0027681660899654,5796.0,0.0029411764705882,0.0027681660899654,2.801499114475793e-06,0.0024221453287196,1.565543622795296e-05,0.002076124567474,1.2853937113477169e-05,0.0017301038062282,2.0928846325789747e-05,0.0013840830449827,9.887643933443975e-07,0.003114186851211,2.2082404784691544e-05,0.0034602076124568,2.4719109833609937e-06,0.0038062283737025,2.9732145307866037e-05,0.0041522491349481,8.734085474542178e-06,0.0048442906574395,6.756556687853383e-06,1,2,1,1,1
271,0,13:23:36,2,0.0027681660899654,0.0,0.0029411764705882,0.0027681660899654,2.9662931800331924e-06,0.0024221453287196,1.565543622795296e-05,0.002076124567474,1.2853937113477169e-05,0.0017301038062282,2.290637511247854e-05,0.0013840830449827,9.887643933443975e-07,0.003114186851211,2.290637511247854e-05,0.0034602076124568,2.4719109833609937e-06,0.0038062283737025,2.9732145307866037e-05,0.0041522491349481,8.734085474542178e-06,0.0048442906574395,6.756556687853383e-06,1,2,1,1,1
272,0,13:23:39,2,0.003114186851211,252213.0,0.0029411764705882,0.0027681660899654,1.1535584589017972e-06,0.0024221453287196,1.565543622795296e-05,0.002076124567474,1.2853937113477169e-05,0.0017301038062282,2.290637511247854e-05,0.0013840830449827,9.887643933443975e-07,0.003114186851211,8.569291408984778e-06,0.0034602076124568,2.4719109833609937e-06,0.0038062283737025,2.9732145307866037e-05,0.0041522491349481,8.734085474542178e-06,0.0048442906574395,6.756556687853383e-06,2,2,1,1,1
273,0,13:23:42,2,0.003114186851211,37687.0,0.0029411764705882,0.0027681660899654,1.878652347354355e-05,0.0024221453287196,1.565543622795296e-05,0.002076124567474,1.2853937113477169e-05,0.0017301038062282,2.290637511247854e-05,0.0013840830449827,9.887643933443975e-07,0.003114186851211,8.239703277869979e-07,0.0034602076124568,2.4719109833609937e-06,0.0038062283737025,2.9732145307866037e-05,0.0041522491349481,8.734085474542178e-06,0.0048442906574395,6.756556687853383e-06,2,2,1,1,1
274,0,13:23:45,2,0.003114186851211,113027.0,0.0032871972318337,0.003114186851211,8.239703277869979e-07,0.0027681660899654,1.911611160465835e-05,0.0024221453287196,1.565543622795296e-05,0.002076124567474,1.3677907441264164e-05,0.0017301038062282,2.290637511247854e-05,0.0034602076124568,2.4719109833609937e-06,0.0038062283737025,2.9732145307866037e-05,0.0041522491349481,8.734085474542178e-06,0.0048442906574395,6.756556687853383e-06,0.005190311418685,4.779027901164588e-06,1,1,1,1,1
275,0,13:23:48,2,0.003114186851211,0.0,0.0032871972318337,0.003114186851211,8.239703277869979e-07,0.0027681660899654,1.9280905670215752e-05,0.0024221453287196,1.565543622795296e-05,0.002076124567474,1.3677907441264164e-05,0.0017301038062282,2.290637511247854e-05,0.0034602076124568,2.4719109833609937e-06,0.0038062283737025,2.9732145307866037e-05,0.0041522491349481,8.734085474542178e-06,0.0048442906574395,6.756556687853383e-06,0.005190311418685,4.779027901164588e-06,1,1,1,1,1
276,0,13:23:51,2,0.0034602076124568,23200.0,0.0032871972318337,0.003114186851211,1.3183525244591966e-06,0.0027681660899654,1.9280905670215752e-05,0.0024221453287196,1.565543622795296e-05,0.002076124567474,1.3677907441264164e-05,0.0017301038062282,2.290637511247854e-05,0.0034602076124568,1.1535584589017972e-06,0.0038062283737025,2.9732145307866037e-05,0.0041522491349481,8.734085474542178e-06,0.0048442906574395,6.756556687853383e-06,0.005190311418685,4.779027901164588e-06,1,1,1,1,1
277,0,13:23:54,2,0.0038062283737025,49310.0,0.0036332179930798,0.0034602076124568,1.6479406555739958e-06,0.003114186851211,1.3183525244591966e-06,0.0027681660899654,1.944569973577315e-05,0.0024221453287196,1.565543622795296e-05,0.002076124567474,1.3677907441264164e-05,0.0038062283737025,2.8084204652292035e-05,0.0041522491349481,8.734085474542178e-06,0.0048442906574395,6.756556687853383e-06,0.005190311418685,4.779027901164588e-06,0.0055363321799308,4.449439770049789e-06,1,1,1,1,1
278,0,13:23:57,2,0.0038062283737025,0.0,0.0036332179930798,0.0034602076124568,2.1423228522461945e-06,0.003114186851211,4.943821966721988e-07,0.0027681660899654,1.944569973577315e-05,0.0024221453287196,1.565543622795296e-05,0.002076124567474,1.3677907441264164e-05,0.0038062283737025,2.8084204652292035e-05,0.0041522491349481,5.767792294508985e-06,0.0048442906574395,6.756556687853383e-06,0.005190311418685,4.779027901164588e-06,0.0055363321799308,4.449439770049789e-06,1,1,1,1,1
279,0,13:24:00,2,0.0038062283737025,2901.0,0.0036332179930798,0.0034602076124568,2.9662931800331924e-06,0.003114186851211,4.943821966721988e-07,0.0027681660899654,1.944569973577315e-05,0.0024221453287196,1.565543622795296e-05,0.002076124567474,1.3677907441264164e-05,0.0038062283737025,2.791941058673464e-05,0.0041522491349481,5.767792294508985e-06,0.0048442906574395,6.756556687853383e-06,0.005190311418685,4.779027901164588e-06,0.0055363321799308,4.449439770049789e-06,1,1,1,1,1
280,0,13:24:03,2,0.0038062283737025,8701.0,0.0036332179930798,0.0034602076124568,2.636705048918393e-06,0.003114186851211,4.943821966721988e-07,0.0027681660899654,1.944569973577315e-05,0.0024221453287196,1.565543622795296e-05,0.002076124567474,1.3677907441264164e-05,0.0038062283737025,2.775461652117724e-05,0.0041522491349481,5.767792294508985e-06,0.0048442906574395,6.756556687853383e-06,0.005190311418685,4.779027901164588e-06,0.0055363321799308,4.449439770049789e-06,1,1,1,1,1
281,0,13:24:06,2,0.0038062283737025,0.0,0.0036332179930798,0.0034602076124568,2.636705048918393e-06,0.003114186851211,2.1423228522461945e-06,0.0027681660899654,1.944569973577315e-05,0.0024221453287196,1.565543622795296e-05,0.002076124567474,1.3677907441264164e-05,0.0038062283737025,2.775461652117724e-05,0.0041522491349481,5.767792294508985e-06,0.0048442906574395,6.756556687853383e-06,0.005190311418685,4.779027901164588e-06,0.0055363321799308,4.449439770049789e-06,1,1,1,1,1
282,0,13:24:09,2,0.0038062283737025,0.0,0.0036332179930798,0.0034602076124568,2.801499114475793e-06,0.003114186851211,2.3071169178035943e-06,0.0027681660899654,1.944569973577315e-05,0.0024221453287196,1.565543622795296e-05,0.002076124567474,1.3677907441264164e-05,0.0038062283737025,2.775461652117724e-05,0.0041522491349481,5.767792294508985e-06,0.0048442906574395,6.756556687853383e-06,0.005190311418685,4.779027901164588e-06,0.0055363321799308,4.449439770049789e-06,1,1,1,1,1
283,0,13:24:12,2,0.0038062283737025,26107.0,0.0036332179930798,0.0034602076124568,2.4719109833609937e-06,0.003114186851211,5.602998228951586e-06,0.0027681660899654,2.1093640391347145e-05,0.0024221453287196,1.565543622795296e-05,0.002076124567474,1.3677907441264164e-05,0.0038062283737025,2.660105806227544e-05,0.0041522491349481,5.767792294508985e-06,0.0048442906574395,6.756556687853383e-06,0.005190311418685,4.779027901164588e-06,0.0055363321799308,4.449439770049789e-06,1,1,1,1,1
284,0,13:24:15,2,0.0038062283737025,0.0,0.0036332179930798,0.0034602076124568,2.4719109833609937e-06,0.003114186851211,5.602998228951586e-06,0.0027681660899654,2.1093640391347145e-05,0.0024221453287196,1.614981842462516e-05,0.002076124567474,1.3677907441264164e-05,0.0038062283737025,2.660105806227544e-05,0.0041522491349481,6.591762622295983e-06,0.0048442906574395,6.756556687853383e-06,0.005190311418685,4.779027901164588e-06,0.0055363321799308,4.449439770049789e-06,1,1,1,1,1
285,0,13:24:18,2,0.0038062283737025,0.0,0.0036332179930798,0.0034602076124568,2.4719109833609937e-06,0.003114186851211,5.602998228951586e-06,0.0027681660899654,2.1093640391347145e-05,0.0024221453287196,1.614981842462516e-05,0.002076124567474,1.532584809683816e-05,0.0038062283737025,2.660105806227544e-05,0.0041522491349481,6.591762622295983e-06,0.0048442906574395,6.756556687853383e-06,0.005190311418685,4.779027901164588e-06,0.0055363321799308,4.449439770049789e-06,1,1,1,1,1
286,0,13:24:21,2,0.0034602076124568,8700.0,0.0036332179930798,0.0034602076124568,2.1423228522461945e-06,0.003114186851211,5.602998228951586e-06,0.0027681660899654,2.1093640391347145e-05,0.0024221453287196,1.614981842462516e-05,0.002076124567474,1.532584809683816e-05,0.0038062283737025,2.660105806227544e-05,0.0041522491349481,6.591762622295983e-06,0.0048442906574395,6.756556687853383e-06,0.005190311418685,4.779027901164588e-06,0.0055363321799308,4.449439770049789e-06,1,1,1,1,1
287,0,13:24:24,2,0.0034602076124568,58000.0,0.0032871972318337,0.003114186851211,5.602998228951586e-06,0.0027681660899654,2.1093640391347145e-05,0.0024221453287196,1.614981842462516e-05,0.002076124567474,1.532584809683816e-05,0.0017301038062282,2.290637511247854e-05,0.0034602076124568,1.3183525244591966e-06,0.0038062283737025,2.660105806227544e-05,0.0041522491349481,6.591762622295983e-06,0.0048442906574395,6.756556687853383e-06,0.005190311418685,4.779027901164588e-06,1,1,1,1,1
288,0,13:24:27,2,0.0034602076124568,11600.0,0.0032871972318337,0.003114186851211,5.602998228951586e-06,0.0027681660899654,2.1093640391347145e-05,0.0024221453287196,1.614981842462516e-05,0.002076124567474,1.532584809683816e-05,0.0017301038062282,2.290637511247854e-05,0.0034602076124568,6.591762622295983e-07,0.0038062283737025,2.660105806227544e-05,0.0041522491349481,6.591762622295983e-06,0.0048442906574395,6.756556687853383e-06,0.005190311418685,4.779027901164588e-06,1,1,1,1,1
289,0,13:24:30,2,0.0034602076124568,14500.0,0.0032871972318337,0.003114186851211,5.602998228951586e-06,0.0027681660899654,2.0928846325789747e-05,0.0024221453287196,1.614981842462516e-05,0.002076124567474,1.532584809683816e-05,0.0017301038062282,2.290637511247854e-05,0.0034602076124568,2.4719109833609937e-06,0.0038062283737025,2.660105806227544e-05,0.0041522491349481,6.591762622295983e-06,0.0048442906574395,6.756556687853383e-06,0.005190311418685,4.779027901164588e-06,1,1,1,1,1
290,0,13:24:33,2,0.0034602076124568,0.0,0.0032871972318337,0.003114186851211,5.602998228951586e-06,0.0027681660899654,2.0928846325789747e-05,0.0024221453287196,1.614981842462516e-05,0.002076124567474,1.532584809683816e-05,0.0017301038062282,2.290637511247854e-05,0.0034602076124568,2.4719109833609937e-06,0.0038062283737025,2.660105806227544e-05,0.0041522491349481,6.591762622295983e-06,0.0048442906574395,6.756556687853383e-06,0.005190311418685,4.779027901164588e-06,1,1,1,1,1
291,0,13:24:36,2,0.0034602076124568,0.0,0.0032871972318337,0.003114186851211,5.602998228951586e-06,0.0027681660899654,2.0928846325789747e-05,0.0024221453287196,1.614981842462516e-05,0.002076124567474,1.532584809683816e-05,0.0017301038062282,2.290637511247854e-05,0.0034602076124568,2.4719109833609937e-06,0.0038062283737025,2.660105806227544e-05,0.0041522491349481,6.591762622295983e-06,0.0048442906574395,2.636705048918393e-06,0.005190311418685,4.779027901164588e-06,1,1,1,1,1
292,0,13:24:39,2,0.0034602076124568,28998.0,0.0032871972318337,0.003114186851211,5.273410097836786e-06,0.0027681660899654,2.0928846325789747e-05,0.0024221453287196,1.614981842462516e-05,0.002076124567474,1.532584809683816e-05,0.0017301038062282,2.290637511247854e-05,0.0034602076124568,1.1535584589017972e-06,0.0038062283737025,2.660105806227544e-05,0.0041522491349481,6.591762622295983e-06,0.0048442906574395,2.636705048918393e-06,0.005190311418685,4.779027901164588e-06,1,1,1,1,1
293,0,13:24:42,2,0.0034602076124568,2900.0,0.0032871972318337,0.003114186851211,5.273410097836786e-06,0.0027681660899654,2.5872668292511732e-05,0.0024221453287196,1.614981842462516e-05,0.002076124567474,1.532584809683816e-05,0.0017301038062282,2.290637511247854e-05,0.0034602076124568,9.887643933443975e-07,0.0038062283737025,2.660105806227544e-05,0.0041522491349481,6.591762622295983e-06,0.0048442906574395,2.636705048918393e-06,0.005190311418685,4.779027901164588e-06,1,1,1,1,1
294,0,13:24:45,2,0.0034602076124568,17400.0,0.0036332179930798,0.0034602076124568,4.943821966721988e-07,0.003114186851211,5.273410097836786e-06,0.0027681660899654,2.5872668292511732e-05,0.0024221453287196,1.614981842462516e-05,0.002076124567474,1.532584809683816e-05,0.0038062283737025,2.660105806227544e-05,0.0041522491349481,6.591762622295983e-06,0.0048442906574395,2.636705048918393e-06,0.005190311418685,4.779027901164588e-06,0.0055363321799308,4.449439770049789e-06,1,1,1,1,1
295,0,13:24:48,2,0.003114186851211,14498.0,0.0034602076124568,0.003114186851211,5.273410097836786e-06,0.0027681660899654,2.5872668292511732e-05,0.0024221453287196,1.614981842462516e-05,0.002076124567474,1.532584809683816e-05,0.0017301038062282,2.290637511247854e-05,0.0038062283737025,2.660105806227544e-05,0.0041522491349481,6.591762622295983e-06,0.0048442906574395,2.636705048918393e-06,0.005190311418685,4.779027901164588e-06,0.0055363321799308,4.449439770049789e-06,1,1,1,1,1
296,0,13:24:51,2,0.003114186851211,0.0,0.0036332179930798,0.0034602076124568,3.295881311147992e-07,0.003114186851211,5.273410097836786e-06,0.0027681660899654,2.5872668292511732e-05,0.0024221453287196,1.614981842462516e-05,0.002076124567474,1.532584809683816e-05,0.0038062283737025,2.660105806227544e-05,0.0041522491349481,6.591762622295983e-06,0.0048442906574395,2.636705048918393e-06,0.005190311418685,4.779027901164588e-06,0.0055363321799308,4.449439770049789e-06,1,1,1,1,1
297,0,13:24:54,2,0.0038062283737025,5802.0,0.0036332179930798,0.0034602076124568,9.887643933443975e-07,0.003114186851211,5.273410097836786e-06,0.0027681660899654,2.5872668292511732e-05,0.0024221453287196,1.614981842462516e-05,0.002076124567474,1.532584809683816e-05,0.0038062283737025,2.627146993116064e-05,0.0041522491349481,6.591762622295983e-06,0.0048442906574395,2.636705048918393e-06,0.005190311418685,4.779027901164588e-06,0.0055363321799308,4.449439770049789e-06,1,1,1,1,1
298,0,13:24:57,2,0.0038062283737025,0.0,0.0036332179930798,0.0034602076124568,9.887643933443975e-07,0.003114186851211,5.273410097836786e-06,0.0027681660899654,2.5872668292511732e-05,0.0024221453287196,1.614981842462516e-05,0.002076124567474,1.3677907441264164e-05,0.0038062283737025,2.627146993116064e-05,0.0041522491349481,6.591762622295983e-06,0.0048442906574395,2.636705048918393e-06,0.005190311418685,4.779027901164588e-06,0.0055363321799308,4.449439770049789e-06,1,1,1,1,1
299,0,13:25:00,2,0.0038062283737025,324912.0,0.0036332179930798,0.0034602076124568,9.887643933443975e-07,0.003114186851211,6.591762622295983e-06,0.0027681660899654,2.5872668292511732e-05,0.0024221453287196,1.614981842462516e-05,0.002076124567474,1.3677907441264164e-05,0.0038062283737025,7.814534588731887e-06,0.0041522491349481,6.591762622295983e-06,0.0048442906574395,2.636705048918393e-06,0.005190311418685,4.779027901164588e-06,0.0055363321799308,4.449439770049789e-06,1,1,1,1,1
300,0,13:25:03,2,0.0034602076124568,34810.0,0.0036332179930798,0.0034602076124568,6.591762622295983e-07,0.003114186851211,7.086144818968182e-06,0.0027681660899654,2.5872668292511732e-05,0.0024221453287196,1.614981842462516e-05,0.002076124567474,1.3677907441264164e-05,0.0038062283737025,6.331387998715292e-06,0.0041522491349481,6.591762622295983e-06,0.0048442906574395,2.636705048918393e-06,0.005190311418685,4.779027901164588e-06,0.0055363321799308,4.449439770049789e-06,1,1,1,1,1
301,0,13:25:06,2,0.0034602076124568,11600.0,0.0032871972318337,0.003114186851211,7.086144818968182e-06,0.0027681660899654,2.5872668292511732e-05,0.0024221453287196,1.614981842462516e-05,0.002076124567474,1.3677907441264164e-05,0.0017301038062282,2.290637511247854e-05,0.0034602076124568,3.460675376705391e-06,0.0038062283737025,6.331387998715292e-06,0.0041522491349481,6.591762622295983e-06,0.0048442906574395,2.636705048918393e-06,0.005190311418685,4.779027901164588e-06,1,1,1,1,1
302,0,13:25:09,2,0.0034602076124568,14500.0,0.0032871972318337,0.003114186851211,5.767792294508985e-06,0.0027681660899654,2.5872668292511732e-05,0.0024221453287196,1.614981842462516e-05,0.002076124567474,1.3677907441264164e-05,0.0017301038062282,2.290637511247854e-05,0.0034602076124568,2.636705048918393e-06,0.0038062283737025,6.331387998715292e-06,0.0041522491349481,6.591762622295983e-06,0.0048442906574395,2.636705048918393e-06,0.005190311418685,4.779027901164588e-06,1,1,1,1,1
303,0,13:25:12,2,0.0034602076124568,0.0,0.0032871972318337,0.003114186851211,5.767792294508985e-06,0.0027681660899654,2.5872668292511732e-05,0.0024221453287196,1.614981842462516e-05,0.002076124567474,1.4501877769051163e-05,0.0017301038062282,2.290637511247854e-05,0.0034602076124568,2.636705048918393e-06,0.0038062283737025,6.331387998715292e-06,0.0041522491349481,6.591762622295983e-06,0.0048442906574395,2.636705048918393e-06,0.005190311418685,4.779027901164588e-06,1,1,1,1,1
304,0,13:25:15,2,0.0034602076124568,0.0,0.0032871972318337,0.003114186851211,5.767792294508985e-06,0.0027681660899654,2.5872668292511732e-05,0.0024221453287196,1.614981842462516e-05,0.002076124567474,1.4501877769051163e-05,0.0017301038062282,2.290637511247854e-05,0.0034602076124568,2.636705048918393e-06,0.0038062283737025,6.331387998715292e-06,0.0041522491349481,6.591762622295983e-06,0.0048442906574395,2.636705048918393e-06,0.005190311418685,4.779027901164588e-06,1,1,1,1,1
305,0,13:25:18,2,0.0034602076124568,46400.0,0.0034602076124568,0.003114186851211,5.932586360066385e-06,0.0027681660899654,2.5872668292511732e-05,0.0024221453287196,1.614981842462516e-05,0.002076124567474,1.4501877769051163e-05,0.0017301038062282,2.290637511247854e-05,0.0038062283737025,6.331387998715292e-06,0.0041522491349481,6.591762622295983e-06,0.0048442906574395,2.636705048918393e-06,0.005190311418685,4.779027901164588e-06,0.0055363321799308,4.449439770049789e-06,1,1,1,1,1
306,0,13:25:21,2,0.0034602076124568,0.0,0.0036332179930798,0.0034602076124568,2.4719109833609937e-06,0.003114186851211,5.932586360066385e-06,0.0027681660899654,2.5872668292511732e-05,0.0024221453287196,1.614981842462516e-05,0.002076124567474,1.4501877769051163e-05,0.0038062283737025,6.331387998715292e-06,0.0041522491349481,6.591762622295983e-06,0.0048442906574395,2.636705048918393e-06,0.005190311418685,4.779027901164588e-06,0.0055363321799308,4.449439770049789e-06,1,1,1,1,1
307,0,13:25:24,2,0.0034602076124568,0.0,0.0036332179930798,0.0034602076124568,2.636705048918393e-06,0.003114186851211,5.932586360066385e-06,0.0027681660899654,2.5872668292511732e-05,0.0024221453287196,1.614981842462516e-05,0.002076124567474,1.6808994686854756e-05,0.0038062283737025,6.331387998715292e-06,0.0041522491349481,6.591762622295983e-06,0.0048442906574395,2.636705048918393e-06,0.005190311418685,4.779027901164588e-06,0.0055363321799308,4.449439770049789e-06,1,1,0,1,1
308,0,13:25:27,2,0.0034602076124568,8700.0,0.0036332179930798,0.0034602076124568,3.7902635078201903e-06,0.003114186851211,5.932586360066385e-06,0.0027681660899654,2.5872668292511732e-05,0.0024221453287196,1.614981842462516e-05,0.002076124567474,1.6808994686854756e-05,0.0038062283737025,6.331387998715292e-06,0.0041522491349481,6.591762622295983e-06,0.0048442906574395,2.636705048918393e-06,0.005190311418685,4.779027901164588e-06,0.0055363321799308,4.449439770049789e-06,1,1,0,1,1
309,0,13:25:30,2,0.0038062283737025,156629.0,0.0032871972318337,0.003114186851211,5.767792294508985e-06,0.0027681660899654,2.5872668292511732e-05,0.0024221453287196,1.614981842462516e-05,0.002076124567474,1.6808994686854756e-05,0.0017301038062282,2.290637511247854e-05,0.0034602076124568,6.377530337071363e-05,0.0038062283737025,1.552360097550704e-06,0.0041522491349481,6.591762622295983e-06,0.0048442906574395,2.636705048918393e-06,0.005190311418685,4.779027901164588e-06,1,1,1,1,1
310,0,13:25:33,2,0.0038062283737025,0.0,0.0032871972318337,0.003114186851211,5.767792294508985e-06,0.0027681660899654,2.5872668292511732e-05,0.0024221453287196,1.614981842462516e-05,0.002076124567474,1.6808994686854756e-05,0.0017301038062282,2.290637511247854e-05,0.0034602076124568,6.888391940299303e-05,0.0038062283737025,1.552360097550704e-06,0.0041522491349481,6.591762622295983e-06,0.0048442906574395,2.636705048918393e-06,0.005190311418685,4.779027901164588e-06,1,1,1,1,1
311,0,13:25:36,2,0.0034602076124568,29000.0,0.0032871972318337,0.003114186851211,5.767792294508985e-06,0.0027681660899654,2.5872668292511732e-05,0.0024221453287196,1.614981842462516e-05,0.002076124567474,1.6808994686854756e-05,0.0017301038062282,2.290637511247854e-05,0.0034602076124568,6.723597874741902e-05,0.0038062283737025,1.552360097550704e-06,0.0041522491349481,6.591762622295983e-06,0.0048442906574395,2.636705048918393e-06,0.005190311418685,4.779027901164588e-06,1,1,1,1,1
312,0,13:25:39,2,0.0034602076124568,0.0,0.0032871972318337,0.003114186851211,5.767792294508985e-06,0.0027681660899654,2.5872668292511732e-05,0.0024221453287196,1.614981842462516e-05,0.002076124567474,1.6808994686854756e-05,0.0017301038062282,2.290637511247854e-05,0.0034602076124568,6.723597874741902e-05,0.0038062283737025,1.552360097550704e-06,0.0041522491349481,6.591762622295983e-06,0.0048442906574395,2.636705048918393e-06,0.005190311418685,4.779027901164588e-06,1,1,1,1,1
313,0,13:25:42,2,0.0034602076124568,20300.0,0.0032871972318337,0.003114186851211,5.767792294508985e-06,0.0027681660899654,2.5872668292511732e-05,0.0024221453287196,1.614981842462516e-05,0.002076124567474,1.6808994686854756e-05,0.0017301038062282,2.290637511247854e-05,0.0034602076124568,6.608242028851723e-05,0.0038062283737025,1.552360097550704e-06,0.0041522491349481,6.591762622295983e-06,0.0048442906574395,2.636705048918393e-06,0.005190311418685,4.779027901164588e-06,1,1,1,1,1
314,0,13:25:45,2,0.0034602076124568,5800.0,0.0032871972318337,0.003114186851211,5.767792294508985e-06,0.0027681660899654,2.5872668292511732e-05,0.0024221453287196,1.614981842462516e-05,0.002076124567474,1.6808994686854756e-05,0.0017301038062282,2.290637511247854e-05,0.0034602076124568,6.575283215740244e-05,0.0038062283737025,1.552360097550704e-06,0.0041522491349481,6.591762622295983e-06,0.0048442906574395,2.636705048918393e-06,0.005190311418685,4.779027901164588e-06,1,1,1,1,1
315,0,13:25:48,2,0.0034602076124568,0.0,0.0032871972318337,0.003114186851211,6.097380425623785e-06,0.0027681660899654,2.5872668292511732e-05,0.0024221453287196,1.614981842462516e-05,0.002076124567474,1.6808994686854756e-05,0.0017301038062282,2.290637511247854e-05,0.0034602076124568,6.575283215740244e-05,0.0038062283737025,1.552360097550704e-06,0.0041522491349481,6.591762622295983e-06,0.0048442906574395,2.636705048918393e-06,0.005190311418685,4.779027901164588e-06,1,1,1,1,1
316,0,13:25:51,2,0.0034602076124568,5800.0,0.0032871972318337,0.003114186851211,6.097380425623785e-06,0.0027681660899654,2.5872668292511732e-05,0.0024221453287196,1.614981842462516e-05,0.002076124567474,1.6808994686854756e-05,0.0017301038062282,2.290637511247854e-05,0.0034602076124568,6.542324402628763e-05,0.0038062283737025,1.552360097550704e-06,0.0041522491349481,6.591762622295983e-06,0.0048442906574395,2.636705048918393e-06,0.005190311418685,4.779027901164588e-06,1,1,1,1,1
317,0,13:25:54,2,0.0034602076124568,0.0,0.0032871972318337,0.003114186851211,5.767792294508985e-06,0.0027681660899654,2.5872668292511732e-05,0.0024221453287196,1.614981842462516e-05,0.002076124567474,1.6808994686854756e-05,0.0017301038062282,2.290637511247854e-05,0.0034602076124568,7.102624225523922e-05,0.0038062283737025,1.552360097550704e-06,0.0041522491349481,6.591762622295983e-06,0.0048442906574395,2.636705048918393e-06,0.005190311418685,4.779027901164588e-06,1,0,1,1,1
318,0,13:25:57,2,0.0034602076124568,8700.0,0.0032871972318337,0.003114186851211,5.767792294508985e-06,0.0027681660899654,2.5872668292511732e-05,0.0024221453287196,1.614981842462516e-05,0.002076124567474,1.6808994686854756e-05,0.0017301038062282,2.290637511247854e-05,0.0034602076124568,7.069665412412442e-05,0.0038062283737025,1.552360097550704e-06,0.0041522491349481,6.591762622295983e-06,0.0048442906574395,2.636705048918393e-06,0.005190311418685,4.779027901164588e-06,1,0,1,1,1
319,0,13:26:00,2,0.0034602076124568,0.0,0.0032871972318337,0.003114186851211,5.767792294508985e-06,0.0027681660899654,2.5872668292511732e-05,0.0024221453287196,1.614981842462516e-05,0.002076124567474,1.6808994686854756e-05,0.0017301038062282,2.290637511247854e-05,0.0034602076124568,7.069665412412442e-05,0.0038062283737025,1.552360097550704e-06,0.0041522491349481,6.591762622295983e-06,0.0048442906574395,2.636705048918393e-06,0.005190311418685,4.779027901164588e-06,1,0,1,1,1
320,0,13:26:03,2,0.0034602076124568,0.0,0.0032871972318337,0.003114186851211,5.767792294508985e-06,0.0027681660899654,2.5872668292511732e-05,0.0024221453287196,1.614981842462516e-05,0.002076124567474,1.6808994686854756e-05,0.0017301038062282,2.405993357138034e-05,0.0034602076124568,7.069665412412442e-05,0.0038062283737025,1.552360097550704e-06,0.0041522491349481,6.591762622295983e-06,0.0048442906574395,2.636705048918393e-06,0.005190311418685,4.779027901164588e-06,1,0,1,1,1
321,0,13:26:06,2,0.0034602076124568,5800.0,0.0032871972318337,0.003114186851211,9.393261736771775e-06,0.0027681660899654,2.5872668292511732e-05,0.0024221453287196,1.614981842462516e-05,0.002076124567474,1.6808994686854756e-05,0.0017301038062282,2.9003755538102327e-05,0.0034602076124568,1.0876408326788372e-05,0.0038062283737025,1.552360097550704e-06,0.0041522491349481,6.591762622295983e-06,0.0048442906574395,2.636705048918393e-06,0.005190311418685,4.779027901164588e-06,1,0,1,1,1
322,0,13:26:09,2,0.0034602076124568,23200.0,0.0032871972318337,0.003114186851211,9.393261736771775e-06,0.0027681660899654,2.5872668292511732e-05,0.0024221453287196,1.614981842462516e-05,0.002076124567474,1.6808994686854756e-05,0.0017301038062282,2.9003755538102327e-05,0.0034602076124568,9.558055802329175e-06,0.0038062283737025,1.552360097550704e-06,0.0041522491349481,6.591762622295983e-06,0.0048442906574395,2.636705048918393e-06,0.005190311418685,4.779027901164588e-06,0,0,1,1,1
323,0,13:26:12,2,0.0034602076124568,5800.0,0.0032871972318337,0.003114186851211,9.393261736771775e-06,0.0027681660899654,2.5872668292511732e-05,0.0024221453287196,1.614981842462516e-05,0.002076124567474,1.6808994686854756e-05,0.0017301038062282,2.8674167406987527e-05,0.0034602076124568,9.228467671214376e-06,0.0038062283737025,1.552360097550704e-06,0.0041522491349481,6.591762622295983e-06,0.0048442906574395,2.636705048918393e-06,0.005190311418685,4.779027901164588e-06,0,1,1,1,1
324,0,13:26:15,2,0.0034602076124568,29000.0,0.0032871972318337,0.003114186851211,9.393261736771775e-06,0.0027681660899654,2.5872668292511732e-05,0.0024221453287196,1.614981842462516e-05,0.002076124567474,1.6808994686854756e-05,0.0017301038062282,2.8674167406987527e-05,0.0034602076124568,7.5805270156403806e-06,0.0038062283737025,1.552360097550704e-06,0.0041522491349481,6.591762622295983e-06,0.0048442906574395,2.636705048918393e-06,0.005190311418685,4.779027901164588e-06,0,1,1,1,1
325,0,13:26:18,2,0.0034602076124568,118900.0,0.0032871972318337,0.003114186851211,9.558055802329175e-06,0.0027681660899654,2.5872668292511732e-05,0.0024221453287196,1.614981842462516e-05,0.002076124567474,1.6808994686854756e-05,0.0017301038062282,2.8674167406987527e-05,0.0034602076124568,8.239703277869979e-07,0.0038062283737025,1.552360097550704e-06,0.0041522491349481,6.591762622295983e-06,0.0048442906574395,2.636705048918393e-06,0.005190311418685,4.779027901164588e-06,0,1,1,1,1
326,0,13:26:21,2,0.0034602076124568,34800.0,0.0036332179930798,0.0034602076124568,1.3183525244591966e-06,0.003114186851211,9.558055802329175e-06,0.0027681660899654,2.9168549603659725e-05,0.0024221453287196,1.598502435906776e-05,0.002076124567474,1.6808994686854756e-05,0.0038062283737025,1.552360097550704e-06,0.0041522491349481,6.591762622295983e-06,0.0048442906574395,2.636705048918393e-06,0.005190311418685,4.779027901164588e-06,0.0055363321799308,4.449439770049789e-06,0,1,1,1,1
327,0,13:26:24,2,0.0027681660899654,739094.0,0.0025951557093426,0.0024221453287196,1.598502435906776e-05,0.002076124567474,1.6808994686854756e-05,0.0017301038062282,2.8674167406987527e-05,0.0013840830449827,2.3071169178035943e-06,0.0010380622837371,4.614233835607189e-06,0.0027681660899654,1.8951317539100952e-05,0.0038062283737025,6.921350753410782e-08,0.0041522491349481,6.591762622295983e-06,0.0048442906574395,2.636705048918393e-06,0.005190311418685,4.779027901164588e-06,1,2,1,2,2
328,0,13:26:27,2,0.0027681660899654,69552.0,0.0025951557093426,0.0024221453287196,1.598502435906776e-05,0.002076124567474,1.6808994686854756e-05,0.0017301038062282,2.8674167406987527e-05,0.0013840830449827,2.3071169178035943e-06,0.0010380622837371,4.614233835607189e-06,0.0027681660899654,1.499625996572336e-05,0.0038062283737025,6.921350753410782e-08,0.0041522491349481,6.591762622295983e-06,0.0048442906574395,2.636705048918393e-06,0.005190311418685,4.779027901164588e-06,2,2,1,2,2
329,0,13:26:30,2,0.0027681660899654,2898.0,0.0025951557093426,0.0024221453287196,1.598502435906776e-05,0.002076124567474,1.6808994686854756e-05,0.0017301038062282,2.8674167406987527e-05,0.0013840830449827,2.3071169178035943e-06,0.0010380622837371,4.614233835607189e-06,0.0027681660899654,1.483146590016596e-05,0.0038062283737025,6.921350753410782e-08,0.0041522491349481,6.591762622295983e-06,0.0048442906574395,2.636705048918393e-06,0.005190311418685,4.779027901164588e-06,2,2,1,2,2
330,0,13:26:33,2,0.0027681660899654,0.0,0.0025951557093426,0.0024221453287196,1.598502435906776e-05,0.002076124567474,1.6808994686854756e-05,0.0017301038062282,2.8674167406987527e-05,0.0013840830449827,2.3071169178035943e-06,0.0010380622837371,4.614233835607189e-06,0.0027681660899654,1.483146590016596e-05,0.0038062283737025,6.921350753410782e-08,0.0041522491349481,6.591762622295983e-06,0.0048442906574395,2.636705048918393e-06,0.005190311418685,4.779027901164588e-06,2,2,1,2,2
331,0,13:26:36,2,0.0027681660899654,2898.0,0.0025951557093426,0.0024221453287196,1.614981842462516e-05,0.002076124567474,1.6808994686854756e-05,0.0017301038062282,2.8674167406987527e-05,0.0013840830449827,2.3071169178035943e-06,0.0010380622837371,4.614233835607189e-06,0.0027681660899654,1.532584809683816e-05,0.0038062283737025,6.921350753410782e-08,0.0041522491349481,6.591762622295983e-06,0.0048442906574395,2.636705048918393e-06,0.005190311418685,4.779027901164588e-06,2,2,1,1,2
332,0,13:26:39,2,0.0027681660899654,20286.0,0.0025951557093426,0.0024221453287196,1.7797759080199155e-05,0.002076124567474,2.010487599800275e-05,0.0017301038062282,2.8674167406987527e-05,0.0013840830449827,2.3071169178035943e-06,0.0010380622837371,4.614233835607189e-06,0.0027681660899654,1.4172289637936364e-05,0.0038062283737025,6.921350753410782e-08,0.0041522491349481,6.591762622295983e-06,0.0048442906574395,2.636705048918393e-06,0.005190311418685,4.779027901164588e-06,2,2,1,2,2
333,0,13:26:42,2,0.0027681660899654,257922.0,0.003287197231834,0.0027681660899654,1.9940081932445348e-05,0.0024221453287196,1.7797759080199155e-05,0.002076124567474,2.010487599800275e-05,0.0017301038062282,2.8838961472544925e-05,0.0013840830449827,2.3071169178035943e-06,0.0038062283737025,6.921350753410782e-08,0.0041522491349481,6.591762622295983e-06,0.0048442906574395,2.636705048918393e-06,0.005190311418685,4.779027901164588e-06,0.0055363321799308,4.449439770049789e-06,1,1,1,1,1
334,0,13:26:45,2,0.0027681660899654,0.0,0.003287197231834,0.0027681660899654,1.9940081932445348e-05,0.0024221453287196,1.7797759080199155e-05,0.002076124567474,2.010487599800275e-05,0.0017301038062282,2.8838961472544925e-05,0.0013840830449827,2.3071169178035943e-06,0.0038062283737025,6.921350753410782e-08,0.0041522491349481,6.591762622295983e-06,0.0048442906574395,2.636705048918393e-06,0.005190311418685,4.779027901164588e-06,0.0055363321799308,4.449439770049789e-06,1,1,1,1,1
335,0,13:26:48,2,0.0038062283737025,20307.0,0.003287197231834,0.0027681660899654,1.9940081932445348e-05,0.0024221453287196,1.7962553145756553e-05,0.002076124567474,2.010487599800275e-05,0.0017301038062282,2.8838961472544925e-05,0.0013840830449827,2.3071169178035943e-06,0.0038062283737025,5.635957042063066e-07,0.0041522491349481,6.591762622295983e-06,0.0048442906574395,2.636705048918393e-06,0.005190311418685,4.779027901164588e-06,0.0055363321799308,4.449439770049789e-06,1,1,1,1,1
336,0,13:26:51,2,0.0038062283737025,0.0,0.003287197231834,0.0027681660899654,2.4883903899167336e-05,0.0024221453287196,1.7962553145756553e-05,0.002076124567474,2.010487599800275e-05,0.0017301038062282,2.8838961472544925e-05,0.0013840830449827,2.3071169178035943e-06,0.0038062283737025,5.635957042063066e-07,0.0041522491349481,6.591762622295983e-06,0.0048442906574395,2.636705048918393e-06,0.005190311418685,4.779027901164588e-06,0.0055363321799308,4.449439770049789e-06,1,1,1,1,1
337,0,13:26:54,2,0.0038062283737025,0.0,0.003287197231834,0.0027681660899654,2.537828609583953e-05,0.0024221453287196,1.7962553145756553e-05,0.002076124567474,2.010487599800275e-05,0.0017301038062282,2.8838961472544925e-05,0.0013840830449827,2.3071169178035943e-06,0.0038062283737025,5.635957042063066e-07,0.0041522491349481,6.591762622295983e-06,0.0048442906574395,2.636705048918393e-06,0.005190311418685,4.779027901164588e-06,0.0055363321799308,4.449439770049789e-06,1,1,1,1,1
338,0,13:26:57,2,0.0038062283737025,0.0,0.003287197231834,0.0027681660899654,2.537828609583953e-05,0.0024221453287196,1.7962553145756553e-05,0.002076124567474,2.010487599800275e-05,0.0017301038062282,2.8838961472544925e-05,0.0013840830449827,2.3071169178035943e-06,0.0038062283737025,5.635957042063066e-07,0.0041522491349481,6.591762622295983e-06,0.0048442906574395,2.636705048918393e-06,0.005190311418685,4.779027901164588e-06,0.0055363321799308,4.449439770049789e-06,1,1,1,1,1
339,0,13:27:00,2,0.0038062283737025,5802.0,0.003287197231834,0.0027681660899654,2.537828609583953e-05,0.0024221453287196,1.7962553145756553e-05,0.002076124567474,2.010487599800275e-05,0.0017301038062282,2.8838961472544925e-05,0.0013840830449827,2.3071169178035943e-06,0.0038062283737025,2.340075730915074e-07,0.0041522491349481,6.591762622295983e-06,0.0048442906574395,2.636705048918393e-06,0.005190311418685,4.779027901164588e-06,0.0055363321799308,4.449439770049789e-06,1,1,1,1,1
340,0,13:27:03,2,0.0027681660899654,23184.0,0.003287197231834,0.0027681660899654,2.4554315768052537e-05,0.0024221453287196,1.7962553145756553e-05,0.002076124567474,2.010487599800275e-05,0.0017301038062282,2.8838961472544925e-05,0.0013840830449827,2.3071169178035943e-06,0.0038062283737025,2.340075730915074e-07,0.0041522491349481,6.591762622295983e-06,0.0048442906574395,2.636705048918393e-06,0.005190311418685,4.779027901164588e-06,0.0055363321799308,4.449439770049789e-06,1,1,1,1,1
341,0,13:27:06,2,0.0027681660899654,0.0,0.0034602076124568,0.003114186851211,1.4831465900165962e-06,0.0027681660899654,2.4554315768052537e-05,0.0024221453287196,1.7962553145756553e-05,0.002076124567474,2.010487599800275e-05,0.0017301038062282,2.8838961472544925e-05,0.0038062283737025,2.340075730915074e-07,0.0041522491349481,6.591762622295983e-06,0.0048442906574395,2.636705048918393e-06,0.005190311418685,4.779027901164588e-06,0.0055363321799308,4.449439770049789e-06,1,1,1,1,1
342,0,13:27:09,2,0.0027681660899654,0.0,0.0034602076124568,0.003114186851211,1.4831465900165962e-06,0.0027681660899654,2.719102081697093e-05,0.0024221453287196,1.8951317539100952e-05,0.002076124567474,2.010487599800275e-05,0.0017301038062282,2.8838961472544925e-05,0.0038062283737025,2.340075730915074e-07,0.0041522491349481,6.591762622295983e-06,0.0048442906574395,2.636705048918393e-06,0.005190311418685,4.779027901164588e-06,0.0055363321799308,4.449439770049789e-06,1,1,1,1,1
343,0,13:27:12,2,0.0027681660899654,0.0,0.0034602076124568,0.003114186851211,1.8127347211313956e-06,0.0027681660899654,2.719102081697093e-05,0.0024221453287196,1.8951317539100952e-05,0.002076124567474,2.010487599800275e-05,0.0017301038062282,2.8838961472544925e-05,0.0038062283737025,2.340075730915074e-07,0.0041522491349481,6.591762622295983e-06,0.0048442906574395,2.636705048918393e-06,0.005190311418685,4.779027901164588e-06,0.0055363321799308,4.449439770049789e-06,1,1,1,1,1
344,0,13:27:15,2,0.0027681660899654,0.0,0.0034602076124568,0.003114186851211,3.7902635078201903e-06,0.0027681660899654,2.719102081697093e-05,0.0024221453287196,1.8951317539100952e-05,0.002076124567474,2.010487599800275e-05,0.0017301038062282,2.8838961472544925e-05,0.0038062283737025,2.340075730915074e-07,0.0041522491349481,6.591762622295983e-06,0.0048442906574395,2.636705048918393e-06,0.005190311418685,4.779027901164588e-06,0.0055363321799308,4.449439770049789e-06,1,1,1,1,1
345,0,13:27:18,2,0.0027681660899654,0.0,0.0034602076124568,0.003114186851211,3.7902635078201903e-06,0.0027681660899654,2.9168549603659725e-05,0.0024221453287196,1.7962553145756553e-05,0.002076124567474,2.010487599800275e-05,0.0017301038062282,2.9003755538102327e-05,0.0038062283737025,2.340075730915074e-07,0.0041522491349481,6.591762622295983e-06,0.0048442906574395,2.636705048918393e-06,0.005190311418685,2.3071169178035943e-06,0.0055363321799308,4.449439770049789e-06,1,1,1,1,1
346,0,13:27:21,2,0.0027681660899654,0.0,0.0034602076124568,0.003114186851211,4.614233835607189e-06,0.0027681660899654,2.9168549603659725e-05,0.0024221453287196,1.7962553145756553e-05,0.002076124567474,2.010487599800275e-05,0.0017301038062282,2.9003755538102327e-05,0.0038062283737025,2.340075730915074e-07,0.0041522491349481,6.591762622295983e-06,0.0048442906574395,2.636705048918393e-06,0.005190311418685,2.3071169178035943e-06,0.0055363321799308,4.449439770049789e-06,1,1,1,1,1
347,0,13:27:24,2,0.003114186851211,2899.0,0.0034602076124568,0.003114186851211,4.449439770049789e-06,0.0027681660899654,2.9168549603659725e-05,0.0024221453287196,1.7962553145756553e-05,0.002076124567474,2.010487599800275e-05,0.0017301038062282,2.9003755538102327e-05,0.0038062283737025,2.340075730915074e-07,0.0041522491349481,6.591762622295983e-06,0.0048442906574395,2.636705048918393e-06,0.005190311418685,2.3071169178035943e-06,0.0055363321799308,4.449439770049789e-06,1,1,1,1,1
348,0,13:27:27,2,0.003114186851211,0.0,0.0032871972318337,0.003114186851211,4.449439770049789e-06,0.0027681660899654,2.719102081697093e-05,0.0024221453287196,1.7962553145756553e-05,0.002076124567474,2.010487599800275e-05,0.0017301038062282,2.9003755538102327e-05,0.0034602076124568,1.3183525244591966e-06,0.0038062283737025,2.340075730915074e-07,0.0041522491349481,6.591762622295983e-06,0.0048442906574395,2.636705048918393e-06,0.005190311418685,2.3071169178035943e-06,1,1,1,1,1
349,0,13:27:30,2,0.003114186851211,0.0,0.0032871972318337,0.003114186851211,4.449439770049789e-06,0.0027681660899654,2.719102081697093e-05,0.0024221453287196,1.7962553145756553e-05,0.002076124567474,2.010487599800275e-05,0.0017301038062282,2.9003755538102327e-05,0.0034602076124568,1.8127347211313956e-06,0.0038062283737025,2.340075730915074e-07,0.0041522491349481,6.591762622295983e-06,0.0048442906574395,2.636705048918393e-06,0.005190311418685,2.3071169178035943e-06,1,1,1,1,1
350,0,13:27:33,2,0.003114186851211,8697.0,0.0032871972318337,0.003114186851211,3.95505757337759e-06,0.0027681660899654,2.719102081697093e-05,0.0024221453287196,1.7962553145756553e-05,0.002076124567474,2.010487599800275e-05,0.0017301038062282,2.9003755538102327e-05,0.0034602076124568,1.8127347211313956e-06,0.0038062283737025,2.340075730915074e-07,0.0041522491349481,6.591762622295983e-06,0.0048442906574395,2.636705048918393e-06,0.005190311418685,2.3071169178035943e-06,1,1,1,1,1
351,0,13:27:36,2,0.003114186851211,8697.0,0.0032871972318337,0.003114186851211,3.460675376705391e-06,0.0027681660899654,2.719102081697093e-05,0.0024221453287196,1.7962553145756553e-05,0.002076124567474,2.010487599800275e-05,0.0017301038062282,2.9003755538102327e-05,0.0034602076124568,1.8127347211313956e-06,0.0038062283737025,2.340075730915074e-07,0.0041522491349481,6.591762622295983e-06,0.0048442906574395,2.636705048918393e-06,0.005190311418685,2.3071169178035943e-06,1,1,1,1,1
352,0,13:27:39,2,0.0034602076124568,29000.0,0.0032871972318337,0.003114186851211,3.460675376705391e-06,0.0027681660899654,2.719102081697093e-05,0.0024221453287196,1.7962553145756553e-05,0.002076124567474,2.010487599800275e-05,0.0017301038062282,2.9003755538102327e-05,0.0034602076124568,1.6479406555739957e-07,0.0038062283737025,2.340075730915074e-07,0.0041522491349481,6.591762622295983e-06,0.0048442906574395,2.636705048918393e-06,0.005190311418685,2.3071169178035943e-06,1,1,1,1,1
353,0,13:27:42,2,0.0034602076124568,0.0,0.0032871972318337,0.003114186851211,3.7902635078201903e-06,0.0027681660899654,2.719102081697093e-05,0.0024221453287196,1.7962553145756553e-05,0.002076124567474,2.010487599800275e-05,0.0017301038062282,2.9003755538102327e-05,0.0034602076124568,1.6479406555739957e-07,0.0038062283737025,2.340075730915074e-07,0.0041522491349481,6.591762622295983e-06,0.0048442906574395,2.636705048918393e-06,0.005190311418685,2.3071169178035943e-06,1,1,1,1,1
354,0,13:27:45,2,0.0034602076124568,0.0,0.0032871972318337,0.003114186851211,5.602998228951586e-06,0.0027681660899654,2.719102081697093e-05,0.0024221453287196,1.7962553145756553e-05,0.002076124567474,2.010487599800275e-05,0.0017301038062282,2.9003755538102327e-05,0.0034602076124568,3.295881311147992e-07,0.0038062283737025,2.340075730915074e-07,0.0041522491349481,6.591762622295983e-06,0.0048442906574395,2.636705048918393e-06,0.005190311418685,2.3071169178035943e-06,1,1,1,1,1
355,0,13:27:48,2,0.003114186851211,26091.0,0.0032871972318337,0.003114186851211,4.284645704492389e-06,0.0027681660899654,2.719102081697093e-05,0.0024221453287196,1.7962553145756553e-05,0.002076124567474,2.010487599800275e-05,0.0017301038062282,2.9003755538102327e-05,0.0034602076124568,3.295881311147992e-07,0.0038062283737025,2.340075730915074e-07,0.0041522491349481,6.591762622295983e-06,0.0048442906574395,2.636705048918393e-06,0.005190311418685,2.3071169178035943e-06,1,1,1,1,1
356,0,13:27:51,2,0.0034602076124568,5800.0,0.0036332179930798,0.0034602076124568,1.3183525244591966e-06,0.003114186851211,4.284645704492389e-06,0.0027681660899654,2.719102081697093e-05,0.0024221453287196,1.7962553145756553e-05,0.002076124567474,2.010487599800275e-05,0.0038062283737025,2.340075730915074e-07,0.0041522491349481,6.591762622295983e-06,0.0048442906574395,2.636705048918393e-06,0.005190311418685,2.3071169178035943e-06,0.0055363321799308,4.449439770049789e-06,1,1,1,1,1
357,0,13:27:54,2,0.0034602076124568,0.0,0.0036332179930798,0.0034602076124568,1.3183525244591966e-06,0.003114186851211,4.284645704492389e-06,0.0027681660899654,2.719102081697093e-05,0.0024221453287196,1.7962553145756553e-05,0.002076124567474,2.010487599800275e-05,0.0038062283737025,2.340075730915074e-07,0.0041522491349481,6.591762622295983e-06,0.0048442906574395,2.636705048918393e-06,0.005190311418685,2.3071169178035943e-06,0.0055363321799308,4.449439770049789e-06,1,1,1,1,1
358,0,13:27:57,2,0.0034602076124568,0.0,0.0036332179930798,0.0034602076124568,1.3183525244591966e-06,0.003114186851211,4.284645704492389e-06,0.0027681660899654,2.719102081697093e-05,0.0024221453287196,1.7962553145756553e-05,0.002076124567474,2.010487599800275e-05,0.0038062283737025,2.340075730915074e-07,0.0041522491349481,6.591762622295983e-06,0.0048442906574395,2.636705048918393e-06,0.005190311418685,2.3071169178035943e-06,0.0055363321799308,4.449439770049789e-06,1,1,1,1,1
359,0,13:28:00,2,0.0034602076124568,5800.0,0.0036332179930798,0.0034602076124568,9.887643933443975e-07,0.003114186851211,4.284645704492389e-06,0.0027681660899654,2.719102081697093e-05,0.0024221453287196,1.7962553145756553e-05,0.002076124567474,2.010487599800275e-05,0.0038062283737025,2.340075730915074e-07,0.0041522491349481,6.591762622295983e-06,0.0048442906574395,2.636705048918393e-06,0.005190311418685,2.3071169178035943e-06,0.0055363321799308,4.449439770049789e-06,1,1,1,1,1
360,0,13:28:03,2,0.0034602076124568,0.0,0.0036332179930798,0.0034602076124568,9.887643933443975e-07,0.003114186851211,4.284645704492389e-06,0.0027681660899654,2.719102081697093e-05,0.0024221453287196,1.7962553145756553e-05,0.002076124567474,2.010487599800275e-05,0.0038062283737025,2.340075730915074e-07,0.0041522491349481,6.591762622295983e-06,0.0048442906574395,2.636705048918393e-06,0.005190311418685,2.3071169178035943e-06,0.0055363321799308,4.449439770049789e-06,1,1,1,1,1
361,0,13:28:06,2,0.0034602076124568,0.0,0.0036332179930798,0.0034602076124568,2.636705048918393e-06,0.003114186851211,4.284645704492389e-06,0.0027681660899654,2.719102081697093e-05,0.0024221453287196,1.7962553145756553e-05,0.002076124567474,2.010487599800275e-05,0.0038062283737025,2.340075730915074e-07,0.0041522491349481,6.591762622295983e-06,0.0048442906574395,2.636705048918393e-06,0.005190311418685,2.3071169178035943e-06,0.0055363321799308,4.449439770049789e-06,1,1,1,1,1
362,0,13:28:09,2,0.0034602076124568,63800.0,0.0036332179930798,0.0034602076124568,1.977528786688795e-06,0.003114186851211,4.284645704492389e-06,0.0027681660899654,2.752060894808573e-05,0.0024221453287196,1.7962553145756553e-05,0.002076124567474,2.010487599800275e-05,0.0038062283737025,4.189065146469098e-06,0.0041522491349481,6.591762622295983e-06,0.0048442906574395,2.636705048918393e-06,0.005190311418685,2.3071169178035943e-06,0.0055363321799308,4.449439770049789e-06,1,1,1,1,1
363,0,13:28:12,2,0.0034602076124568,0.0,0.0036332179930798,0.0034602076124568,2.4719109833609937e-06,0.003114186851211,4.9438219667219874e-06,0.0027681660899654,2.752060894808573e-05,0.0024221453287196,1.7962553145756553e-05,0.002076124567474,1.6808994686854756e-05,0.0038062283737025,4.189065146469098e-06,0.0041522491349481,6.591762622295983e-06,0.0048442906574395,2.636705048918393e-06,0.005190311418685,2.3071169178035943e-06,0.0055363321799308,4.449439770049789e-06,1,1,1,1,1
364,0,13:28:15,2,0.0034602076124568,0.0,0.0036332179930798,0.0034602076124568,2.4719109833609937e-06,0.003114186851211,4.9438219667219874e-06,0.0027681660899654,2.653184455474133e-05,0.0024221453287196,1.7138582817969556e-05,0.002076124567474,1.6808994686854756e-05,0.0038062283737025,4.189065146469098e-06,0.0041522491349481,6.591762622295983e-06,0.0048442906574395,2.636705048918393e-06,0.005190311418685,2.3071169178035943e-06,0.0055363321799308,4.449439770049789e-06,1,1,1,1,1
365,0,13:28:18,2,0.0034602076124568,0.0,0.0036332179930798,0.0034602076124568,2.4719109833609937e-06,0.003114186851211,4.9438219667219874e-06,0.0027681660899654,2.686143268585613e-05,0.0024221453287196,1.7138582817969556e-05,0.002076124567474,1.6808994686854756e-05,0.0038062283737025,4.189065146469098e-06,0.0041522491349481,6.591762622295983e-06,0.0048442906574395,2.636705048918393e-06,0.005190311418685,2.3071169178035943e-06,0.0055363321799308,4.449439770049789e-06,1,1,1,1,1
366,0,13:28:21,2,0.0038062283737025,23208.0,0.0036332179930798,0.0034602076124568,2.4719109833609937e-06,0.003114186851211,4.9438219667219874e-06,0.0027681660899654,2.686143268585613e-05,0.0024221453287196,1.7138582817969556e-05,0.002076124567474,1.6808994686854756e-05,0.0038062283737025,2.8707126220099007e-06,0.0041522491349481,6.591762622295983e-06,0.0048442906574395,2.636705048918393e-06,0.005190311418685,2.3071169178035943e-06,0.0055363321799308,4.449439770049789e-06,1,1,1,1,1
367,0,13:28:24,2,0.0038062283737025,0.0,0.0036332179930798,0.0034602076124568,3.460675376705391e-06,0.003114186851211,8.734085474542178e-06,0.0027681660899654,2.686143268585613e-05,0.0024221453287196,1.7468170949084355e-05,0.002076124567474,1.6808994686854756e-05,0.0038062283737025,2.8707126220099007e-06,0.0041522491349481,6.591762622295983e-06,0.0048442906574395,2.636705048918393e-06,0.005190311418685,2.3071169178035943e-06,0.0055363321799308,4.449439770049789e-06,1,1,1,1,1
368,0,13:28:27,2,0.0038062283737025,43503.0,0.0036332179930798,0.0034602076124568,1.4831465900165962e-06,0.003114186851211,8.734085474542178e-06,0.0027681660899654,2.686143268585613e-05,0.0024221453287196,1.7468170949084355e-05,0.002076124567474,1.6808994686854756e-05,0.0038062283737025,2.376330425337702e-06,0.0041522491349481,6.591762622295983e-06,0.0048442906574395,2.636705048918393e-06,0.005190311418685,2.3071169178035943e-06,0.0055363321799308,4.449439770049789e-06,1,1,1,1,1
369,0,13:28:30,2,0.0034602076124568,2900.0,0.0036332179930798,0.0034602076124568,1.3183525244591966e-06,0.003114186851211,8.734085474542178e-06,0.0027681660899654,2.686143268585613e-05,0.0024221453287196,1.7468170949084355e-05,0.002076124567474,1.6808994686854756e-05,0.0038062283737025,4.189065146469098e-06,0.0041522491349481,6.591762622295983e-06,0.0048442906574395,2.636705048918393e-06,0.005190311418685,2.3071169178035943e-06,0.0055363321799308,4.449439770049789e-06,1,1,1,1,1
370,0,13:28:33,2,0.0038062283737025,37710.0,0.0036332179930798,0.0034602076124568,8.239703277869979e-07,0.003114186851211,8.734085474542178e-06,0.0027681660899654,2.719102081697093e-05,0.0024221453287196,1.7468170949084355e-05,0.002076124567474,1.6808994686854756e-05,0.0038062283737025,2.541124490895101e-06,0.0041522491349481,6.591762622295983e-06,0.0048442906574395,2.636705048918393e-06,0.005190311418685,2.3071169178035943e-06,0.0055363321799308,4.449439770049789e-06,1,1,1,1,1
371,0,13:28:36,2,0.0034602076124568,20300.0,0.0034602076124568,0.003114186851211,9.228467671214376e-06,0.0027681660899654,2.719102081697093e-05,0.0024221453287196,1.7468170949084355e-05,0.002076124567474,1.6808994686854756e-05,0.0017301038062282,2.785019707920053e-05,0.0038062283737025,2.541124490895101e-06,0.0041522491349481,6.591762622295983e-06,0.0048442906574395,2.636705048918393e-06,0.005190311418685,2.3071169178035943e-06,0.0055363321799308,4.449439770049789e-06,1,1,1,1,1
372,0,13:28:39,2,0.0034602076124568,0.0,0.0036332179930798,0.0034602076124568,1.6479406555739958e-06,0.003114186851211,9.228467671214376e-06,0.0027681660899654,2.719102081697093e-05,0.0024221453287196,1.7468170949084355e-05,0.002076124567474,1.6808994686854756e-05,0.0038062283737025,2.541124490895101e-06,0.0041522491349481,6.591762622295983e-06,0.0048442906574395,2.636705048918393e-06,0.005190311418685,2.3071169178035943e-06,0.0055363321799308,4.449439770049789e-06,1,1,1,1,1
373,0,13:28:42,2,0.0038062283737025,5802.0,0.0036332179930798,0.0034602076124568,1.6479406555739958e-06,0.003114186851211,9.722849867886577e-06,0.0027681660899654,2.719102081697093e-05,0.0024221453287196,1.7468170949084355e-05,0.002076124567474,1.6808994686854756e-05,0.0038062283737025,2.211536359780302e-06,0.0041522491349481,6.591762622295983e-06,0.0048442906574395,2.636705048918393e-06,0.005190311418685,2.3071169178035943e-06,0.0055363321799308,4.449439770049789e-06,1,1,1,1,1
374,0,13:28:45,2,0.0038062283737025,2901.0,0.0036332179930798,0.0034602076124568,3.131087245590592e-06,0.003114186851211,9.722849867886577e-06,0.0027681660899654,2.719102081697093e-05,0.0024221453287196,1.7468170949084355e-05,0.002076124567474,1.6808994686854756e-05,0.0038062283737025,2.0467422942229028e-06,0.0041522491349481,6.591762622295983e-06,0.0048442906574395,2.636705048918393e-06,0.005190311418685,2.3071169178035943e-06,0.0055363321799308,4.449439770049789e-06,1,1,1,1,1
375,0,13:28:48,2,0.0034602076124568,14503.0,0.0036332179930798,0.0034602076124568,2.801499114475793e-06,0.003114186851211,9.722849867886577e-06,0.0027681660899654,2.719102081697093e-05,0.0024221453287196,1.7138582817969556e-05,0.002076124567474,1.6808994686854756e-05,0.0038062283737025,1.552360097550704e-06,0.0041522491349481,6.591762622295983e-06,0.0048442906574395,2.636705048918393e-06,0.005190311418685,2.3071169178035943e-06,0.0055363321799308,4.449439770049789e-06,1,1,1,1,1
376,0,13:28:51,2,0.0034602076124568,2900.0,0.0036332179930798,0.0034602076124568,2.636705048918393e-06,0.003114186851211,9.722849867886577e-06,0.0027681660899654,2.719102081697093e-05,0.0024221453287196,1.7138582817969556e-05,0.002076124567474,1.6808994686854756e-05,0.0038062283737025,1.552360097550704e-06,0.0041522491349481,6.591762622295983e-06,0.0048442906574395,2.636705048918393e-06,0.005190311418685,2.3071169178035943e-06,0.0055363321799308,4.449439770049789e-06,1,1,1,1,1
377,0,13:28:54,2,0.0038062283737025,5802.0,0.0036332179930798,0.0034602076124568,5.273410097836786e-06,0.003114186851211,9.722849867886577e-06,0.0027681660899654,3.213484278369292e-05,0.0024221453287196,1.7138582817969556e-05,0.002076124567474,1.6808994686854756e-05,0.0038062283737025,1.2227719664359049e-06,0.0041522491349481,6.591762622295983e-06,0.0048442906574395,2.636705048918393e-06,0.005190311418685,2.3071169178035943e-06,0.0055363321799308,4.449439770049789e-06,1,1,1,1,1
378,0,13:28:57,2,0.0038062283737025,0.0,0.0036332179930798,0.0034602076124568,1.7468170949084355e-05,0.003114186851211,9.722849867886577e-06,0.0027681660899654,3.213484278369292e-05,0.0024221453287196,1.6314612490182558e-05,0.002076124567474,1.6808994686854756e-05,0.0038062283737025,1.2227719664359049e-06,0.0041522491349481,6.591762622295983e-06,0.0048442906574395,2.636705048918393e-06,0.005190311418685,2.3071169178035943e-06,0.0055363321799308,4.449439770049789e-06,1,1,1,1,1
379,0,13:29:00,2,0.0038062283737025,0.0,0.0036332179930798,0.0034602076124568,1.7468170949084355e-05,0.003114186851211,9.722849867886577e-06,0.0027681660899654,3.213484278369292e-05,0.0024221453287196,1.6314612490182558e-05,0.002076124567474,1.6808994686854756e-05,0.0038062283737025,1.2227719664359049e-06,0.0041522491349481,6.591762622295983e-06,0.0048442906574395,2.636705048918393e-06,0.005190311418685,2.3071169178035943e-06,0.0055363321799308,4.449439770049789e-06,1,1,1,1,1
380,0,13:29:03,2,0.0034602076124568,5800.0,0.0036332179930798,0.0034602076124568,1.7303376883526957e-05,0.003114186851211,9.722849867886577e-06,0.0027681660899654,3.213484278369292e-05,0.0024221453287196,1.6314612490182558e-05,0.002076124567474,1.6808994686854756e-05,0.0038062283737025,1.2227719664359049e-06,0.0041522491349481,6.591762622295983e-06,0.0048442906574395,2.636705048918393e-06,0.005190311418685,2.3071169178035943e-06,0.0055363321799308,4.449439770049789e-06,1,1,1,1,1
381,0,13:29:06,2,0.0038062283737025,20307.0,0.0036332179930798,0.0034602076124568,1.7303376883526957e-05,0.003114186851211,9.722849867886577e-06,0.0027681660899654,3.213484278369292e-05,0.0024221453287196,1.6314612490182558e-05,0.002076124567474,1.6808994686854756e-05,0.0038062283737025,6.921350753410782e-08,0.0041522491349481,6.591762622295983e-06,0.0048442906574395,2.636705048918393e-06,0.005190311418685,2.3071169178035943e-06,0.0055363321799308,4.449439770049789e-06,1,1,1,1,1
382,0,13:29:09,2,0.0038062283737025,1218.0,0.0039792387543253,0.0038062283737025,2.6037462358069136e-07,0.0034602076124568,1.6479406555739956e-05,0.003114186851211,9.722849867886577e-06,0.0027681660899654,3.213484278369292e-05,0.0024221453287196,1.6314612490182558e-05,0.0041522491349481,6.591762622295983e-06,0.0048442906574395,2.636705048918393e-06,0.005190311418685,2.3071169178035943e-06,0.0055363321799308,4.449439770049789e-06,0.0058823529411764,4.943821966721988e-07,1,1,1,1,1
383,0,13:29:12,2,0.0038062283737025,0.0,0.0039792387543253,0.0038062283737025,4.2516868913809093e-07,0.0034602076124568,1.6479406555739956e-05,0.003114186851211,1.0052437999001376e-05,0.0027681660899654,3.213484278369292e-05,0.0024221453287196,1.6314612490182558e-05,0.0041522491349481,6.591762622295983e-06,0.0048442906574395,2.636705048918393e-06,0.005190311418685,2.3071169178035943e-06,0.0055363321799308,4.449439770049789e-06,0.0058823529411764,4.943821966721988e-07,1,1,1,1,1
384,0,13:29:15,2,0.0038062283737025,0.0,0.0039792387543253,0.0038062283737025,4.2516868913809093e-07,0.0034602076124568,1.6479406555739956e-05,0.003114186851211,1.0052437999001376e-05,0.0027681660899654,3.213484278369292e-05,0.0024221453287196,1.6314612490182558e-05,0.0041522491349481,6.591762622295983e-06,0.0048442906574395,2.636705048918393e-06,0.005190311418685,2.3071169178035943e-06,0.0055363321799308,4.449439770049789e-06,0.0058823529411764,4.943821966721988e-07,1,1,1,1,1
385,0,13:29:18,2,0.0038062283737025,0.0,0.0039792387543253,0.0038062283737025,2.732285606941685e-06,0.0034602076124568,1.6479406555739956e-05,0.003114186851211,1.0052437999001376e-05,0.0027681660899654,3.213484278369292e-05,0.0024221453287196,1.6314612490182558e-05,0.0041522491349481,6.591762622295983e-06,0.0048442906574395,2.636705048918393e-06,0.005190311418685,2.3071169178035943e-06,0.0055363321799308,4.449439770049789e-06,0.0058823529411764,4.943821966721988e-07,1,1,1,1,1
386,0,13:29:21,2,0.0038062283737025,0.0,0.0039792387543253,0.0038062283737025,4.215432196958281e-06,0.0034602076124568,1.6479406555739956e-05,0.003114186851211,1.0052437999001376e-05,0.0027681660899654,3.213484278369292e-05,0.0024221453287196,1.6314612490182558e-05,0.0041522491349481,6.591762622295983e-06,0.0048442906574395,2.636705048918393e-06,0.005190311418685,2.3071169178035943e-06,0.0055363321799308,4.449439770049789e-06,0.0058823529411764,4.943821966721988e-07,1,1,1,1,1
387,0,13:29:24,2,0.0038062283737025,11604.0,0.0039792387543253,0.0038062283737025,3.885844065843482e-06,0.0034602076124568,1.6479406555739956e-05,0.003114186851211,1.0052437999001376e-05,0.0027681660899654,3.213484278369292e-05,0.0024221453287196,1.6314612490182558e-05,0.0041522491349481,6.591762622295983e-06,0.0048442906574395,2.636705048918393e-06,0.005190311418685,2.3071169178035943e-06,0.0055363321799308,4.449439770049789e-06,0.0058823529411764,4.943821966721988e-07,1,1,1,1,1
388,0,13:29:27,2,0.0038062283737025,46422.0,0.0039792387543253,0.0038062283737025,2.237903410269486e-06,0.0034602076124568,1.6644200621297358e-05,0.003114186851211,1.0052437999001376e-05,0.0027681660899654,3.213484278369292e-05,0.0024221453287196,1.6314612490182558e-05,0.0041522491349481,5.602998228951586e-06,0.0048442906574395,2.636705048918393e-06,0.005190311418685,2.3071169178035943e-06,0.0055363321799308,4.449439770049789e-06,0.0058823529411764,4.943821966721988e-07,1,1,1,1,1
389,0,13:29:30,2,0.0038062283737025,0.0,0.0039792387543253,0.0038062283737025,2.237903410269486e-06,0.0034602076124568,1.6644200621297358e-05,0.003114186851211,1.0052437999001376e-05,0.0027681660899654,3.213484278369292e-05,0.0024221453287196,1.6314612490182558e-05,0.0041522491349481,5.602998228951586e-06,0.0048442906574395,2.636705048918393e-06,0.005190311418685,2.3071169178035943e-06,0.0055363321799308,4.449439770049789e-06,0.0058823529411764,4.943821966721988e-07,1,1,1,1,1
390,0,13:29:33,2,0.0038062283737025,39396.0,0.0036332179930798,0.0034602076124568,1.6644200621297358e-05,0.003114186851211,1.0052437999001376e-05,0.0027681660899654,3.213484278369292e-05,0.0024221453287196,1.6314612490182558e-05,0.002076124567474,1.6808994686854756e-05,0.0038062283737025,7.283897697637061e-07,0.0041522491349481,5.602998228951586e-06,0.0048442906574395,2.636705048918393e-06,0.005190311418685,2.3071169178035943e-06,0.0055363321799308,4.449439770049789e-06,1,1,1,1,1
391,0,13:29:36,2,0.0034602076124568,43500.0,0.0036332179930798,0.0034602076124568,1.4172289637936364e-05,0.003114186851211,1.0052437999001376e-05,0.0027681660899654,3.213484278369292e-05,0.0024221453287196,1.6314612490182558e-05,0.002076124567474,1.6808994686854756e-05,0.0038062283737025,7.283897697637061e-07,0.0041522491349481,5.602998228951586e-06,0.0048442906574395,2.636705048918393e-06,0.005190311418685,2.3071169178035943e-06,0.0055363321799308,4.449439770049789e-06,1,1,1,1,1
392,0,13:29:39,2,0.0034602076124568,0.0,0.0036332179930798,0.0034602076124568,1.4172289637936364e-05,0.003114186851211,1.0876408326788372e-05,0.0027681660899654,3.213484278369292e-05,0.0024221453287196,1.6314612490182558e-05,0.002076124567474,1.6808994686854756e-05,0.0038062283737025,1.2227719664359049e-06,0.0041522491349481,5.602998228951586e-06,0.0048442906574395,2.636705048918393e-06,0.005190311418685,2.3071169178035943e-06,0.0055363321799308,4.449439770049789e-06,1,1,1,1,1
393,0,13:29:42,2,0.0038062283737025,8703.0,0.0036332179930798,0.0034602076124568,1.4172289637936364e-05,0.003114186851211,1.0876408326788372e-05,0.0027681660899654,3.213484278369292e-05,0.0024221453287196,1.6314612490182558e-05,0.002076124567474,1.6808994686854756e-05,0.0038062283737025,7.283897697637061e-07,0.0041522491349481,5.602998228951586e-06,0.0048442906574395,2.636705048918393e-06,0.005190311418685,2.3071169178035943e-06,0.0055363321799308,4.449439770049789e-06,1,1,1,1,1
394,0,13:29:45,2,0.0034602076124568,23200.0,0.0036332179930798,0.0034602076124568,1.3677907441264164e-05,0.003114186851211,1.0876408326788372e-05,0.0027681660899654,3.213484278369292e-05,0.0024221453287196,1.6314612490182558e-05,0.002076124567474,1.6808994686854756e-05,0.0038062283737025,8.931838353211057e-07,0.0041522491349481,5.602998228951586e-06,0.0048442906574395,2.636705048918393e-06,0.005190311418685,2.3071169178035943e-06,0.0055363321799308,4.449439770049789e-06,1,1,1,1,1
395,0,13:29:48,2,0.0038062283737025,15723.0,0.0039792387543253,0.0038062283737025,2.6037462358069136e-07,0.0034602076124568,1.3677907441264164e-05,0.003114186851211,1.0876408326788372e-05,0.0027681660899654,3.213484278369292e-05,0.0024221453287196,1.6314612490182558e-05,0.0041522491349481,5.602998228951586e-06,0.0048442906574395,2.636705048918393e-06,0.005190311418685,2.3071169178035943e-06,0.0055363321799308,4.449439770049789e-06,0.0058823529411764,4.943821966721988e-07,1,1,1,1,1
396,0,13:29:51,2,0.0041522491349481,20311.0,0.0039792387543253,0.0038062283737025,9.195508858102896e-07,0.0034602076124568,1.3677907441264164e-05,0.003114186851211,1.0876408326788372e-05,0.0027681660899654,3.180525465257812e-05,0.0024221453287196,1.6314612490182558e-05,0.0041522491349481,4.9438219667219874e-06,0.0048442906574395,2.636705048918393e-06,0.005190311418685,2.3071169178035943e-06,0.0055363321799308,4.449439770049789e-06,0.0058823529411764,4.943821966721988e-07,1,1,1,1,1
397,0,13:29:54,2,0.0041522491349481,43530.0,0.0039792387543253,0.0038062283737025,9.195508858102896e-07,0.0034602076124568,1.3677907441264164e-05,0.003114186851211,1.0876408326788372e-05,0.0027681660899654,3.180525465257812e-05,0.0024221453287196,1.6314612490182558e-05,0.0041522491349481,2.4719109833609937e-06,0.0048442906574395,2.636705048918393e-06,0.005190311418685,2.3071169178035943e-06,0.0055363321799308,4.449439770049789e-06,0.0058823529411764,4.943821966721988e-07,1,1,1,1,1
398,0,13:29:57,2,0.0041522491349481,5804.0,0.0039792387543253,0.0038062283737025,9.195508858102896e-07,0.0034602076124568,1.3677907441264164e-05,0.003114186851211,1.0876408326788372e-05,0.0027681660899654,3.180525465257812e-05,0.0024221453287196,1.6314612490182558e-05,0.0041522491349481,2.1423228522461945e-06,0.0048442906574395,2.636705048918393e-06,0.005190311418685,2.3071169178035943e-06,0.0055363321799308,4.449439770049789e-06,0.0058823529411764,4.943821966721988e-07,1,1,1,1,1
399,0,13:30:00,2,0.0038062283737025,11604.0,0.0039792387543253,0.0038062283737025,2.6037462358069136e-07,0.0034602076124568,1.3842701506821564e-05,0.003114186851211,1.0876408326788372e-05,0.0027681660899654,3.180525465257812e-05,0.0024221453287196,1.6314612490182558e-05,0.0041522491349481,2.1423228522461945e-06,0.0048442906574395,2.636705048918393e-06,0.005190311418685,2.3071169178035943e-06,0.0055363321799308,4.449439770049789e-06,0.0058823529411764,4.943821966721988e-07,1,1,1,0,0
400,0,13:30:03,2,0.0038062283737025,0.0,0.0039792387543253,0.0038062283737025,4.2516868913809093e-07,0.0034602076124568,1.3842701506821564e-05,0.003114186851211,1.0876408326788372e-05,0.0027681660899654,3.180525465257812e-05,0.0024221453287196,1.6314612490182558e-05,0.0041522491349481,2.1423228522461945e-06,0.0048442906574395,2.636705048918393e-06,0.005190311418685,2.3071169178035943e-06,0.0055363321799308,4.449439770049789e-06,0.0058823529411764,4.943821966721988e-07,1,1,1,0,0
401,0,13:30:06,2,0.0038062283737025,0.0,0.0039792387543253,0.0038062283737025,4.2516868913809093e-07,0.0034602076124568,1.3842701506821564e-05,0.003114186851211,1.0876408326788372e-05,0.0027681660899654,3.180525465257812e-05,0.0024221453287196,1.6314612490182558e-05,0.0041522491349481,2.1423228522461945e-06,0.0048442906574395,2.636705048918393e-06,0.005190311418685,2.3071169178035943e-06,0.0055363321799308,4.449439770049789e-06,0.0058823529411764,4.943821966721988e-07,1,1,1,1,0
402,0,13:30:09,2,0.0041522491349481,2902.0,0.0039792387543253,0.0038062283737025,4.2516868913809093e-07,0.0034602076124568,1.3842701506821564e-05,0.003114186851211,1.0876408326788372e-05,0.0027681660899654,3.229963684925032e-05,0.0024221453287196,1.6314612490182558e-05,0.0041522491349481,1.977528786688795e-06,0.0048442906574395,2.636705048918393e-06,0.005190311418685,2.3071169178035943e-06,0.0055363321799308,4.449439770049789e-06,0.0058823529411764,4.943821966721988e-07,1,1,1,1,0
403,0,13:30:12,2,0.0041522491349481,0.0,0.0039792387543253,0.0038062283737025,4.2516868913809093e-07,0.0034602076124568,1.3842701506821564e-05,0.003114186851211,1.0546820195673573e-05,0.0027681660899654,3.229963684925032e-05,0.0024221453287196,1.6314612490182558e-05,0.0041522491349481,1.977528786688795e-06,0.0048442906574395,2.636705048918393e-06,0.005190311418685,2.3071169178035943e-06,0.0055363321799308,4.449439770049789e-06,0.0058823529411764,4.943821966721988e-07,1,1,1,1,1
404,0,13:30:15,2,0.0041522491349481,0.0,0.0039792387543253,0.0038062283737025,1.2491390169250888e-06,0.0034602076124568,1.3842701506821564e-05,0.003114186851211,1.0546820195673573e-05,0.0027681660899654,3.229963684925032e-05,0.0024221453287196,1.6314612490182558e-05,0.0041522491349481,1.977528786688795e-06,0.0048442906574395,2.636705048918393e-06,0.005190311418685,2.3071169178035943e-06,0.0055363321799308,4.449439770049789e-06,0.0058823529411764,4.943821966721988e-07,1,1,1,1,1
405,0,13:30:18,2,0.0041522491349481,0.0,0.0039792387543253,0.0038062283737025,1.2491390169250888e-06,0.0034602076124568,1.3842701506821564e-05,0.003114186851211,1.0546820195673573e-05,0.0027681660899654,3.229963684925032e-05,0.0024221453287196,1.6314612490182558e-05,0.0041522491349481,1.977528786688795e-06,0.0048442906574395,2.636705048918393e-06,0.005190311418685,2.3071169178035943e-06,0.0055363321799308,4.449439770049789e-06,0.0058823529411764,4.943821966721988e-07,1,1,1,1,1
406,0,13:30:21,2,0.0041522491349481,5804.0,0.0039792387543253,0.0038062283737025,1.4139330824824885e-06,0.0034602076124568,1.3842701506821564e-05,0.003114186851211,1.0546820195673573e-05,0.0027681660899654,3.229963684925032e-05,0.0024221453287196,1.6314612490182558e-05,0.0041522491349481,1.6479406555739958e-06,0.0048442906574395,2.636705048918393e-06,0.005190311418685,2.3071169178035943e-06,0.0055363321799308,4.449439770049789e-06,0.0058823529411764,4.943821966721988e-07,1,1,1,1,1
407,0,13:30:24,2,0.0038062283737025,8703.0,0.0039792387543253,0.0038062283737025,9.195508858102896e-07,0.0034602076124568,1.3842701506821564e-05,0.003114186851211,1.0546820195673573e-05,0.0027681660899654,3.229963684925032e-05,0.0024221453287196,1.6314612490182558e-05,0.0041522491349481,3.295881311147992e-06,0.0048442906574395,2.636705048918393e-06,0.005190311418685,2.3071169178035943e-06,0.0055363321799308,4.449439770049789e-06,0.0058823529411764,4.943821966721988e-07,1,1,1,1,1
408,0,13:30:27,2,0.0041522491349481,29020.0,0.0039792387543253,0.0038062283737025,9.195508858102896e-07,0.0034602076124568,1.3842701506821564e-05,0.003114186851211,1.0546820195673573e-05,0.0027681660899654,3.229963684925032e-05,0.0024221453287196,1.6314612490182558e-05,0.0041522491349481,1.6479406555739958e-06,0.0048442906574395,2.636705048918393e-06,0.005190311418685,2.3071169178035943e-06,0.0055363321799308,4.449439770049789e-06,0.0058823529411764,4.943821966721988e-07,1,1,1,1,1
409,0,13:30:30,2,0.0041522491349481,0.0,0.0039792387543253,0.0038062283737025,1.2491390169250888e-06,0.0034602076124568,1.3842701506821564e-05,0.003114186851211,1.0546820195673573e-05,0.0027681660899654,3.229963684925032e-05,0.0024221453287196,1.6314612490182558e-05,0.0041522491349481,1.6479406555739958e-06,0.0048442906574395,2.636705048918393e-06,0.005190311418685,2.3071169178035943e-06,0.0055363321799308,4.449439770049789e-06,0.0058823529411764,4.943821966721988e-07,1,1,1,1,1
410,0,13:30:33,2,0.0041522491349481,0.0,0.0039792387543253,0.0038062283737025,1.2491390169250888e-06,0.0034602076124568,1.3842701506821564e-05,0.003114186851211,1.0546820195673573e-05,0.0027681660899654,3.229963684925032e-05,0.0024221453287196,1.6314612490182558e-05,0.0041522491349481,1.6479406555739958e-06,0.0048442906574395,2.636705048918393e-06,0.005190311418685,2.3071169178035943e-06,0.0055363321799308,4.449439770049789e-06,0.0058823529411764,4.943821966721988e-07,1,0,1,1,1
411,0,13:30:36,2,0.0041522491349481,0.0,0.0039792387543253,0.0038062283737025,1.7435212135972875e-06,0.0034602076124568,1.3842701506821564e-05,0.003114186851211,1.0546820195673573e-05,0.0027681660899654,3.229963684925032e-05,0.0024221453287196,1.6314612490182558e-05,0.0041522491349481,1.6479406555739958e-06,0.0048442906574395,2.636705048918393e-06,0.005190311418685,2.3071169178035943e-06,0.0055363321799308,4.449439770049789e-06,0.0058823529411764,4.943821966721988e-07,1,0,1,1,1
412,0,13:30:39,2,0.0038062283737025,29010.0,0.0039792387543253,0.0038062283737025,9.558055802329176e-08,0.0034602076124568,1.3842701506821564e-05,0.003114186851211,1.0546820195673573e-05,0.0027681660899654,3.229963684925032e-05,0.0024221453287196,1.6314612490182558e-05,0.0041522491349481,1.977528786688795e-06,0.0048442906574395,2.636705048918393e-06,0.005190311418685,2.3071169178035943e-06,0.0055363321799308,4.449439770049789e-06,0.0058823529411764,4.943821966721988e-07,1,0,1,1,1
413,0,13:30:42,2,0.0038062283737025,0.0,0.0039792387543253,0.0038062283737025,9.558055802329176e-08,0.0034602076124568,1.3842701506821564e-05,0.003114186851211,1.0546820195673573e-05,0.0027681660899654,3.197004871813552e-05,0.0024221453287196,1.6314612490182558e-05,0.0041522491349481,1.977528786688795e-06,0.0048442906574395,2.636705048918393e-06,0.005190311418685,2.3071169178035943e-06,0.0055363321799308,4.449439770049789e-06,0.0058823529411764,4.943821966721988e-07,1,0,1,1,0
414,0,13:30:45,2,0.0041522491349481,11608.0,0.0039792387543253,0.0038062283737025,9.558055802329176e-08,0.0034602076124568,1.3842701506821564e-05,0.003114186851211,1.0546820195673573e-05,0.0027681660899654,3.197004871813552e-05,0.0024221453287196,1.6314612490182558e-05,0.0041522491349481,1.3183525244591966e-06,0.0048442906574395,2.636705048918393e-06,0.005190311418685,2.3071169178035943e-06,0.0055363321799308,4.449439770049789e-06,0.0058823529411764,4.943821966721988e-07,1,0,1,1,0
415,0,13:30:48,2,0.0038062283737025,1683.0,0.0036332179930798,0.0034602076124568,1.3842701506821564e-05,0.003114186851211,1.0546820195673573e-05,0.0027681660899654,3.197004871813552e-05,0.0024221453287196,1.6314612490182558e-05,0.002076124567474,1.6808994686854756e-05,0.0038062283737025,3.0355066875673e-06,0.0041522491349481,1.3183525244591966e-06,0.0048442906574395,2.636705048918393e-06,0.005190311418685,2.3071169178035943e-06,0.0055363321799308,4.449439770049789e-06,1,1,1,1,0
416,0,13:30:51,2,0.0038062283737025,0.0,0.0036332179930798,0.0034602076124568,1.3842701506821564e-05,0.003114186851211,1.0546820195673573e-05,0.0027681660899654,3.229963684925032e-05,0.0024221453287196,1.6314612490182558e-05,0.002076124567474,1.6808994686854756e-05,0.0038062283737025,3.0355066875673e-06,0.0041522491349481,1.3183525244591966e-06,0.0048442906574395,2.636705048918393e-06,0.005190311418685,2.3071169178035943e-06,0.0055363321799308,4.449439770049789e-06,1,1,1,1,0
417,0,13:30:54,2,0.0038062283737025,2901.0,0.0036332179930798,0.0034602076124568,1.3842701506821564e-05,0.003114186851211,1.0546820195673573e-05,0.0027681660899654,3.229963684925032e-05,0.0024221453287196,1.6314612490182558e-05,0.002076124567474,1.6808994686854756e-05,0.0038062283737025,2.8707126220099007e-06,0.0041522491349481,1.3183525244591966e-06,0.0048442906574395,2.636705048918393e-06,0.005190311418685,2.3071169178035943e-06,0.0055363321799308,4.449439770049789e-06,1,1,1,1,0
418,0,13:30:57,2,0.0038062283737025,0.0,0.0036332179930798,0.0034602076124568,1.3842701506821564e-05,0.003114186851211,1.0546820195673573e-05,0.0027681660899654,3.229963684925032e-05,0.0024221453287196,1.6314612490182558e-05,0.002076124567474,1.6808994686854756e-05,0.0038062283737025,3.0355066875673e-06,0.0041522491349481,1.3183525244591966e-06,0.0048442906574395,2.636705048918393e-06,0.005190311418685,2.3071169178035943e-06,0.0055363321799308,4.449439770049789e-06,1,1,1,1,0
419,0,13:31:00,2,0.0038062283737025,0.0,0.0036332179930798,0.0034602076124568,1.3842701506821564e-05,0.003114186851211,1.0546820195673573e-05,0.0027681660899654,3.229963684925032e-05,0.0024221453287196,1.6314612490182558e-05,0.002076124567474,1.6808994686854756e-05,0.0038062283737025,3.0355066875673e-06,0.0041522491349481,1.3183525244591966e-06,0.0048442906574395,2.636705048918393e-06,0.005190311418685,2.3071169178035943e-06,0.0055363321799308,4.449439770049789e-06,1,1,1,1,0
420,0,13:31:03,2,0.0034602076124568,255200.0,0.0032871972318337,0.003114186851211,1.0546820195673573e-05,0.0027681660899654,3.229963684925032e-05,0.0024221453287196,1.6314612490182558e-05,0.002076124567474,1.6808994686854756e-05,0.0017301038062282,2.307116917803594e-05,0.0034602076124568,1.977528786688795e-06,0.0038062283737025,3.0355066875673e-06,0.0041522491349481,1.3183525244591966e-06,0.0048442906574395,2.636705048918393e-06,0.005190311418685,2.3071169178035943e-06,1,1,1,1,0
421,0,13:31:06,2,0.0034602076124568,17400.0,0.0032871972318337,0.003114186851211,1.0546820195673573e-05,0.0027681660899654,3.229963684925032e-05,0.0024221453287196,1.6314612490182558e-05,0.002076124567474,1.6808994686854756e-05,0.0017301038062282,2.307116917803594e-05,0.0034602076124568,9.887643933443975e-07,0.0038062283737025,3.0355066875673e-06,0.0041522491349481,1.3183525244591966e-06,0.0048442906574395,2.636705048918393e-06,0.005190311418685,2.3071169178035943e-06,1,1,1,1,0
422,0,13:31:09,2,0.0034602076124568,8700.0,0.0032871972318337,0.003114186851211,1.0546820195673573e-05,0.0027681660899654,3.229963684925032e-05,0.0024221453287196,1.6314612490182558e-05,0.002076124567474,1.6808994686854756e-05,0.0017301038062282,2.307116917803594e-05,0.0034602076124568,4.943821966721988e-07,0.0038062283737025,3.0355066875673e-06,0.0041522491349481,1.3183525244591966e-06,0.0048442906574395,2.636705048918393e-06,0.005190311418685,2.3071169178035943e-06,1,1,1,1,0
423,0,13:31:12,2,0.0034602076124568,0.0,0.0032871972318337,0.003114186851211,1.0546820195673573e-05,0.0027681660899654,3.229963684925032e-05,0.0024221453287196,1.6314612490182558e-05,0.002076124567474,1.6808994686854756e-05,0.0017301038062282,2.307116917803594e-05,0.0034602076124568,4.943821966721988e-07,0.0038062283737025,3.0355066875673e-06,0.0041522491349481,1.3183525244591966e-06,0.0048442906574395,2.636705048918393e-06,0.005190311418685,2.3071169178035943e-06,1,1,1,1,0
424,0,13:31:15,2,0.0034602076124568,0.0,0.0032871972318337,0.003114186851211,1.0876408326788372e-05,0.0027681660899654,3.229963684925032e-05,0.0024221453287196,1.6314612490182558e-05,0.002076124567474,1.6808994686854756e-05,0.0017301038062282,2.307116917803594e-05,0.0034602076124568,4.943821966721988e-07,0.0038062283737025,3.0355066875673e-06,0.0041522491349481,3.295881311147992e-07,0.0048442906574395,2.636705048918393e-06,0.005190311418685,2.3071169178035943e-06,1,1,1,1,0
425,0,13:31:18,2,0.0034602076124568,8700.0,0.0034602076124568,0.003114186851211,1.1205996457903172e-05,0.0027681660899654,3.229963684925032e-05,0.0024221453287196,1.6314612490182558e-05,0.002076124567474,1.6808994686854756e-05,0.0017301038062282,2.307116917803594e-05,0.0038062283737025,3.0355066875673e-06,0.0041522491349481,3.295881311147992e-07,0.0048442906574395,2.636705048918393e-06,0.005190311418685,2.3071169178035943e-06,0.0055363321799308,4.449439770049789e-06,1,1,1,1,0
426,0,13:31:21,2,0.003114186851211,2899.0,0.0032871972318337,0.003114186851211,1.1041202392345772e-05,0.0027681660899654,3.229963684925032e-05,0.0024221453287196,1.6314612490182558e-05,0.002076124567474,1.6808994686854756e-05,0.0017301038062282,2.307116917803594e-05,0.0034602076124568,6.591762622295983e-07,0.0038062283737025,3.0355066875673e-06,0.0041522491349481,3.295881311147992e-07,0.0048442906574395,2.636705048918393e-06,0.005190311418685,2.3071169178035943e-06,1,1,1,1,0
427,0,13:31:24,2,0.003114186851211,0.0,0.0032871972318337,0.003114186851211,1.1041202392345772e-05,0.0027681660899654,3.229963684925032e-05,0.0024221453287196,1.6314612490182558e-05,0.002076124567474,1.6808994686854756e-05,0.0017301038062282,2.307116917803594e-05,0.0034602076124568,6.591762622295983e-07,0.0038062283737025,3.0355066875673e-06,0.0041522491349481,3.295881311147992e-07,0.0048442906574395,2.636705048918393e-06,0.005190311418685,2.3071169178035943e-06,1,1,1,1,0
428,0,13:31:27,2,0.003114186851211,0.0,0.0032871972318337,0.003114186851211,1.1041202392345772e-05,0.0027681660899654,3.229963684925032e-05,0.0024221453287196,1.6314612490182558e-05,0.002076124567474,1.6808994686854756e-05,0.0017301038062282,2.307116917803594e-05,0.0034602076124568,6.591762622295983e-07,0.0038062283737025,3.0355066875673e-06,0.0041522491349481,3.295881311147992e-07,0.0048442906574395,2.636705048918393e-06,0.005190311418685,2.3071169178035943e-06,1,1,1,1,0
429,0,13:31:30,2,0.0034602076124568,34790.0,0.0032871972318337,0.003114186851211,9.393261736771775e-06,0.0027681660899654,3.229963684925032e-05,0.0024221453287196,1.6314612490182558e-05,0.002076124567474,1.6808994686854756e-05,0.0017301038062282,2.307116917803594e-05,0.0034602076124568,3.295881311147992e-07,0.0038062283737025,3.0355066875673e-06,0.0041522491349481,3.295881311147992e-07,0.0048442906574395,2.636705048918393e-06,0.005190311418685,2.3071169178035943e-06,1,1,1,1,0
430,0,13:31:33,2,0.0034602076124568,23200.0,0.0036332179930798,0.0034602076124568,1.3183525244591966e-06,0.003114186851211,1.0546820195673573e-05,0.0027681660899654,3.229963684925032e-05,0.0024221453287196,1.6314612490182558e-05,0.002076124567474,1.6808994686854756e-05,0.0038062283737025,3.0355066875673e-06,0.0041522491349481,3.295881311147992e-07,0.0048442906574395,2.636705048918393e-06,0.005190311418685,2.3071169178035943e-06,0.0055363321799308,4.779027901164588e-06,1,0,1,1,0
431,0,13:31:36,2,0.0034602076124568,0.0,0.0036332179930798,0.0034602076124568,2.9662931800331924e-06,0.003114186851211,1.0546820195673573e-05,0.0027681660899654,3.229963684925032e-05,0.0024221453287196,1.6314612490182558e-05,0.002076124567474,1.6808994686854756e-05,0.0038062283737025,3.0355066875673e-06,0.0041522491349481,3.295881311147992e-07,0.0048442906574395,2.636705048918393e-06,0.005190311418685,2.3071169178035943e-06,0.0055363321799308,4.779027901164588e-06,1,1,1,1,0
432,0,13:31:39,2,0.0034602076124568,0.0,0.0036332179930798,0.0034602076124568,2.9662931800331924e-06,0.003114186851211,1.0546820195673573e-05,0.0027681660899654,3.229963684925032e-05,0.0024221453287196,1.6314612490182558e-05,0.002076124567474,1.6808994686854756e-05,0.0038062283737025,3.0355066875673e-06,0.0041522491349481,3.295881311147992e-07,0.0048442906574395,2.636705048918393e-06,0.005190311418685,2.3071169178035943e-06,0.0055363321799308,4.779027901164588e-06,1,1,1,1,0
433,0,13:31:42,2,0.0034602076124568,8700.0,0.0036332179930798,0.0034602076124568,2.4719109833609937e-06,0.003114186851211,1.0546820195673573e-05,0.0027681660899654,3.229963684925032e-05,0.0024221453287196,1.6314612490182558e-05,0.002076124567474,1.6808994686854756e-05,0.0038062283737025,3.0355066875673e-06,0.0041522491349481,3.295881311147992e-07,0.0048442906574395,2.636705048918393e-06,0.005190311418685,2.3071169178035943e-06,0.0055363321799308,4.779027901164588e-06,1,1,1,1,0
434,0,13:31:45,2,0.0034602076124568,0.0,0.0036332179930798,0.0034602076124568,2.801499114475793e-06,0.003114186851211,1.0546820195673573e-05,0.0027681660899654,3.229963684925032e-05,0.0024221453287196,1.6314612490182558e-05,0.002076124567474,1.6808994686854756e-05,0.0038062283737025,3.0355066875673e-06,0.0041522491349481,3.295881311147992e-07,0.0048442906574395,2.636705048918393e-06,0.005190311418685,2.3071169178035943e-06,0.0055363321799308,4.779027901164588e-06,0,1,1,0,0
435,0,13:31:48,2,0.0034602076124568,17400.0,0.0036332179930798,0.0034602076124568,2.1423228522461945e-06,0.003114186851211,1.0217232064558776e-05,0.0027681660899654,3.229963684925032e-05,0.0024221453287196,1.598502435906776e-05,0.002076124567474,1.6808994686854756e-05,0.0038062283737025,3.0355066875673e-06,0.0041522491349481,3.295881311147992e-07,0.0048442906574395,2.636705048918393e-06,0.005190311418685,2.3071169178035943e-06,0.0055363321799308,4.779027901164588e-06,0,0,1,0,0
436,0,13:31:51,2,0.0034602076124568,37700.0,0.0034602076124568,0.003114186851211,9.887643933443977e-06,0.0027681660899654,3.229963684925032e-05,0.0024221453287196,1.598502435906776e-05,0.002076124567474,1.6808994686854756e-05,0.0017301038062282,2.307116917803594e-05,0.0038062283737025,6.331387998715292e-06,0.0041522491349481,3.295881311147992e-07,0.0048442906574395,2.636705048918393e-06,0.005190311418685,2.3071169178035943e-06,0.0055363321799308,4.779027901164588e-06,1,1,1,1,0
437,0,13:31:54,2,0.003114186851211,8697.0,0.0034602076124568,0.003114186851211,9.393261736771775e-06,0.0027681660899654,3.229963684925032e-05,0.0024221453287196,1.598502435906776e-05,0.002076124567474,1.8456935342428754e-05,0.0017301038062282,2.307116917803594e-05,0.0038062283737025,6.331387998715292e-06,0.0041522491349481,3.295881311147992e-07,0.0048442906574395,2.636705048918393e-06,0.005190311418685,2.3071169178035943e-06,0.0055363321799308,4.779027901164588e-06,1,1,1,1,0
438,0,13:31:57,2,0.003114186851211,8697.0,0.0034602076124568,0.003114186851211,8.898879540099578e-06,0.0027681660899654,3.229963684925032e-05,0.0024221453287196,1.598502435906776e-05,0.002076124567474,1.8456935342428754e-05,0.0017301038062282,2.307116917803594e-05,0.0038062283737025,6.331387998715292e-06,0.0041522491349481,3.295881311147992e-07,0.0048442906574395,2.636705048918393e-06,0.005190311418685,2.3071169178035943e-06,0.0055363321799308,4.779027901164588e-06,1,1,1,1,0
439,0,13:32:00,2,0.003114186851211,156546.0,0.0029411764705882,0.0027681660899654,3.427716563593911e-05,0.0024221453287196,1.598502435906776e-05,0.002076124567474,1.8456935342428754e-05,0.0017301038062282,2.307116917803594e-05,0.0013840830449827,2.3071169178035943e-06,0.003114186851211,4.9438219667219874e-06,0.0038062283737025,6.331387998715292e-06,0.0041522491349481,3.295881311147992e-07,0.0048442906574395,2.636705048918393e-06,0.005190311418685,2.3071169178035943e-06,2,1,1,1,0
440,0,13:32:03,2,0.0027681660899654,17388.0,0.0029411764705882,0.0027681660899654,3.3123607177037314e-05,0.0024221453287196,1.598502435906776e-05,0.002076124567474,1.8456935342428754e-05,0.0017301038062282,2.307116917803594e-05,0.0013840830449827,2.3071169178035943e-06,0.003114186851211,9.063673605656976e-06,0.0034602076124568,1.3183525244591966e-06,0.0038062283737025,6.331387998715292e-06,0.0041522491349481,3.295881311147992e-07,0.0048442906574395,2.636705048918393e-06,1,1,1,1,0
441,0,13:32:06,2,0.0034602076124568,243545.0,0.0036332179930798,0.0034602076124568,2.636705048918393e-06,0.0027681660899654,3.3123607177037314e-05,0.0024221453287196,1.598502435906776e-05,0.002076124567474,1.8456935342428754e-05,0.0017301038062282,2.307116917803594e-05,0.0038062283737025,6.331387998715292e-06,0.0041522491349481,3.295881311147992e-07,0.0048442906574395,2.636705048918393e-06,0.005190311418685,2.3071169178035943e-06,0.0055363321799308,4.779027901164588e-06,0,1,1,0,0
442,0,13:32:09,2,0.0034602076124568,0.0,0.0036332179930798,0.0034602076124568,2.636705048918393e-06,0.0027681660899654,3.3123607177037314e-05,0.0024221453287196,1.598502435906776e-05,0.002076124567474,1.8456935342428754e-05,0.0017301038062282,2.307116917803594e-05,0.0038062283737025,6.331387998715292e-06,0.0041522491349481,3.295881311147992e-07,0.0048442906574395,2.636705048918393e-06,0.005190311418685,2.3071169178035943e-06,0.0055363321799308,4.779027901164588e-06,0,1,1,0,0
443,0,13:32:12,2,0.0034602076124568,0.0,0.0036332179930798,0.0034602076124568,2.636705048918393e-06,0.0027681660899654,3.3123607177037314e-05,0.0024221453287196,1.598502435906776e-05,0.002076124567474,1.8456935342428754e-05,0.0017301038062282,2.307116917803594e-05,0.0038062283737025,6.331387998715292e-06,0.0041522491349481,3.295881311147992e-07,0.0048442906574395,2.636705048918393e-06,0.005190311418685,2.3071169178035943e-06,0.0055363321799308,4.779027901164588e-06,1,1,1,0,0
444,0,13:32:15,2,0.0034602076124568,29000.0,0.0036332179930798,0.0034602076124568,9.887643933443975e-07,0.003114186851211,6.591762622295983e-07,0.0027681660899654,3.328840124259472e-05,0.0024221453287196,1.598502435906776e-05,0.002076124567474,1.8456935342428754e-05,0.0038062283737025,6.496182064272691e-06,0.0041522491349481,3.295881311147992e-07,0.0048442906574395,2.636705048918393e-06,0.005190311418685,2.3071169178035943e-06,0.0055363321799308,4.779027901164588e-06,1,1,1,0,0
445,0,13:32:18,2,0.0034602076124568,40590.0,0.0031141868512112,0.0027681660899654,3.279401904592252e-05,0.0024221453287196,1.598502435906776e-05,0.002076124567474,1.8456935342428754e-05,0.0017301038062282,2.307116917803594e-05,0.0013840830449827,2.3071169178035943e-06,0.0034602076124568,8.239703277869979e-07,0.0038062283737025,6.496182064272691e-06,0.0041522491349481,3.295881311147992e-07,0.0048442906574395,2.636705048918393e-06,0.005190311418685,2.3071169178035943e-06,1,1,1,0,0
446,0,13:32:21,2,0.0034602076124568,0.0,0.0031141868512112,0.0027681660899654,3.279401904592252e-05,0.0024221453287196,1.598502435906776e-05,0.002076124567474,1.8456935342428754e-05,0.0017301038062282,2.307116917803594e-05,0.0013840830449827,2.3071169178035943e-06,0.0034602076124568,8.239703277869979e-07,0.0038062283737025,6.496182064272691e-06,0.0041522491349481,3.295881311147992e-07,0.0048442906574395,2.636705048918393e-06,0.005190311418685,2.3071169178035943e-06,1,1,1,0,0
447,0,13:32:24,2,0.0034602076124568,0.0,0.0031141868512112,0.0027681660899654,3.114607839034852e-05,0.0024221453287196,1.598502435906776e-05,0.002076124567474,1.8456935342428754e-05,0.0017301038062282,2.307116917803594e-05,0.0013840830449827,2.3071169178035943e-06,0.0034602076124568,8.239703277869979e-07,0.0038062283737025,6.496182064272691e-06,0.0041522491349481,3.295881311147992e-07,0.0048442906574395,2.636705048918393e-06,0.005190311418685,2.3071169178035943e-06,1,1,1,0,0
448,0,13:32:27,2,0.0034602076124568,14500.0,0.0036332179930798,0.0034602076124568,4.943821966721988e-07,0.0027681660899654,3.114607839034852e-05,0.0024221453287196,1.7303376883526957e-05,0.002076124567474,1.8456935342428754e-05,0.0017301038062282,2.307116917803594e-05,0.0038062283737025,6.496182064272691e-06,0.0041522491349481,3.295881311147992e-07,0.0048442906574395,2.636705048918393e-06,0.005190311418685,2.3071169178035943e-06,0.0055363321799308,4.779027901164588e-06,1,1,1,0,0
449,0,13:32:30,2,0.0027681660899654,75354.0,0.003287197231834,0.0027681660899654,2.735581488252833e-05,0.0024221453287196,1.7303376883526957e-05,0.002076124567474,1.8456935342428754e-05,0.0017301038062282,2.307116917803594e-05,0.0013840830449827,2.3071169178035943e-06,0.0038062283737025,6.496182064272691e-06,0.0041522491349481,3.295881311147992e-07,0.0048442906574395,2.636705048918393e-06,0.005190311418685,2.3071169178035943e-06,0.0055363321799308,4.779027901164588e-06,1,1,1,0,1
450,0,13:32:33,2,0.0027681660899654,0.0,0.003287197231834,0.0027681660899654,2.6696638620298733e-05,0.0024221453287196,1.7303376883526957e-05,0.002076124567474,1.8456935342428754e-05,0.0017301038062282,2.307116917803594e-05,0.0013840830449827,2.3071169178035943e-06,0.0038062283737025,6.660976129830091e-06,0.0041522491349481,3.295881311147992e-07,0.0048442906574395,2.636705048918393e-06,0.005190311418685,2.3071169178035943e-06,0.0055363321799308,4.779027901164588e-06,1,1,1,0,1
451,0,13:32:36,2,0.0027681660899654,0.0,0.0032871972318337,0.003114186851211,1.6479406555739957e-07,0.0027681660899654,2.6696638620298733e-05,0.0024221453287196,1.7303376883526957e-05,0.002076124567474,1.8456935342428754e-05,0.0017301038062282,2.4224727636937737e-05,0.0034602076124568,2.1423228522461945e-06,0.0038062283737025,6.825770195387491e-06,0.0041522491349481,3.295881311147992e-07,0.0048442906574395,2.636705048918393e-06,0.005190311418685,2.3071169178035943e-06,1,1,1,0,1
452,0,13:32:39,2,0.0038062283737025,58007.0,0.0034602076124568,0.003114186851211,1.6479406555739957e-07,0.0027681660899654,2.702622675141353e-05,0.0024221453287196,1.7303376883526957e-05,0.002076124567474,1.8456935342428754e-05,0.0017301038062282,2.4224727636937737e-05,0.0038062283737025,5.672211736485694e-06,0.0041522491349481,3.295881311147992e-07,0.0048442906574395,2.636705048918393e-06,0.005190311418685,2.3071169178035943e-06,0.0055363321799308,4.779027901164588e-06,1,0,1,0,1
453,0,13:32:42,2,0.003114186851211,2899.0,0.003287197231834,0.0027681660899654,2.785019707920053e-05,0.0024221453287196,1.7303376883526957e-05,0.002076124567474,1.8456935342428754e-05,0.0017301038062282,2.4224727636937737e-05,0.0013840830449827,2.3071169178035943e-06,0.0038062283737025,5.672211736485694e-06,0.0041522491349481,3.295881311147992e-07,0.0048442906574395,2.636705048918393e-06,0.005190311418685,2.3071169178035943e-06,0.0055363321799308,4.779027901164588e-06,1,1,1,0,2
454,0,13:32:45,2,0.003114186851211,0.0,0.003287197231834,0.0027681660899654,2.785019707920053e-05,0.0024221453287196,1.7303376883526957e-05,0.002076124567474,1.8456935342428754e-05,0.0017301038062282,2.4224727636937737e-05,0.0013840830449827,2.3071169178035943e-06,0.0038062283737025,5.672211736485694e-06,0.0041522491349481,3.295881311147992e-07,0.0048442906574395,2.636705048918393e-06,0.005190311418685,2.3071169178035943e-06,0.0055363321799308,4.779027901164588e-06,1,1,1,0,2
455,0,13:32:48,2,0.003114186851211,0.0,0.003287197231834,0.0027681660899654,2.785019707920053e-05,0.0024221453287196,1.7303376883526957e-05,0.002076124567474,1.8456935342428754e-05,0.0017301038062282,2.4224727636937737e-05,0.0013840830449827,2.3071169178035943e-06,0.0038062283737025,5.672211736485694e-06,0.0041522491349481,3.295881311147992e-07,0.0048442906574395,2.636705048918393e-06,0.005190311418685,2.3071169178035943e-06,0.0055363321799308,4.779027901164588e-06,1,1,1,0,2
456,0,13:32:51,2,0.0027681660899654,11592.0,0.0034602076124568,0.003114186851211,1.6479406555739958e-06,0.0027681660899654,2.719102081697093e-05,0.0024221453287196,1.7303376883526957e-05,0.002076124567474,1.6808994686854756e-05,0.0017301038062282,2.4224727636937737e-05,0.0038062283737025,5.672211736485694e-06,0.0041522491349481,3.295881311147992e-07,0.0048442906574395,2.636705048918393e-06,0.005190311418685,2.3071169178035943e-06,0.0055363321799308,4.779027901164588e-06,0,1,1,0,2
457,0,13:32:54,2,0.0027681660899654,43480.0,0.0031141868512112,0.0027681660899654,2.6367050489183933e-05,0.0024221453287196,1.7303376883526957e-05,0.002076124567474,1.6808994686854756e-05,0.0017301038062282,2.4224727636937737e-05,0.0013840830449827,2.3071169178035943e-06,0.0034602076124568,4.943821966721988e-07,0.0038062283737025,5.672211736485694e-06,0.0041522491349481,3.295881311147992e-07,0.0048442906574395,2.636705048918393e-06,0.005190311418685,2.3071169178035943e-06,1,1,1,0,2
458,0,13:32:57,2,0.0038062283737025,23205.0,0.003287197231834,0.0027681660899654,2.7685403013643128e-05,0.0024221453287196,1.7303376883526957e-05,0.002076124567474,1.6808994686854756e-05,0.0017301038062282,2.4224727636937737e-05,0.0013840830449827,2.3071169178035943e-06,0.0038062283737025,4.848241408698695e-06,0.0041522491349481,3.295881311147992e-07,0.0048442906574395,2.636705048918393e-06,0.005190311418685,2.3071169178035943e-06,0.0055363321799308,4.779027901164588e-06,1,1,1,0,2
459,0,13:33:00,2,0.0038062283737025,5802.0,0.0029411764705882,0.0027681660899654,2.7685403013643128e-05,0.0024221453287196,1.7303376883526957e-05,0.002076124567474,1.6808994686854756e-05,0.0017301038062282,2.4224727636937737e-05,0.0013840830449827,2.3071169178035943e-06,0.003114186851211,1.1535584589017972e-06,0.0038062283737025,4.5186532775838965e-06,0.0041522491349481,3.295881311147992e-07,0.0048442906574395,2.636705048918393e-06,0.005190311418685,2.3071169178035943e-06,1,1,1,0,2
460,0,13:33:03,2,0.0038062283737025,0.0,0.0029411764705882,0.0027681660899654,2.7685403013643128e-05,0.0024221453287196,1.7303376883526957e-05,0.002076124567474,1.6808994686854756e-05,0.0017301038062282,2.4224727636937737e-05,0.0013840830449827,2.3071169178035943e-06,0.003114186851211,1.1535584589017972e-06,0.0038062283737025,4.5186532775838965e-06,0.0041522491349481,3.295881311147992e-07,0.0048442906574395,2.636705048918393e-06,0.005190311418685,2.636705048918393e-06,1,1,1,0,2
461,0,13:33:06,2,0.0027681660899654,5796.0,0.0029411764705882,0.0027681660899654,2.735581488252833e-05,0.0024221453287196,1.7303376883526957e-05,0.002076124567474,1.6808994686854756e-05,0.0017301038062282,2.4224727636937737e-05,0.0013840830449827,2.3071169178035943e-06,0.003114186851211,1.1535584589017972e-06,0.0038062283737025,4.5186532775838965e-06,0.0041522491349481,3.295881311147992e-07,0.0048442906574395,2.636705048918393e-06,0.005190311418685,2.636705048918393e-06,1,1,1,0,2
462,0,13:33:09,2,0.0027681660899654,0.0,0.0029411764705882,0.0027681660899654,2.735581488252833e-05,0.0024221453287196,1.7303376883526957e-05,0.002076124567474,1.6808994686854756e-05,0.0017301038062282,2.4224727636937737e-05,0.0013840830449827,2.3071169178035943e-06,0.003114186851211,1.1535584589017972e-06,0.0038062283737025,4.5186532775838965e-06,0.0041522491349481,3.295881311147992e-07,0.0048442906574395,2.636705048918393e-06,0.005190311418685,2.636705048918393e-06,1,1,1,0,2
463,0,13:33:12,2,0.0027681660899654,55062.0,0.003287197231834,0.0027681660899654,2.4224727636937737e-05,0.0024221453287196,1.7303376883526957e-05,0.002076124567474,1.6808994686854756e-05,0.0017301038062282,2.4224727636937737e-05,0.0013840830449827,2.3071169178035943e-06,0.0038062283737025,4.5186532775838965e-06,0.0041522491349481,3.295881311147992e-07,0.0048442906574395,2.636705048918393e-06,0.005190311418685,2.636705048918393e-06,0.0055363321799308,4.779027901164588e-06,1,1,0,0,2
464,0,13:33:15,2,0.0027681660899654,0.0,0.003287197231834,0.0027681660899654,2.4224727636937737e-05,0.0024221453287196,1.7303376883526957e-05,0.002076124567474,1.6808994686854756e-05,0.0017301038062282,2.4224727636937737e-05,0.0013840830449827,2.3071169178035943e-06,0.0038062283737025,4.5186532775838965e-06,0.0041522491349481,3.295881311147992e-07,0.0048442906574395,2.636705048918393e-06,0.005190311418685,2.636705048918393e-06,0.0055363321799308,4.779027901164588e-06,1,0,0,0,2
465,0,13:33:18,2,0.0027681660899654,0.0,0.003287197231834,0.0027681660899654,2.4224727636937737e-05,0.0024221453287196,1.7303376883526957e-05,0.002076124567474,1.6808994686854756e-05,0.0017301038062282,2.4224727636937737e-05,0.0013840830449827,2.3071169178035943e-06,0.0038062283737025,4.5186532775838965e-06,0.0041522491349481,3.295881311147992e-07,0.0048442906574395,2.636705048918393e-06,0.005190311418685,2.636705048918393e-06,0.0055363321799308,4.779027901164588e-06,1,0,0,0,2
466,0,13:33:21,2,0.0027681660899654,20286.0,0.0031141868512112,0.0027681660899654,2.356555137470814e-05,0.0024221453287196,1.7303376883526957e-05,0.002076124567474,1.6808994686854756e-05,0.0017301038062282,2.4224727636937737e-05,0.0013840830449827,2.3071169178035943e-06,0.0034602076124568,1.6479406555739957e-07,0.0038062283737025,4.5186532775838965e-06,0.0041522491349481,3.295881311147992e-07,0.0048442906574395,2.636705048918393e-06,0.005190311418685,2.636705048918393e-06,1,0,0,0,2
467,0,13:33:24,2,0.0038062283737025,11603.0,0.003287197231834,0.0027681660899654,2.356555137470814e-05,0.0024221453287196,1.7303376883526957e-05,0.002076124567474,1.6808994686854756e-05,0.0017301038062282,2.4224727636937737e-05,0.0013840830449827,2.3071169178035943e-06,0.0038062283737025,4.024271080911698e-06,0.0041522491349481,3.295881311147992e-07,0.0048442906574395,2.636705048918393e-06,0.005190311418685,2.636705048918393e-06,0.0055363321799308,4.779027901164588e-06,1,0,0,0,2
468,0,13:33:27,2,0.0038062283737025,0.0,0.003287197231834,0.0027681660899654,2.356555137470814e-05,0.0024221453287196,1.7303376883526957e-05,0.002076124567474,1.614981842462516e-05,0.0017301038062282,2.4224727636937737e-05,0.0013840830449827,2.3071169178035943e-06,0.0038062283737025,4.024271080911698e-06,0.0041522491349481,3.295881311147992e-07,0.0048442906574395,2.636705048918393e-06,0.005190311418685,2.636705048918393e-06,0.0055363321799308,4.779027901164588e-06,1,0,0,0,2
469,0,13:33:30,2,0.0027681660899654,144900.0,0.003287197231834,0.0027681660899654,1.532584809683816e-05,0.0024221453287196,1.7797759080199155e-05,0.002076124567474,1.614981842462516e-05,0.0017301038062282,2.4224727636937737e-05,0.0013840830449827,2.3071169178035943e-06,0.0038062283737025,4.5186532775838965e-06,0.0041522491349481,3.295881311147992e-07,0.0048442906574395,2.636705048918393e-06,0.005190311418685,2.636705048918393e-06,0.0055363321799308,4.779027901164588e-06,0,0,0,1,2
470,0,13:33:33,2,0.0027681660899654,139104.0,0.0031141868512112,0.0027681660899654,7.415732950082981e-06,0.0024221453287196,1.7797759080199155e-05,0.002076124567474,1.614981842462516e-05,0.0017301038062282,2.4224727636937737e-05,0.0013840830449827,2.3071169178035943e-06,0.0034602076124568,4.943821966721988e-07,0.0038062283737025,4.5186532775838965e-06,0.0041522491349481,3.295881311147992e-07,0.0048442906574395,2.636705048918393e-06,0.005190311418685,2.636705048918393e-06,0,0,0,1,2
471,0,13:33:36,2,0.0027681660899654,63769.0,0.0031141868512112,0.0027681660899654,5.767792294508985e-06,0.0024221453287196,1.7797759080199155e-05,0.002076124567474,1.614981842462516e-05,0.0017301038062282,2.4224727636937737e-05,0.0013840830449827,2.3071169178035943e-06,0.0034602076124568,3.295881311147992e-07,0.0038062283737025,4.5186532775838965e-06,0.0041522491349481,3.295881311147992e-07,0.0048442906574395,2.636705048918393e-06,0.005190311418685,2.636705048918393e-06,0,0,0,1,2
472,0,13:33:39,2,0.0027681660899654,49266.0,0.0031141868512112,0.0027681660899654,3.295881311147992e-06,0.0024221453287196,1.7797759080199155e-05,0.002076124567474,1.614981842462516e-05,0.0017301038062282,2.4224727636937737e-05,0.0013840830449827,2.3071169178035943e-06,0.0034602076124568,3.295881311147992e-07,0.0038062283737025,4.5186532775838965e-06,0.0041522491349481,3.295881311147992e-07,0.0048442906574395,2.636705048918393e-06,0.005190311418685,2.636705048918393e-06,0,0,0,1,2
473,0,13:33:42,2,0.0024221453287196,66651.0,0.0029411764705882,0.0024221453287196,1.7303376883526957e-05,0.002076124567474,1.614981842462516e-05,0.0017301038062282,2.4224727636937737e-05,0.0013840830449827,2.3071169178035943e-06,0.0010380622837371,4.614233835607189e-06,0.0034602076124568,3.295881311147992e-07,0.0038062283737025,1.2593562489896476e-05,0.0041522491349481,3.295881311147992e-07,0.0048442906574395,2.636705048918393e-06,0.005190311418685,2.636705048918393e-06,1,0,0,2,2
474,0,13:33:45,2,0.0024221453287196,8691.0,0.0025951557093426,0.0024221453287196,1.6808994686854756e-05,0.002076124567474,1.614981842462516e-05,0.0017301038062282,2.4224727636937737e-05,0.0013840830449827,2.3071169178035943e-06,0.0010380622837371,4.614233835607189e-06,0.0027681660899654,3.295881311147992e-06,0.003114186851211,4.9438219667219874e-06,0.0034602076124568,3.295881311147992e-07,0.0038062283737025,1.2593562489896476e-05,0.0041522491349481,3.295881311147992e-07,1,1,0,2,2
475,0,13:33:48,2,0.0024221453287196,14485.0,0.0025951557093426,0.0024221453287196,1.582023029351036e-05,0.002076124567474,1.614981842462516e-05,0.0017301038062282,2.4224727636937737e-05,0.0013840830449827,2.3071169178035943e-06,0.0010380622837371,4.614233835607189e-06,0.0027681660899654,3.95505757337759e-06,0.003114186851211,4.9438219667219874e-06,0.0034602076124568,3.295881311147992e-07,0.0038062283737025,1.2593562489896476e-05,0.0041522491349481,3.295881311147992e-07,1,0,0,2,2
476,0,13:33:51,2,0.0024221453287196,136159.0,0.0025951557093426,0.0024221453287196,8.07490921231258e-06,0.002076124567474,1.614981842462516e-05,0.0017301038062282,2.4224727636937737e-05,0.0013840830449827,2.3071169178035943e-06,0.0010380622837371,4.614233835607189e-06,0.0027681660899654,3.95505757337759e-06,0.003114186851211,4.9438219667219874e-06,0.0034602076124568,3.295881311147992e-07,0.0038062283737025,1.2593562489896476e-05,0.0041522491349481,3.295881311147992e-07,1,0,0,2,2
477,0,13:33:54,2,0.0027681660899654,98500.0,0.0025951557093426,0.0024221453287196,2.801499114475793e-06,0.002076124567474,1.614981842462516e-05,0.0017301038062282,2.4224727636937737e-05,0.0013840830449827,2.3071169178035943e-06,0.0010380622837371,4.614233835607189e-06,0.0027681660899654,3.625469442262791e-06,0.003114186851211,4.9438219667219874e-06,0.0034602076124568,3.295881311147992e-07,0.0038062283737025,1.2593562489896476e-05,0.0041522491349481,3.295881311147992e-07,1,0,0,2,2
478,0,13:33:57,2,0.0024221453287196,5794.0,0.0025951557093426,0.0024221453287196,2.4719109833609937e-06,0.002076124567474,1.614981842462516e-05,0.0017301038062282,2.4224727636937737e-05,0.0013840830449827,2.3071169178035943e-06,0.0010380622837371,4.614233835607189e-06,0.0027681660899654,3.625469442262791e-06,0.003114186851211,4.9438219667219874e-06,0.0034602076124568,3.295881311147992e-07,0.0038062283737025,1.2593562489896476e-05,0.0041522491349481,3.295881311147992e-07,1,0,0,2,2
479,0,13:34:00,2,0.0024221453287196,0.0,0.0025951557093426,0.0024221453287196,2.4719109833609937e-06,0.002076124567474,1.614981842462516e-05,0.0017301038062282,2.389513950582294e-05,0.0013840830449827,2.3071169178035943e-06,0.0010380622837371,4.614233835607189e-06,0.0027681660899654,3.625469442262791e-06,0.003114186851211,4.9438219667219874e-06,0.0034602076124568,3.295881311147992e-07,0.0038062283737025,1.2593562489896476e-05,0.0041522491349481,3.295881311147992e-07,1,0,0,2,2
480,0,13:34:03,2,0.0024221453287196,43455.0,0.0022491349480968,0.002076124567474,1.614981842462516e-05,0.0017301038062282,2.389513950582294e-05,0.0013840830449827,2.3071169178035943e-06,0.0010380622837371,4.614233835607189e-06,0.0006920415224913,3.625469442262791e-06,0.0024221453287196,8.239703277869979e-07,0.0027681660899654,3.625469442262791e-06,0.003114186851211,4.9438219667219874e-06,0.0034602076124568,3.295881311147992e-07,0.0038062283737025,1.2593562489896476e-05,1,0,1,2,2
481,0,13:34:06,2,0.0024221453287196,0.0,0.0022491349480968,0.002076124567474,1.6314612490182558e-05,0.0017301038062282,2.389513950582294e-05,0.0013840830449827,2.3071169178035943e-06,0.0010380622837371,4.614233835607189e-06,0.0006920415224913,3.625469442262791e-06,0.0024221453287196,2.4719109833609937e-06,0.0027681660899654,6.591762622295983e-07,0.003114186851211,4.9438219667219874e-06,0.0034602076124568,3.295881311147992e-07,0.0038062283737025,1.2593562489896476e-05,1,0,1,2,2
482,0,13:34:09,2,0.0024221453287196,11588.0,0.0022491349480968,0.002076124567474,1.6314612490182558e-05,0.0017301038062282,2.389513950582294e-05,0.0013840830449827,2.3071169178035943e-06,0.0010380622837371,4.614233835607189e-06,0.0006920415224913,3.625469442262791e-06,0.0024221453287196,1.8127347211313956e-06,0.0027681660899654,6.591762622295983e-07,0.003114186851211,4.9438219667219874e-06,0.0034602076124568,3.295881311147992e-07,0.0038062283737025,1.2593562489896476e-05,1,1,1,2,2
483,0,13:34:12,2,0.0024221453287196,5794.0,0.0022491349480968,0.002076124567474,1.6314612490182558e-05,0.0017301038062282,2.389513950582294e-05,0.0013840830449827,2.3071169178035943e-06,0.0010380622837371,4.614233835607189e-06,0.0006920415224913,3.625469442262791e-06,0.0024221453287196,1.4831465900165962e-06,0.0027681660899654,6.591762622295983e-07,0.003114186851211,4.9438219667219874e-06,0.0034602076124568,3.295881311147992e-07,0.0038062283737025,1.2593562489896476e-05,1,1,1,2,2
484,0,13:34:15,2,0.002076124567474,52128.0,0.0022491349480968,0.002076124567474,1.3348319310149366e-05,0.0017301038062282,2.389513950582294e-05,0.0013840830449827,2.3071169178035943e-06,0.0010380622837371,4.614233835607189e-06,0.0006920415224913,3.460675376705391e-06,0.0024221453287196,1.7962553145756553e-05,0.0027681660899654,6.591762622295983e-07,0.003114186851211,4.9438219667219874e-06,0.0034602076124568,3.295881311147992e-07,0.0038062283737025,1.2593562489896476e-05,1,0,1,2,2
485,0,13:34:18,2,0.0017301038062282,246156.0,0.0019031141868512,0.0017301038062282,2.323596324359334e-05,0.0013840830449827,2.3071169178035943e-06,0.0010380622837371,4.614233835607189e-06,0.0006920415224913,3.460675376705391e-06,0.0003460207612457,1.944569973577315e-05,0.002076124567474,2.6367050489183933e-05,0.0024221453287196,1.7962553145756553e-05,0.0027681660899654,6.591762622295983e-07,0.003114186851211,4.9438219667219874e-06,0.0034602076124568,3.295881311147992e-07,1,0,1,2,2
486,0,13:34:21,2,0.0017301038062282,130275.0,0.0019031141868512,0.0017301038062282,1.582023029351036e-05,0.0013840830449827,2.3071169178035943e-06,0.0010380622837371,4.614233835607189e-06,0.0006920415224913,3.460675376705391e-06,0.0003460207612457,1.944569973577315e-05,0.002076124567474,2.5707874226954334e-05,0.0024221453287196,1.7962553145756553e-05,0.0027681660899654,6.591762622295983e-07,0.003114186851211,4.9438219667219874e-06,0.0034602076124568,3.295881311147992e-07,1,0,1,2,2
487,0,13:34:24,2,0.0017301038062282,31845.0,0.0019031141868512,0.0017301038062282,1.4007495572378964e-05,0.0013840830449827,2.3071169178035943e-06,0.0010380622837371,4.614233835607189e-06,0.0006920415224913,3.460675376705391e-06,0.0003460207612457,1.944569973577315e-05,0.002076124567474,2.8838961472544925e-05,0.0024221453287196,1.7962553145756553e-05,0.0027681660899654,6.591762622295983e-07,0.003114186851211,4.9438219667219874e-06,0.0034602076124568,3.295881311147992e-07,1,1,1,2,2
488,0,13:34:27,2,0.0017301038062282,220020.0,0.0019031141868512,0.0017301038062282,1.4831465900165962e-06,0.0013840830449827,2.3071169178035943e-06,0.0010380622837371,4.614233835607189e-06,0.0006920415224913,3.460675376705391e-06,0.0003460207612457,1.944569973577315e-05,0.002076124567474,2.8838961472544925e-05,0.0024221453287196,1.7962553145756553e-05,0.0027681660899654,6.591762622295983e-07,0.003114186851211,4.9438219667219874e-06,0.0034602076124568,3.295881311147992e-07,1,1,1,2,2
489,0,13:34:30,2,0.0017301038062282,2895.0,0.0019031141868512,0.0017301038062282,1.3183525244591966e-06,0.0013840830449827,2.3071169178035943e-06,0.0010380622837371,4.614233835607189e-06,0.0006920415224913,3.460675376705391e-06,0.0003460207612457,1.944569973577315e-05,0.002076124567474,2.8838961472544925e-05,0.0024221453287196,1.7962553145756553e-05,0.0027681660899654,6.591762622295983e-07,0.003114186851211,4.9438219667219874e-06,0.0034602076124568,3.295881311147992e-07,0,1,2,2,2
490,0,13:34:33,2,0.0017301038062282,23160.0,0.0015570934256055,0.0013840830449827,2.3071169178035943e-06,0.0010380622837371,4.614233835607189e-06,0.0006920415224913,3.460675376705391e-06,0.0003460207612457,1.944569973577315e-05,0.0,0.000192479468571,0.0017301038062282,1.6479406555739957e-07,0.002076124567474,2.0599258194674947e-05,0.0024221453287196,1.7962553145756553e-05,0.0027681660899654,6.591762622295983e-07,0.003114186851211,4.9438219667219874e-06,1,1,2,2,2
491,0,13:34:36,2,0.0017301038062282,0.0,0.0015570934256055,0.0013840830449827,2.3071169178035943e-06,0.0010380622837371,4.614233835607189e-06,0.0006920415224913,3.460675376705391e-06,0.0003460207612457,1.944569973577315e-05,0.0,0.000192479468571,0.0017301038062282,1.6479406555739957e-07,0.002076124567474,2.0599258194674947e-05,0.0024221453287196,1.7962553145756553e-05,0.0027681660899654,6.591762622295983e-07,0.003114186851211,4.9438219667219874e-06,1,1,2,2,2
492,0,13:34:39,2,0.0017301038062282,2895.0,0.0019031141868512,0.0017301038062282,9.887643933443975e-07,0.0013840830449827,2.9662931800331924e-06,0.0010380622837371,4.614233835607189e-06,0.0006920415224913,3.460675376705391e-06,0.0003460207612457,1.944569973577315e-05,0.002076124567474,2.0599258194674947e-05,0.0024221453287196,1.7962553145756553e-05,0.0027681660899654,6.591762622295983e-07,0.003114186851211,4.9438219667219874e-06,0.0034602076124568,3.295881311147992e-07,1,1,2,2,2
493,0,13:34:42,2,0.0017301038062282,0.0,0.0019031141868512,0.0017301038062282,9.887643933443975e-07,0.0013840830449827,2.9662931800331924e-06,0.0010380622837371,5.438204163394186e-06,0.0006920415224913,3.460675376705391e-06,0.0003460207612457,1.944569973577315e-05,0.002076124567474,2.0599258194674947e-05,0.0024221453287196,1.7962553145756553e-05,0.0027681660899654,6.591762622295983e-07,0.003114186851211,4.9438219667219874e-06,0.0034602076124568,3.295881311147992e-07,1,1,2,2,2
494,0,13:34:45,2,0.0013840830449827,75252.0,0.0012110726643599,0.0010380622837371,5.438204163394186e-06,0.0006920415224913,3.460675376705391e-06,0.0003460207612457,2.1093640391347145e-05,0.0,0.0001952809676855,-0.0003460207612455,1.4831465900165962e-06,0.0013840830449827,3.95505757337759e-06,0.002076124567474,2.0599258194674947e-05,0.0024221453287196,1.7962553145756553e-05,0.0027681660899654,6.591762622295983e-07,0.003114186851211,4.9438219667219874e-06,1,2,2,2,2
495,0,13:34:48,2,0.0013840830449827,34728.0,0.0012110726643599,0.0010380622837371,5.932586360066385e-06,0.0006920415224913,3.460675376705391e-06,0.0003460207612457,2.1093640391347145e-05,0.0,0.0001979176727344,-0.0003460207612455,1.4831465900165962e-06,0.0013840830449827,1.977528786688795e-06,0.0017301038062282,4.943821966721988e-07,0.002076124567474,2.0599258194674947e-05,0.0024221453287196,2.2082404784691544e-05,0.0027681660899654,6.591762622295983e-07,1,2,2,2,2
496,0,13:34:51,2,0.0013840830449827,0.0,0.0012110726643599,0.0010380622837371,5.932586360066385e-06,0.0006920415224913,3.460675376705391e-06,0.0003460207612457,2.1093640391347145e-05,0.0,0.0001979176727344,-0.0003460207612455,1.4831465900165962e-06,0.0013840830449827,1.977528786688795e-06,0.0017301038062282,4.943821966721988e-07,0.002076124567474,2.0599258194674947e-05,0.0024221453287196,2.2082404784691544e-05,0.0027681660899654,6.591762622295983e-07,2,2,2,2,2
497,0,13:34:54,2,0.0013840830449827,34728.0,0.0015570934256055,0.0013840830449827,6.426968556738583e-06,0.0010380622837371,5.932586360066385e-06,0.0006920415224913,3.460675376705391e-06,0.0003460207612457,2.1093640391347145e-05,0.0,0.0001979176727344,0.0017301038062282,1.3183525244591966e-06,0.002076124567474,2.0599258194674947e-05,0.0024221453287196,2.2082404784691544e-05,0.0027681660899654,6.591762622295983e-07,0.003114186851211,4.9438219667219874e-06,1,1,2,2,2
498,0,13:34:57,2,0.0013840830449827,0.0,0.0015570934256055,0.0013840830449827,6.426968556738583e-06,0.0010380622837371,5.932586360066385e-06,0.0006920415224913,3.460675376705391e-06,0.0003460207612457,2.1093640391347145e-05,0.0,0.0001979176727344,0.0017301038062282,1.3183525244591966e-06,0.002076124567474,2.0599258194674947e-05,0.0024221453287196,2.2082404784691544e-05,0.003114186851211,4.9438219667219874e-06,0.0034602076124568,3.295881311147992e-07,1,2,2,2,2
499,0,13:35:00,2,0.0013840830449827,0.0,0.0015570934256055,0.0013840830449827,6.426968556738583e-06,0.0010380622837371,5.932586360066385e-06,0.0006920415224913,3.460675376705391e-06,0.0003460207612457,2.1917610719134143e-05,0.0,0.0001980824667999,0.0017301038062282,1.3183525244591966e-06,0.002076124567474,2.0599258194674947e-05,0.0024221453287196,2.2082404784691544e-05,0.003114186851211,4.9438219667219874e-06,0.0034602076124568,3.295881311147992e-07,1,2,2,2,2
500,0,13:35:03,2,0.0013840830449827,0.0,0.0015570934256055,0.0013840830449827,6.426968556738583e-06,0.0010380622837371,5.932586360066385e-06,0.0006920415224913,3.460675376705391e-06,0.0003460207612457,2.1917610719134143e-05,0.0,0.0001980824667999,0.0017301038062282,1.3183525244591966e-06,0.002076124567474,2.0599258194674947e-05,0.0024221453287196,2.2082404784691544e-05,0.003114186851211,4.9438219667219874e-06,0.0034602076124568,3.295881311147992e-07,1,2,2,2,2
501,0,13:35:06,2,0.0017301038062282,26055.0,0.0019031141868512,0.0017301038062282,1.3183525244591966e-06,0.0013840830449827,8.07490921231258e-06,0.0010380622837371,5.932586360066385e-06,0.0006920415224913,3.131087245590592e-06,0.0003460207612457,2.356555137470814e-05,0.002076124567474,2.0599258194674947e-05,0.0024221453287196,2.2082404784691544e-05,0.003114186851211,4.9438219667219874e-06,0.0034602076124568,3.295881311147992e-07,0.0038062283737025,1.2099180293224278e-05,1,2,2,2,2
502,0,13:35:09,2,0.0017301038062282,0.0,0.0019031141868512,0.0017301038062282,1.4831465900165962e-06,0.0013840830449827,8.898879540099578e-06,0.0010380622837371,5.932586360066385e-06,0.0006920415224913,3.131087245590592e-06,0.0003460207612457,2.356555137470814e-05,0.002076124567474,2.0599258194674947e-05,0.0024221453287196,2.2082404784691544e-05,0.003114186851211,4.9438219667219874e-06,0.0034602076124568,3.295881311147992e-07,0.0038062283737025,1.2099180293224278e-05,1,2,2,2,2
503,0,13:35:12,2,0.0013840830449827,28949.0,0.0019031141868512,0.0017301038062282,8.091388618868319e-05,0.0013840830449827,8.898879540099578e-06,0.0010380622837371,8.898879540099578e-06,0.0006920415224913,3.131087245590592e-06,0.0003460207612457,2.356555137470814e-05,0.002076124567474,2.0599258194674947e-05,0.0024221453287196,2.2082404784691544e-05,0.003114186851211,4.9438219667219874e-06,0.0034602076124568,3.295881311147992e-07,0.0038062283737025,1.2099180293224278e-05,1,2,2,2,2
504,0,13:35:15,2,0.002076124567474,11584.0,0.0019031141868512,0.0017301038062282,8.272662090981459e-05,0.0013840830449827,8.898879540099578e-06,0.0010380622837371,8.898879540099578e-06,0.0006920415224913,3.7902635078201903e-06,0.0003460207612457,2.356555137470814e-05,0.002076124567474,1.9940081932445348e-05,0.0024221453287196,2.2082404784691544e-05,0.003114186851211,4.9438219667219874e-06,0.0034602076124568,3.295881311147992e-07,0.0038062283737025,1.2099180293224278e-05,2,2,2,2,2
505,0,13:35:18,2,0.002076124567474,72380.0,0.0019031141868512,0.0017301038062282,7.94307395986666e-05,0.0013840830449827,8.898879540099578e-06,0.0010380622837371,8.898879540099578e-06,0.0006920415224913,3.7902635078201903e-06,0.0003460207612457,2.356555137470814e-05,0.002076124567474,1.911611160465835e-05,0.0024221453287196,2.2082404784691544e-05,0.003114186851211,4.9438219667219874e-06,0.0034602076124568,3.295881311147992e-07,0.0038062283737025,1.2099180293224278e-05,2,2,2,2,2
506,0,13:35:21,2,0.002076124567474,60815.0,0.0019031141868512,0.0017301038062282,7.92659455331092e-05,0.0013840830449827,8.898879540099578e-06,0.0010380622837371,8.898879540099578e-06,0.0006920415224913,3.7902635078201903e-06,0.0003460207612457,2.356555137470814e-05,0.002076124567474,1.582023029351036e-05,0.0024221453287196,2.2082404784691544e-05,0.003114186851211,4.9438219667219874e-06,0.0034602076124568,3.295881311147992e-07,0.0038062283737025,1.2099180293224278e-05,2,2,2,2,2
507,0,13:35:24,2,0.002076124567474,121628.0,0.0019031141868512,0.0017301038062282,7.86067692708796e-05,0.0013840830449827,8.898879540099578e-06,0.0010380622837371,8.898879540099578e-06,0.0006920415224913,3.7902635078201903e-06,0.0003460207612457,2.356555137470814e-05,0.002076124567474,9.558055802329175e-06,0.0024221453287196,2.2082404784691544e-05,0.003114186851211,4.9438219667219874e-06,0.0034602076124568,3.295881311147992e-07,0.0038062283737025,4.024271080911698e-06,2,2,2,2,2
508,0,13:35:27,2,0.002076124567474,167968.0,0.0022491349480968,0.002076124567474,6.591762622295983e-07,0.0017301038062282,7.89363574019944e-05,0.0013840830449827,8.898879540099578e-06,0.0010380622837371,8.898879540099578e-06,0.0006920415224913,3.7902635078201903e-06,0.0024221453287196,2.2082404784691544e-05,0.003114186851211,4.9438219667219874e-06,0.0034602076124568,3.295881311147992e-07,0.0038062283737025,4.024271080911698e-06,0.0041522491349481,3.295881311147992e-07,2,2,2,2,2
509,0,13:35:30,2,0.003114186851211,483867.0,0.0031141868512112,0.0024221453287196,4.119851638934989e-06,0.002076124567474,8.239703277869979e-07,0.0017301038062282,7.91011514675518e-05,0.0013840830449827,8.898879540099578e-06,0.0010380622837371,8.898879540099578e-06,0.0038062283737025,4.024271080911698e-06,0.0041522491349481,3.295881311147992e-07,0.0048442906574395,2.636705048918393e-06,0.005190311418685,2.636705048918393e-06,0.0055363321799308,4.779027901164588e-06,2,2,2,2,2
510,0,13:35:33,2,0.0034602076124568,2900.0,0.0034602076124568,0.003114186851211,8.701126661430698e-05,0.0027681660899654,4.943821966721988e-07,0.0024221453287196,4.943821966721988e-07,0.002076124567474,8.239703277869979e-07,0.0017301038062282,7.89363574019944e-05,0.0038062283737025,4.024271080911698e-06,0.0041522491349481,3.295881311147992e-07,0.0048442906574395,2.636705048918393e-06,0.005190311418685,2.636705048918393e-06,0.0055363321799308,4.779027901164588e-06,2,2,2,2,2
511,0,13:35:36,2,0.0038062283737025,8703.0,0.0034602076124568,0.003114186851211,8.750564881097918e-05,0.0024221453287196,4.943821966721988e-07,0.002076124567474,3.460675376705391e-06,0.0017301038062282,7.976032772978139e-05,0.0013840830449827,7.91011514675518e-06,0.0038062283737025,3.529888884239499e-06,0.0041522491349481,3.295881311147992e-07,0.0048442906574395,2.636705048918393e-06,0.005190311418685,2.636705048918393e-06,0.0055363321799308,4.779027901164588e-06,2,2,2,2,2
512,0,13:35:39,2,0.0038062283737025,60921.0,0.0034602076124568,0.003114186851211,8.750564881097918e-05,0.0024221453287196,4.943821966721988e-07,0.002076124567474,3.460675376705391e-06,0.0017301038062282,7.976032772978139e-05,0.0013840830449827,7.91011514675518e-06,0.0038062283737025,6.921350753410782e-08,0.0041522491349481,3.295881311147992e-07,0.0048442906574395,2.636705048918393e-06,0.005190311418685,2.636705048918393e-06,0.0055363321799308,4.779027901164588e-06,2,2,2,2,2
513,0,13:35:42,2,0.0041522491349481,15728.0,0.0044982698961939,0.0041522491349481,5.602998228951586e-06,0.0038062283737025,4.2516868913809093e-07,0.003114186851211,8.124347431979799e-05,0.0024221453287196,4.943821966721988e-07,0.002076124567474,3.460675376705391e-06,0.0048442906574395,2.636705048918393e-06,0.005190311418685,2.636705048918393e-06,0.0055363321799308,4.779027901164588e-06,0.0058823529411764,4.943821966721988e-07,0.0062283737024222,1.6479406555739957e-07,2,2,2,2,2
514,0,13:35:45,2,0.0041522491349481,0.0,0.0044982698961939,0.0041522491349481,6.097380425623785e-06,0.0038062283737025,4.2516868913809093e-07,0.003114186851211,8.124347431979799e-05,0.0024221453287196,4.943821966721988e-07,0.002076124567474,3.460675376705391e-06,0.0048442906574395,2.636705048918393e-06,0.005190311418685,2.636705048918393e-06,0.0055363321799308,4.779027901164588e-06,0.0058823529411764,4.943821966721988e-07,0.0062283737024222,1.6479406555739957e-07,2,2,2,2,2
515,0,13:35:48,2,0.0041522491349481,49348.0,0.0044982698961939,0.0041522491349481,4.449439770049789e-06,0.0038062283737025,5.899627546954904e-07,0.003114186851211,8.124347431979799e-05,0.0024221453287196,4.943821966721988e-07,0.002076124567474,3.460675376705391e-06,0.0048442906574395,1.4831465900165962e-06,0.005190311418685,2.636705048918393e-06,0.0055363321799308,4.779027901164588e-06,0.0058823529411764,4.943821966721988e-07,0.0062283737024222,1.6479406555739957e-07,2,2,2,2,2
516,0,13:35:51,2,0.0048442906574395,26136.0,0.0050173010380623,0.0048442906574395,2.3071169178035943e-06,0.0044982698961939,9.887643933443975e-07,0.0041522491349481,6.591762622295983e-07,0.0038062283737025,4.943821966721988e-07,0.003114186851211,8.124347431979799e-05,0.005190311418685,2.636705048918393e-06,0.0055363321799308,4.779027901164588e-06,0.0058823529411764,4.943821966721988e-07,0.0062283737024222,1.6479406555739957e-07,0.0065743944636678,8.07490921231258e-06,1,2,1,1,1
517,0,13:35:54,2,0.0048442906574395,17427.0,0.0050173010380623,0.0048442906574395,2.3071169178035943e-06,0.0044982698961939,9.887643933443975e-07,0.0041522491349481,1.6479406555739957e-07,0.0038062283737025,4.943821966721988e-07,0.003114186851211,8.074909212312579e-05,0.005190311418685,2.1423228522461945e-06,0.0055363321799308,4.779027901164588e-06,0.0058823529411764,4.943821966721988e-07,0.0062283737024222,1.6479406555739957e-07,0.0065743944636678,8.07490921231258e-06,1,2,2,2,1
518,0,13:35:57,2,0.005190311418685,23240.0,0.0050173010380623,0.0048442906574395,2.3071169178035943e-06,0.0044982698961939,9.887643933443975e-07,0.0041522491349481,1.6479406555739957e-07,0.0038062283737025,4.943821966721988e-07,0.0034602076124568,1.6479406555739957e-07,0.005190311418685,8.239703277869979e-07,0.0055363321799308,4.779027901164588e-06,0.0058823529411764,4.943821966721988e-07,0.0062283737024222,1.6479406555739957e-07,0.0065743944636678,8.07490921231258e-06,2,2,2,1,1
519,0,13:36:00,2,0.0048442906574395,34848.0,0.0050173010380623,0.0048442906574395,3.295881311147992e-07,0.0044982698961939,9.887643933443975e-07,0.0041522491349481,1.6479406555739957e-07,0.0038062283737025,4.943821966721988e-07,0.0034602076124568,1.6479406555739957e-07,0.005190311418685,8.239703277869979e-07,0.0055363321799308,4.779027901164588e-06,0.0058823529411764,4.943821966721988e-07,0.0062283737024222,1.6479406555739957e-07,0.0065743944636678,8.07490921231258e-06,2,2,2,2,1
520,0,13:36:03,2,0.0048442906574395,0.0,0.0050173010380623,0.0048442906574395,3.295881311147992e-07,0.0044982698961939,9.887643933443975e-07,0.0041522491349481,1.6479406555739957e-07,0.0038062283737025,3.460675376705391e-06,0.0034602076124568,1.6479406555739957e-07,0.005190311418685,8.239703277869979e-07,0.0055363321799308,4.779027901164588e-06,0.0058823529411764,4.943821966721988e-07,0.0062283737024222,1.6479406555739957e-07,0.0065743944636678,8.07490921231258e-06,2,2,2,2,1
521,0,13:36:06,2,0.005190311418685,8715.0,0.0050173010380623,0.0048442906574395,4.943821966721988e-07,0.0044982698961939,9.887643933443975e-07,0.0038062283737025,3.131087245590592e-06,0.0034602076124568,3.295881311147992e-07,0.003114186851211,8.124347431979799e-05,0.005190311418685,3.295881311147992e-07,0.0055363321799308,4.779027901164588e-06,0.0058823529411764,4.943821966721988e-07,0.0062283737024222,1.6479406555739957e-07,0.0065743944636678,8.07490921231258e-06,2,2,2,2,1
522,0,13:36:09,2,0.005190311418685,5810.0,0.005190311418685,0.0048442906574395,4.943821966721988e-07,0.0044982698961939,9.887643933443975e-07,0.0038062283737025,3.131087245590592e-06,0.0034602076124568,3.295881311147992e-07,0.003114186851211,8.124347431979799e-05,0.0055363321799308,4.779027901164588e-06,0.0058823529411764,4.943821966721988e-07,0.0062283737024222,1.6479406555739957e-07,0.0065743944636678,8.07490921231258e-06,0.0069204152249136,5.1745336585023465e-06,2,2,1,2,1
523,0,13:36:12,2,0.0055363321799308,84274.0,0.0057093425605536,0.0055363321799308,3.95505757337759e-06,0.0048442906574395,4.943821966721988e-07,0.0044982698961939,9.887643933443975e-07,0.0038062283737025,3.131087245590592e-06,0.0034602076124568,3.295881311147992e-07,0.0058823529411764,4.943821966721988e-07,0.0062283737024222,1.6479406555739957e-07,0.0065743944636678,8.07490921231258e-06,0.0069204152249136,5.1745336585023465e-06,0.0072664359861591,1.6479406555739958e-06,1,1,1,1,1
524,0,13:36:15,2,0.0055363321799308,0.0,0.0057093425605536,0.0055363321799308,3.95505757337759e-06,0.0048442906574395,4.943821966721988e-07,0.0044982698961939,9.887643933443975e-07,0.0038062283737025,3.131087245590592e-06,0.0034602076124568,3.295881311147992e-07,0.0058823529411764,4.943821966721988e-07,0.0062283737024222,1.6479406555739957e-07,0.0065743944636678,8.07490921231258e-06,0.0069204152249136,5.1745336585023465e-06,0.0072664359861591,1.6479406555739958e-06,1,1,1,1,1
525,0,13:36:18,2,0.0055363321799308,0.0,0.0057093425605536,0.0055363321799308,4.614233835607189e-06,0.0048442906574395,4.943821966721988e-07,0.0044982698961939,9.887643933443975e-07,0.0038062283737025,3.131087245590592e-06,0.0034602076124568,3.295881311147992e-07,0.0058823529411764,4.943821966721988e-07,0.0062283737024222,1.6479406555739957e-07,0.0065743944636678,8.07490921231258e-06,0.0069204152249136,5.1745336585023465e-06,0.0072664359861591,1.6479406555739958e-06,1,1,1,1,0
526,0,13:36:21,2,0.0055363321799308,0.0,0.0057093425605536,0.0055363321799308,4.614233835607189e-06,0.0048442906574395,4.943821966721988e-07,0.0044982698961939,9.887643933443975e-07,0.0038062283737025,3.131087245590592e-06,0.0034602076124568,3.295881311147992e-07,0.0058823529411764,4.943821966721988e-07,0.0062283737024222,1.6479406555739957e-07,0.0065743944636678,8.07490921231258e-06,0.0069204152249136,5.1745336585023465e-06,0.0072664359861591,1.6479406555739958e-06,1,1,1,1,0
527,0,13:36:24,2,0.0058823529411764,8721.0,0.0060553633217992,0.0058823529411764,3.295881311147992e-07,0.0055363321799308,4.614233835607189e-06,0.0048442906574395,4.943821966721988e-07,0.0044982698961939,9.887643933443975e-07,0.0038062283737025,3.131087245590592e-06,0.0062283737024222,1.6479406555739957e-07,0.0065743944636678,8.07490921231258e-06,0.0069204152249136,5.1745336585023465e-06,0.0072664359861591,1.6479406555739958e-06,0.0076124567474049,8.239703277869979e-07,1,1,1,1,0
528,0,13:36:27,2,0.0055363321799308,29062.0,0.0058823529411764,0.0055363321799308,3.295881311147992e-06,0.0048442906574395,4.943821966721988e-07,0.0044982698961939,9.887643933443975e-07,0.0038062283737025,3.131087245590592e-06,0.0034602076124568,3.295881311147992e-07,0.0062283737024222,1.6479406555739957e-07,0.0065743944636678,8.07490921231258e-06,0.0069204152249136,5.1745336585023465e-06,0.0072664359861591,1.6479406555739958e-06,0.0076124567474049,8.239703277869979e-07,1,1,1,1,0
529,0,13:36:30,2,0.0055363321799308,0.0,0.0057093425605536,0.0055363321799308,3.295881311147992e-06,0.0048442906574395,4.943821966721988e-07,0.0044982698961939,9.887643933443975e-07,0.0038062283737025,3.131087245590592e-06,0.0034602076124568,1.6479406555739957e-07,0.0058823529411764,1.4831465900165962e-06,0.0062283737024222,1.6479406555739957e-07,0.0065743944636678,8.07490921231258e-06,0.0069204152249136,1.8786523473543551e-06,0.0072664359861591,1.6479406555739958e-06,1,1,1,1,0
530,0,13:36:33,2,0.0058823529411764,8721.0,0.0057093425605536,0.0055363321799308,3.295881311147992e-06,0.0048442906574395,4.943821966721988e-07,0.0044982698961939,9.887643933443975e-07,0.0038062283737025,2.9662931800331924e-06,0.0034602076124568,1.6479406555739957e-07,0.0058823529411764,9.887643933443975e-07,0.0062283737024222,9.887643933443975e-07,0.0065743944636678,8.07490921231258e-06,0.0069204152249136,1.8786523473543551e-06,0.0072664359861591,1.6479406555739958e-06,1,1,1,1,0
531,0,13:36:36,2,0.0058823529411764,0.0,0.0057093425605536,0.0055363321799308,3.295881311147992e-06,0.0048442906574395,4.943821966721988e-07,0.0044982698961939,9.887643933443975e-07,0.0038062283737025,8.734085474542178e-06,0.0034602076124568,1.6479406555739957e-07,0.0058823529411764,9.887643933443975e-07,0.0062283737024222,1.8127347211313956e-06,0.0065743944636678,8.07490921231258e-06,0.0069204152249136,1.8786523473543551e-06,0.0072664359861591,1.6479406555739958e-06,1,1,1,1,0
532,0,13:36:39,2,0.0058823529411764,0.0,0.0057093425605536,0.0055363321799308,3.295881311147992e-06,0.0048442906574395,4.943821966721988e-07,0.0044982698961939,9.887643933443975e-07,0.0038062283737025,8.734085474542178e-06,0.0034602076124568,1.6479406555739957e-07,0.0058823529411764,9.887643933443975e-07,0.0062283737024222,1.8127347211313956e-06,0.0065743944636678,8.07490921231258e-06,0.0069204152249136,1.8786523473543551e-06,0.0072664359861591,1.6479406555739958e-06,1,1,1,1,0
533,0,13:36:42,2,0.0055363321799308,20342.0,0.0057093425605536,0.0055363321799308,2.1423228522461945e-06,0.0048442906574395,4.943821966721988e-07,0.0044982698961939,9.887643933443975e-07,0.0038062283737025,8.734085474542178e-06,0.0034602076124568,9.887643933443975e-07,0.0058823529411764,1.977528786688795e-06,0.0062283737024222,1.8127347211313956e-06,0.0065743944636678,8.07490921231258e-06,0.0069204152249136,1.8786523473543551e-06,0.0072664359861591,1.6479406555739958e-06,1,1,1,1,0
534,0,13:36:45,2,0.0055363321799308,5812.0,0.0057093425605536,0.0055363321799308,1.8127347211313956e-06,0.0048442906574395,4.943821966721988e-07,0.0044982698961939,9.887643933443975e-07,0.0038062283737025,8.734085474542178e-06,0.0034602076124568,9.887643933443975e-07,0.0058823529411764,1.977528786688795e-06,0.0062283737024222,1.8127347211313956e-06,0.0065743944636678,8.07490921231258e-06,0.0069204152249136,1.8786523473543551e-06,0.0072664359861591,1.6479406555739958e-06,1,1,1,1,1
535,0,13:36:48,2,0.0055363321799308,0.0,0.0057093425605536,0.0055363321799308,1.8127347211313956e-06,0.0048442906574395,4.943821966721988e-07,0.0044982698961939,9.887643933443975e-07,0.0038062283737025,8.734085474542178e-06,0.0034602076124568,9.887643933443975e-07,0.0058823529411764,1.977528786688795e-06,0.0062283737024222,1.8127347211313956e-06,0.0065743944636678,8.07490921231258e-06,0.0069204152249136,1.8786523473543551e-06,0.0072664359861591,1.6479406555739958e-06,1,1,1,1,1
536,0,13:36:51,2,0.0058823529411764,2907.0,0.0057093425605536,0.0055363321799308,1.8127347211313956e-06,0.0048442906574395,4.943821966721988e-07,0.0044982698961939,9.887643933443975e-07,0.0038062283737025,8.734085474542178e-06,0.0034602076124568,9.887643933443975e-07,0.0058823529411764,1.8127347211313956e-06,0.0062283737024222,1.8127347211313956e-06,0.0065743944636678,8.07490921231258e-06,0.0069204152249136,1.8786523473543551e-06,0.0072664359861591,1.6479406555739958e-06,1,1,1,1,1
537,0,13:36:54,2,0.0058823529411764,34883.0,0.0060553633217992,0.0058823529411764,6.591762622295983e-07,0.0055363321799308,1.6479406555739958e-06,0.0048442906574395,9.887643933443975e-07,0.0044982698961939,9.887643933443975e-07,0.0038062283737025,8.734085474542178e-06,0.0062283737024222,1.8127347211313956e-06,0.0065743944636678,8.07490921231258e-06,0.0069204152249136,1.8786523473543551e-06,0.0072664359861591,1.6479406555739958e-06,0.0076124567474049,8.239703277869979e-07,1,1,1,1,1
538,0,13:36:57,2,0.0058823529411764,0.0,0.0060553633217992,0.0058823529411764,6.591762622295983e-07,0.0055363321799308,1.6479406555739958e-06,0.0048442906574395,9.887643933443975e-07,0.0044982698961939,9.887643933443975e-07,0.0038062283737025,8.734085474542178e-06,0.0062283737024222,1.8127347211313956e-06,0.0065743944636678,8.07490921231258e-06,0.0069204152249136,1.8786523473543551e-06,0.0072664359861591,1.6479406555739958e-06,0.0076124567474049,8.239703277869979e-07,1,1,1,1,1
539,0,13:37:00,2,0.0058823529411764,5814.0,0.0060553633217992,0.0058823529411764,3.295881311147992e-07,0.0055363321799308,1.6479406555739958e-06,0.0048442906574395,9.887643933443975e-07,0.0044982698961939,9.887643933443975e-07,0.0038062283737025,8.734085474542178e-06,0.0062283737024222,1.8127347211313956e-06,0.0065743944636678,8.07490921231258e-06,0.0069204152249136,1.8786523473543551e-06,0.0072664359861591,1.6479406555739958e-06,0.0076124567474049,8.239703277869979e-07,1,1,1,1,1
540,0,13:37:03,2,0.0058823529411764,8723.0,0.0060553633217992,0.0058823529411764,1.6479406555739957e-07,0.0055363321799308,1.6479406555739958e-06,0.0048442906574395,9.887643933443975e-07,0.0044982698961939,9.887643933443975e-07,0.0038062283737025,2.9662931800331924e-06,0.0062283737024222,1.4831465900165962e-06,0.0065743944636678,8.07490921231258e-06,0.0069204152249136,1.8786523473543551e-06,0.0072664359861591,1.6479406555739958e-06,0.0076124567474049,8.239703277869979e-07,1,1,1,1,1
541,0,13:37:06,2,0.0058823529411764,0.0,0.0060553633217992,0.0058823529411764,1.6479406555739957e-07,0.0055363321799308,1.6479406555739958e-06,0.0048442906574395,9.887643933443975e-07,0.0044982698961939,9.887643933443975e-07,0.0038062283737025,2.9662931800331924e-06,0.0062283737024222,1.4831465900165962e-06,0.0065743944636678,8.07490921231258e-06,0.0069204152249136,1.8786523473543551e-06,0.0072664359861591,1.6479406555739958e-06,0.0076124567474049,8.239703277869979e-07,1,1,1,1,1
542,0,13:37:09,2,0.0058823529411764,11628.0,0.0060553633217992,0.0058823529411764,4.943821966721988e-07,0.0055363321799308,1.6479406555739958e-06,0.0048442906574395,9.887643933443975e-07,0.0044982698961939,9.887643933443975e-07,0.0038062283737025,2.9662931800331924e-06,0.0062283737024222,1.4831465900165962e-06,0.0065743944636678,8.07490921231258e-06,0.0069204152249136,1.8786523473543551e-06,0.0072664359861591,1.6479406555739958e-06,0.0076124567474049,8.239703277869979e-07,1,1,1,1,1
543,0,13:37:12,2,0.0058823529411764,0.0,0.0060553633217992,0.0058823529411764,4.943821966721988e-07,0.0055363321799308,1.6479406555739958e-06,0.0048442906574395,9.887643933443975e-07,0.0044982698961939,9.887643933443975e-07,0.0038062283737025,2.9662931800331924e-06,0.0062283737024222,1.4831465900165962e-06,0.0065743944636678,8.07490921231258e-06,0.0069204152249136,1.8786523473543551e-06,0.0072664359861591,1.6479406555739958e-06,0.0076124567474049,8.239703277869979e-07,1,1,1,1,1
544,0,13:37:15,2,0.0058823529411764,31977.0,0.0057093425605536,0.0055363321799308,1.4831465900165962e-06,0.0048442906574395,9.887643933443975e-07,0.0044982698961939,9.887643933443975e-07,0.0038062283737025,2.9662931800331924e-06,0.0034602076124568,1.1535584589017972e-06,0.0058823529411764,2.801499114475793e-06,0.0062283737024222,3.95505757337759e-06,0.0065743944636678,8.07490921231258e-06,0.0069204152249136,1.8786523473543551e-06,0.0072664359861591,1.6479406555739958e-06,1,1,1,1,1
545,0,13:37:18,2,0.0058823529411764,17442.0,0.0057093425605536,0.0055363321799308,7.250938884525582e-06,0.0048442906574395,9.887643933443975e-07,0.0044982698961939,9.887643933443975e-07,0.0038062283737025,2.9662931800331924e-06,0.0034602076124568,1.1535584589017972e-06,0.0058823529411764,1.8127347211313956e-06,0.0062283737024222,3.95505757337759e-06,0.0065743944636678,8.07490921231258e-06,0.0069204152249136,1.8786523473543551e-06,0.0072664359861591,1.6479406555739958e-06,2,1,1,0,1
546,0,13:37:21,2,0.0058823529411764,0.0,0.0057093425605536,0.0055363321799308,7.250938884525582e-06,0.0048442906574395,9.887643933443975e-07,0.0044982698961939,9.887643933443975e-07,0.0038062283737025,2.9662931800331924e-06,0.0034602076124568,1.1535584589017972e-06,0.0058823529411764,1.8127347211313956e-06,0.0062283737024222,3.95505757337759e-06,0.0065743944636678,8.07490921231258e-06,0.0069204152249136,1.8786523473543551e-06,0.0072664359861591,1.6479406555739958e-06,2,1,1,0,1
547,0,13:37:24,2,0.0058823529411764,0.0,0.0057093425605536,0.0055363321799308,7.415732950082981e-06,0.0048442906574395,9.887643933443975e-07,0.0044982698961939,9.887643933443975e-07,0.0038062283737025,2.9662931800331924e-06,0.0034602076124568,1.1535584589017972e-06,0.0058823529411764,1.8127347211313956e-06,0.0062283737024222,3.95505757337759e-06,0.0065743944636678,8.07490921231258e-06,0.0069204152249136,2.8674167406987526e-06,0.0072664359861591,1.6479406555739958e-06,2,1,1,0,1
548,0,13:37:27,2,0.0062283737024222,87229.0,0.0058823529411764,0.0055363321799308,7.415732950082981e-06,0.0048442906574395,9.887643933443975e-07,0.0044982698961939,9.887643933443975e-07,0.0038062283737025,2.9662931800331924e-06,0.0034602076124568,1.1535584589017972e-06,0.0062283737024222,8.239703277869979e-07,0.0065743944636678,8.07490921231258e-06,0.0069204152249136,2.8674167406987526e-06,0.0072664359861591,1.6479406555739958e-06,0.0076124567474049,8.239703277869979e-07,2,1,1,0,1
549,0,13:37:30,2,0.0062283737024222,0.0,0.0058823529411764,0.0055363321799308,7.415732950082981e-06,0.0048442906574395,9.887643933443975e-07,0.0044982698961939,9.887643933443975e-07,0.0038062283737025,2.9662931800331924e-06,0.0034602076124568,1.1535584589017972e-06,0.0062283737024222,8.239703277869979e-07,0.0065743944636678,8.07490921231258e-06,0.0069204152249136,2.8674167406987526e-06,0.0072664359861591,1.6479406555739958e-06,0.0076124567474049,8.239703277869979e-07,1,2,1,0,1
550,0,13:37:33,2,0.0062283737024222,14540.0,0.006401384083045,0.0062283737024222,3.295881311147992e-07,0.0055363321799308,7.415732950082981e-06,0.0048442906574395,9.887643933443975e-07,0.0044982698961939,9.887643933443975e-07,0.0038062283737025,2.9662931800331924e-06,0.0065743944636678,8.07490921231258e-06,0.0069204152249136,2.373034544026554e-06,0.0072664359861591,1.6479406555739958e-06,0.0076124567474049,8.239703277869979e-07,0.0089965397923876,4.943821966721988e-07,0,1,1,0,1
551,0,13:37:36,2,0.0065743944636678,8727.0,0.006401384083045,0.0062283737024222,3.295881311147992e-07,0.0055363321799308,7.415732950082981e-06,0.0048442906574395,9.887643933443975e-07,0.0044982698961939,9.887643933443975e-07,0.0038062283737025,2.9662931800331924e-06,0.0065743944636678,7.5805270156403806e-06,0.0069204152249136,2.373034544026554e-06,0.0072664359861591,1.6479406555739958e-06,0.0076124567474049,8.239703277869979e-07,0.0089965397923876,4.943821966721988e-07,0,1,1,0,1
552,0,13:37:39,2,0.0065743944636678,0.0,0.006401384083045,0.0062283737024222,3.295881311147992e-07,0.0055363321799308,7.415732950082981e-06,0.0048442906574395,9.887643933443975e-07,0.0044982698961939,9.887643933443975e-07,0.0038062283737025,2.9662931800331924e-06,0.0065743944636678,7.5805270156403806e-06,0.0069204152249136,2.373034544026554e-06,0.0072664359861591,1.6479406555739958e-06,0.0076124567474049,8.239703277869979e-07,0.0089965397923876,4.943821966721988e-07,1,1,1,0,1
553,0,13:37:42,2,0.0062283737024222,2908.0,0.006401384083045,0.0062283737024222,1.6479406555739957e-07,0.0055363321799308,7.415732950082981e-06,0.0048442906574395,9.887643933443975e-07,0.0044982698961939,9.887643933443975e-07,0.0038062283737025,2.9662931800331924e-06,0.0065743944636678,7.5805270156403806e-06,0.0069204152249136,2.373034544026554e-06,0.0072664359861591,1.6479406555739958e-06,0.0076124567474049,8.239703277869979e-07,0.0089965397923876,4.943821966721988e-07,0,1,1,0,1
554,0,13:37:45,2,0.0062283737024222,29088.0,0.0058823529411764,0.0055363321799308,7.415732950082981e-06,0.0048442906574395,9.887643933443975e-07,0.0044982698961939,9.887643933443975e-07,0.0038062283737025,2.9662931800331924e-06,0.0034602076124568,1.3183525244591966e-06,0.0062283737024222,4.943821966721988e-07,0.0065743944636678,6.262174491181184e-06,0.0069204152249136,2.373034544026554e-06,0.0072664359861591,1.6479406555739958e-06,0.0076124567474049,8.239703277869979e-07,2,1,1,1,1
555,0,13:37:48,2,0.0062283737024222,2908.0,0.0058823529411764,0.0055363321799308,7.415732950082981e-06,0.0048442906574395,9.887643933443975e-07,0.0044982698961939,9.887643933443975e-07,0.0038062283737025,2.9662931800331924e-06,0.0034602076124568,1.3183525244591966e-06,0.0062283737024222,3.295881311147992e-07,0.0065743944636678,6.262174491181184e-06,0.0069204152249136,2.8674167406987526e-06,0.0072664359861591,2.1423228522461945e-06,0.0076124567474049,8.239703277869979e-07,2,1,1,1,2
556,0,13:37:51,2,0.0062283737024222,0.0,0.0058823529411764,0.0055363321799308,7.415732950082981e-06,0.0048442906574395,9.887643933443975e-07,0.0044982698961939,9.887643933443975e-07,0.0038062283737025,2.9662931800331924e-06,0.0034602076124568,1.3183525244591966e-06,0.0062283737024222,3.295881311147992e-07,0.0065743944636678,6.262174491181184e-06,0.0069204152249136,2.8674167406987526e-06,0.0072664359861591,2.1423228522461945e-06,0.0076124567474049,8.239703277869979e-07,2,1,1,1,2
557,0,13:37:54,2,0.0062283737024222,5816.0,0.0060553633217992,0.0055363321799308,7.415732950082981e-06,0.0048442906574395,9.887643933443975e-07,0.0044982698961939,9.887643933443975e-07,0.0038062283737025,2.9662931800331924e-06,0.0034602076124568,1.3183525244591966e-06,0.0065743944636678,6.262174491181184e-06,0.0069204152249136,2.8674167406987526e-06,0.0072664359861591,2.1423228522461945e-06,0.0076124567474049,8.239703277869979e-07,0.0089965397923876,4.943821966721988e-07,1,1,1,1,2
558,0,13:37:57,2,0.0062283737024222,0.0,0.0057093425605536,0.0055363321799308,8.239703277869978e-06,0.0048442906574395,9.887643933443975e-07,0.0044982698961939,9.887643933443975e-07,0.0038062283737025,2.9662931800331924e-06,0.0034602076124568,1.3183525244591966e-06,0.0058823529411764,3.295881311147992e-07,0.0065743944636678,6.262174491181184e-06,0.0069204152249136,2.8674167406987526e-06,0.0072664359861591,2.1423228522461945e-06,0.0076124567474049,8.239703277869979e-07,2,1,1,1,2
559,0,13:38:00,2,0.0058823529411764,5814.0,0.006401384083045,0.0062283737024222,3.295881311147992e-07,0.0055363321799308,8.239703277869978e-06,0.0048442906574395,9.887643933443975e-07,0.0044982698961939,9.887643933443975e-07,0.0038062283737025,2.9662931800331924e-06,0.0065743944636678,6.262174491181184e-06,0.0069204152249136,2.8674167406987526e-06,0.0072664359861591,2.1423228522461945e-06,0.0076124567474049,8.239703277869979e-07,0.0089965397923876,4.943821966721988e-07,1,1,1,1,1
560,0,13:38:03,2,0.0058823529411764,0.0,0.006401384083045,0.0062283737024222,3.295881311147992e-07,0.0055363321799308,8.239703277869978e-06,0.0048442906574395,9.887643933443975e-07,0.0044982698961939,9.887643933443975e-07,0.0038062283737025,2.9662931800331924e-06,0.0065743944636678,6.262174491181184e-06,0.0069204152249136,3.197004871813552e-06,0.0072664359861591,2.1423228522461945e-06,0.0076124567474049,8.239703277869979e-07,0.0089965397923876,4.943821966721988e-07,1,1,0,1,1
561,0,13:38:06,2,0.0065743944636678,5818.0,0.006401384083045,0.0062283737024222,3.295881311147992e-07,0.0055363321799308,8.239703277869978e-06,0.0048442906574395,9.887643933443975e-07,0.0044982698961939,9.887643933443975e-07,0.0038062283737025,2.9662931800331924e-06,0.0065743944636678,5.932586360066385e-06,0.0069204152249136,3.197004871813552e-06,0.0072664359861591,2.1423228522461945e-06,0.0076124567474049,8.239703277869979e-07,0.0089965397923876,4.943821966721988e-07,1,1,0,1,1
562,0,13:38:09,2,0.0065743944636678,0.0,0.006401384083045,0.0062283737024222,3.295881311147992e-07,0.0055363321799308,8.239703277869978e-06,0.0048442906574395,9.887643933443975e-07,0.0038062283737025,2.9662931800331924e-06,0.0034602076124568,1.3183525244591966e-06,0.0065743944636678,5.932586360066385e-06,0.0069204152249136,3.197004871813552e-06,0.0072664359861591,2.1423228522461945e-06,0.0076124567474049,8.239703277869979e-07,0.0089965397923876,4.943821966721988e-07,1,1,0,1,1
563,0,13:38:12,2,0.0065743944636678,0.0,0.006401384083045,0.0062283737024222,3.295881311147992e-07,0.0058823529411764,4.9438219667219874e-06,0.0055363321799308,8.239703277869978e-06,0.0048442906574395,9.887643933443975e-07,0.0038062283737025,2.9662931800331924e-06,0.0065743944636678,5.932586360066385e-06,0.0069204152249136,3.197004871813552e-06,0.0072664359861591,2.1423228522461945e-06,0.0076124567474049,8.239703277869979e-07,0.0089965397923876,4.943821966721988e-07,1,0,0,1,1
564,0,13:38:15,2,0.0058823529411764,8721.0,0.0060553633217992,0.0058823529411764,4.449439770049789e-06,0.0055363321799308,8.07490921231258e-06,0.0048442906574395,9.887643933443975e-07,0.0044982698961939,6.591762622295983e-07,0.0038062283737025,2.9662931800331924e-06,0.0062283737024222,2.2411992915806344e-05,0.0065743944636678,5.932586360066385e-06,0.0069204152249136,3.197004871813552e-06,0.0072664359861591,2.1423228522461945e-06,0.0076124567474049,8.239703277869979e-07,1,1,0,1,2
565,0,13:38:18,2,0.0062283737024222,17448.0,0.0060553633217992,0.0058823529411764,4.449439770049789e-06,0.0055363321799308,8.07490921231258e-06,0.0048442906574395,9.887643933443975e-07,0.0044982698961939,6.591762622295983e-07,0.0038062283737025,2.9662931800331924e-06,0.0062283737024222,2.1423228522461945e-05,0.0065743944636678,6.262174491181184e-06,0.0069204152249136,3.197004871813552e-06,0.0072664359861591,2.1423228522461945e-06,0.0076124567474049,8.239703277869979e-07,1,1,0,1,2
566,0,13:38:21,2,0.0062283737024222,11632.0,0.0060553633217992,0.0058823529411764,4.449439770049789e-06,0.0055363321799308,8.07490921231258e-06,0.0048442906574395,9.887643933443975e-07,0.0044982698961939,6.591762622295983e-07,0.0038062283737025,2.9662931800331924e-06,0.0062283737024222,2.0764052260232345e-05,0.0065743944636678,6.262174491181184e-06,0.0069204152249136,3.197004871813552e-06,0.0072664359861591,2.1423228522461945e-06,0.0076124567474049,8.239703277869979e-07,1,1,0,1,2
567,0,13:38:24,2,0.0062283737024222,2908.0,0.0060553633217992,0.0058823529411764,4.449439770049789e-06,0.0055363321799308,8.07490921231258e-06,0.0048442906574395,9.887643933443975e-07,0.0044982698961939,6.591762622295983e-07,0.0038062283737025,2.9662931800331924e-06,0.0062283737024222,2.0599258194674947e-05,0.0065743944636678,6.262174491181184e-06,0.0069204152249136,3.197004871813552e-06,0.0072664359861591,2.1423228522461945e-06,0.0076124567474049,8.239703277869979e-07,1,1,0,1,2
568,0,13:38:27,2,0.0062283737024222,8724.0,0.0060553633217992,0.0058823529411764,4.449439770049789e-06,0.0055363321799308,8.07490921231258e-06,0.0048442906574395,9.887643933443975e-07,0.0044982698961939,6.591762622295983e-07,0.0038062283737025,2.9662931800331924e-06,0.0062283737024222,2.010487599800275e-05,0.0065743944636678,6.262174491181184e-06,0.0069204152249136,3.197004871813552e-06,0.0072664359861591,2.1423228522461945e-06,0.0076124567474049,8.239703277869979e-07,1,1,0,1,2
569,0,13:38:30,2,0.0062283737024222,17448.0,0.0060553633217992,0.0058823529411764,4.449439770049789e-06,0.0055363321799308,2.3071169178035943e-06,0.0048442906574395,9.887643933443975e-07,0.0044982698961939,6.591762622295983e-07,0.0038062283737025,2.9662931800331924e-06,0.0062283737024222,1.911611160465835e-05,0.0065743944636678,6.262174491181184e-06,0.0069204152249136,3.197004871813552e-06,0.0072664359861591,2.1423228522461945e-06,0.0076124567474049,8.239703277869979e-07,1,1,0,1,2
570,0,13:38:33,2,0.0058823529411764,17442.0,0.0060553633217992,0.0058823529411764,3.460675376705391e-06,0.0055363321799308,2.3071169178035943e-06,0.0048442906574395,8.239703277869979e-07,0.0044982698961939,6.591762622295983e-07,0.0038062283737025,2.9662931800331924e-06,0.0062283737024222,1.911611160465835e-05,0.0065743944636678,6.262174491181184e-06,0.0069204152249136,3.197004871813552e-06,0.0072664359861591,2.1423228522461945e-06,0.0076124567474049,8.239703277869979e-07,1,0,0,1,2
571,0,13:38:36,2,0.0058823529411764,0.0,0.0060553633217992,0.0058823529411764,3.460675376705391e-06,0.0055363321799308,2.3071169178035943e-06,0.0048442906574395,8.239703277869979e-07,0.0044982698961939,6.591762622295983e-07,0.0038062283737025,2.9662931800331924e-06,0.0062283737024222,1.911611160465835e-05,0.0065743944636678,6.262174491181184e-06,0.0069204152249136,3.197004871813552e-06,0.0072664359861591,2.1423228522461945e-06,0.0076124567474049,8.239703277869979e-07,1,0,0,1,2
572,0,13:38:39,2,0.0058823529411764,34884.0,0.0060553633217992,0.0058823529411764,1.4831465900165962e-06,0.0055363321799308,2.3071169178035943e-06,0.0048442906574395,8.239703277869979e-07,0.0044982698961939,6.591762622295983e-07,0.0038062283737025,8.734085474542178e-06,0.0062283737024222,1.911611160465835e-05,0.0065743944636678,6.262174491181184e-06,0.0069204152249136,3.197004871813552e-06,0.0072664359861591,2.1423228522461945e-06,0.0076124567474049,8.239703277869979e-07,1,0,0,1,2
573,0,13:38:42,2,0.0058823529411764,26163.0,0.0057093425605536,0.0055363321799308,2.3071169178035943e-06,0.0048442906574395,8.239703277869979e-07,0.0044982698961939,6.591762622295983e-07,0.0038062283737025,8.734085474542178e-06,0.0034602076124568,1.3183525244591966e-06,0.0058823529411764,9.887643933443975e-07,0.0062283737024222,1.911611160465835e-05,0.0065743944636678,7.086144818968182e-06,0.0069204152249136,3.197004871813552e-06,0.0072664359861591,2.1423228522461945e-06,1,0,0,2,2
574,0,13:38:45,2,0.0058823529411764,0.0,0.0057093425605536,0.0055363321799308,2.3071169178035943e-06,0.0048442906574395,8.239703277869979e-07,0.0044982698961939,6.591762622295983e-07,0.0038062283737025,8.734085474542178e-06,0.0034602076124568,1.3183525244591966e-06,0.0058823529411764,1.4831465900165962e-06,0.0062283737024222,1.911611160465835e-05,0.0065743944636678,7.086144818968182e-06,0.0069204152249136,3.197004871813552e-06,0.0072664359861591,2.1423228522461945e-06,1,0,1,2,2
575,0,13:38:48,2,0.0058823529411764,0.0,0.0057093425605536,0.0055363321799308,2.3071169178035943e-06,0.0048442906574395,8.239703277869979e-07,0.0044982698961939,6.591762622295983e-07,0.0038062283737025,8.734085474542178e-06,0.0034602076124568,1.3183525244591966e-06,0.0058823529411764,1.4831465900165962e-06,0.0062283737024222,1.911611160465835e-05,0.0065743944636678,7.086144818968182e-06,0.0069204152249136,3.197004871813552e-06,0.0072664359861591,2.1423228522461945e-06,0,0,1,2,2
576,0,13:38:51,2,0.0058823529411764,5814.0,0.0057093425605536,0.0055363321799308,2.3071169178035943e-06,0.0048442906574395,8.239703277869979e-07,0.0044982698961939,6.591762622295983e-07,0.0038062283737025,8.734085474542178e-06,0.0034602076124568,1.3183525244591966e-06,0.0058823529411764,1.1535584589017972e-06,0.0062283737024222,1.911611160465835e-05,0.0065743944636678,7.086144818968182e-06,0.0069204152249136,3.197004871813552e-06,0.0072664359861591,2.1423228522461945e-06,0,0,1,2,2
577,0,13:38:54,2,0.0058823529411764,0.0,0.0057093425605536,0.0055363321799308,2.3071169178035943e-06,0.0048442906574395,8.239703277869979e-07,0.0044982698961939,6.591762622295983e-07,0.0038062283737025,8.734085474542178e-06,0.0034602076124568,1.3183525244591966e-06,0.0058823529411764,1.1535584589017972e-06,0.0062283737024222,1.911611160465835e-05,0.0065743944636678,7.086144818968182e-06,0.0069204152249136,3.197004871813552e-06,0.0072664359861591,2.1423228522461945e-06,0,0,1,2,2
578,0,13:38:57,2,0.0058823529411764,0.0,0.0057093425605536,0.0055363321799308,2.3071169178035943e-06,0.0048442906574395,8.239703277869979e-07,0.0044982698961939,6.591762622295983e-07,0.0038062283737025,8.734085474542178e-06,0.0034602076124568,1.1535584589017972e-06,0.0058823529411764,1.1535584589017972e-06,0.0062283737024222,1.911611160465835e-05,0.0065743944636678,7.086144818968182e-06,0.0069204152249136,3.197004871813552e-06,0.0072664359861591,2.1423228522461945e-06,0,0,1,2,2
579,0,13:39:00,2,0.0058823529411764,0.0,0.0057093425605536,0.0055363321799308,1.977528786688795e-06,0.0048442906574395,8.239703277869979e-07,0.0044982698961939,6.591762622295983e-07,0.0038062283737025,8.734085474542178e-06,0.0034602076124568,1.1535584589017972e-06,0.0058823529411764,1.6479406555739958e-06,0.0062283737024222,1.911611160465835e-05,0.0065743944636678,7.086144818968182e-06,0.0069204152249136,3.197004871813552e-06,0.0072664359861591,2.1423228522461945e-06,0,0,1,2,2
580,0,13:39:03,2,0.0055363321799308,34872.0,0.005190311418685,0.0048442906574395,8.239703277869979e-07,0.0044982698961939,6.591762622295983e-07,0.0038062283737025,8.734085474542178e-06,0.0034602076124568,1.1535584589017972e-06,0.002076124567474,5.932586360066385e-06,0.0055363321799308,1.4007495572378964e-05,0.0058823529411764,4.9438219667219874e-06,0.0062283737024222,1.911611160465835e-05,0.0065743944636678,7.086144818968182e-06,0.0069204152249136,3.197004871813552e-06,0,0,1,2,2
581,0,13:39:06,2,0.0055363321799308,2906.0,0.005190311418685,0.0048442906574395,4.943821966721988e-07,0.0044982698961939,6.591762622295983e-07,0.0038062283737025,8.734085474542178e-06,0.0034602076124568,1.1535584589017972e-06,0.002076124567474,5.932586360066385e-06,0.0055363321799308,1.3842701506821564e-05,0.0058823529411764,4.9438219667219874e-06,0.0062283737024222,1.911611160465835e-05,0.0065743944636678,7.086144818968182e-06,0.0069204152249136,3.197004871813552e-06,0,0,1,2,2
582,0,13:39:09,2,0.0055363321799308,0.0,0.005190311418685,0.0048442906574395,4.943821966721988e-07,0.0044982698961939,6.591762622295983e-07,0.0038062283737025,8.734085474542178e-06,0.0034602076124568,1.1535584589017972e-06,0.002076124567474,5.932586360066385e-06,0.0055363321799308,1.4666671834608563e-05,0.0058823529411764,4.9438219667219874e-06,0.0062283737024222,1.911611160465835e-05,0.0065743944636678,7.086144818968182e-06,0.0069204152249136,3.197004871813552e-06,0,0,1,2,2
583,0,13:39:12,2,0.0055363321799308,23248.0,0.005190311418685,0.0048442906574395,4.943821966721988e-07,0.0044982698961939,6.591762622295983e-07,0.0038062283737025,8.734085474542178e-06,0.0034602076124568,1.1535584589017972e-06,0.002076124567474,5.932586360066385e-06,0.0055363321799308,1.3348319310149366e-05,0.0058823529411764,4.9438219667219874e-06,0.0062283737024222,1.911611160465835e-05,0.0065743944636678,7.086144818968182e-06,0.0069204152249136,3.197004871813552e-06,0,0,2,2,2
584,0,13:39:15,2,0.0055363321799308,23242.0,0.0050173010380623,0.0044982698961939,6.591762622295983e-07,0.0038062283737025,8.734085474542178e-06,0.0034602076124568,1.1535584589017972e-06,0.002076124567474,5.932586360066385e-06,0.0017301038062282,1.0711614261230972e-05,0.0055363321799308,1.2524348982362367e-05,0.0058823529411764,4.9438219667219874e-06,0.0062283737024222,1.911611160465835e-05,0.0065743944636678,7.086144818968182e-06,0.0069204152249136,3.526593002928351e-06,1,2,2,2,2
585,0,13:39:18,2,0.0055363321799308,0.0,0.0046712802768167,0.0044982698961939,6.591762622295983e-07,0.0038062283737025,8.734085474542178e-06,0.0034602076124568,1.1535584589017972e-06,0.002076124567474,5.932586360066385e-06,0.0017301038062282,1.0711614261230972e-05,0.0048442906574395,1.977528786688795e-06,0.0055363321799308,1.2524348982362367e-05,0.0058823529411764,4.9438219667219874e-06,0.0062283737024222,1.911611160465835e-05,0.0065743944636678,7.086144818968182e-06,1,2,2,2,2
586,0,13:39:21,2,0.0055363321799308,0.0,0.0046712802768167,0.0044982698961939,6.591762622295983e-07,0.0038062283737025,8.734085474542178e-06,0.0034602076124568,1.1535584589017972e-06,0.002076124567474,5.932586360066385e-06,0.0017301038062282,1.0711614261230972e-05,0.0048442906574395,1.977528786688795e-06,0.0055363321799308,1.2524348982362367e-05,0.0058823529411764,4.9438219667219874e-06,0.0062283737024222,1.911611160465835e-05,0.0065743944636678,7.086144818968182e-06,1,2,2,2,2
587,0,13:39:24,2,0.0048442906574395,20328.0,0.0046712802768167,0.0044982698961939,6.591762622295983e-07,0.0038062283737025,8.734085474542178e-06,0.0034602076124568,1.1535584589017972e-06,0.002076124567474,5.932586360066385e-06,0.0017301038062282,1.0711614261230972e-05,0.0048442906574395,8.239703277869979e-07,0.0055363321799308,1.2524348982362367e-05,0.0058823529411764,4.9438219667219874e-06,0.0062283737024222,1.911611160465835e-05,0.0065743944636678,7.086144818968182e-06,1,2,2,2,2
588,0,13:39:27,2,0.0048442906574395,0.0,0.0046712802768167,0.0044982698961939,6.591762622295983e-07,0.0038062283737025,8.734085474542178e-06,0.0034602076124568,1.1535584589017972e-06,0.002076124567474,5.932586360066385e-06,0.0017301038062282,1.0711614261230972e-05,0.0048442906574395,8.239703277869979e-07,0.0055363321799308,1.2524348982362367e-05,0.0058823529411764,5.273410097836786e-06,0.0062283737024222,1.911611160465835e-05,0.0065743944636678,7.086144818968182e-06,1,2,2,2,2
589,0,13:39:30,2,0.0048442906574395,5808.0,0.0046712802768167,0.0044982698961939,6.591762622295983e-07,0.0038062283737025,8.734085474542178e-06,0.0034602076124568,1.1535584589017972e-06,0.002076124567474,5.932586360066385e-06,0.0017301038062282,1.0711614261230972e-05,0.0048442906574395,4.943821966721988e-07,0.0055363321799308,1.2524348982362367e-05,0.0058823529411764,5.273410097836786e-06,0.0062283737024222,1.911611160465835e-05,0.0065743944636678,7.086144818968182e-06,2,2,2,2,2
590,0,13:39:33,2,0.0048442906574395,0.0,0.0046712802768167,0.0044982698961939,6.591762622295983e-07,0.0038062283737025,8.734085474542178e-06,0.0034602076124568,1.1535584589017972e-06,0.002076124567474,5.932586360066385e-06,0.0017301038062282,1.0711614261230972e-05,0.0048442906574395,1.4831465900165962e-06,0.0055363321799308,1.2524348982362367e-05,0.0058823529411764,4.779027901164588e-06,0.0062283737024222,1.911611160465835e-05,0.0065743944636678,7.086144818968182e-06,2,2,2,2,2
591,0,13:39:36,2,0.0048442906574395,0.0,0.0046712802768167,0.0044982698961939,6.591762622295983e-07,0.0038062283737025,8.734085474542178e-06,0.0034602076124568,1.1535584589017972e-06,0.002076124567474,5.932586360066385e-06,0.0017301038062282,1.0711614261230972e-05,0.0048442906574395,1.4831465900165962e-06,0.0055363321799308,1.2524348982362367e-05,0.0058823529411764,4.779027901164588e-06,0.0062283737024222,1.911611160465835e-05,0.0065743944636678,6.756556687853383e-06,2,2,2,2,2
592,0,13:39:39,2,0.0048442906574395,0.0,0.0046712802768167,0.0044982698961939,6.591762622295983e-07,0.0038062283737025,8.734085474542178e-06,0.0034602076124568,1.1535584589017972e-06,0.002076124567474,5.932586360066385e-06,0.0017301038062282,1.0711614261230972e-05,0.0048442906574395,1.4831465900165962e-06,0.0055363321799308,1.2524348982362367e-05,0.0058823529411764,4.779027901164588e-06,0.0062283737024222,1.911611160465835e-05,0.0065743944636678,6.756556687853383e-06,2,2,2,2,2
593,0,13:39:42,2,0.0048442906574395,0.0,0.0046712802768167,0.0044982698961939,6.591762622295983e-07,0.0041522491349481,8.239703277869979e-07,0.0038062283737025,8.734085474542178e-06,0.0034602076124568,1.1535584589017972e-06,0.002076124567474,5.932586360066385e-06,0.0048442906574395,1.4831465900165962e-06,0.0055363321799308,1.2524348982362367e-05,0.0058823529411764,4.779027901164588e-06,0.0062283737024222,1.911611160465835e-05,0.0065743944636678,6.756556687853383e-06,2,2,2,2,2
594,0,13:39:45,2,0.0055363321799308,252798.0,0.0057093425605536,0.0055363321799308,5.026218999500687e-05,0.0044982698961939,3.295881311147992e-07,0.0041522491349481,8.239703277869979e-07,0.0038062283737025,8.734085474542178e-06,0.0034602076124568,1.1535584589017972e-06,0.0058823529411764,4.779027901164588e-06,0.0062283737024222,1.911611160465835e-05,0.0065743944636678,6.756556687853383e-06,0.0069204152249136,3.526593002928351e-06,0.0072664359861591,2.1423228522461945e-06,1,2,2,2,2
595,0,13:39:48,2,0.0058823529411764,2907.0,0.0057093425605536,0.0055363321799308,5.026218999500687e-05,0.0044982698961939,3.295881311147992e-07,0.0041522491349481,2.1423228522461945e-06,0.0038062283737025,8.734085474542178e-06,0.0034602076124568,1.1535584589017972e-06,0.0058823529411764,4.614233835607189e-06,0.0062283737024222,1.911611160465835e-05,0.0065743944636678,6.756556687853383e-06,0.0069204152249136,3.526593002928351e-06,0.0072664359861591,2.1423228522461945e-06,1,2,2,2,2
596,0,13:39:51,2,0.0055363321799308,26158.0,0.0057093425605536,0.0055363321799308,4.976780779833467e-05,0.0044982698961939,3.295881311147992e-07,0.0041522491349481,2.1423228522461945e-06,0.0038062283737025,8.734085474542178e-06,0.0034602076124568,1.1535584589017972e-06,0.0058823529411764,3.95505757337759e-06,0.0062283737024222,1.911611160465835e-05,0.0065743944636678,6.756556687853383e-06,0.0069204152249136,3.526593002928351e-06,0.0072664359861591,2.1423228522461945e-06,1,2,2,2,2
597,0,13:39:54,2,0.0055363321799308,0.0,0.0057093425605536,0.0055363321799308,4.976780779833467e-05,0.0044982698961939,3.295881311147992e-07,0.0041522491349481,2.1423228522461945e-06,0.0038062283737025,2.9662931800331924e-06,0.0034602076124568,1.1535584589017972e-06,0.0058823529411764,3.95505757337759e-06,0.0062283737024222,1.911611160465835e-05,0.0065743944636678,6.756556687853383e-06,0.0069204152249136,3.526593002928351e-06,0.0072664359861591,2.1423228522461945e-06,1,2,2,2,2
598,0,13:39:57,2,0.0058823529411764,69768.0,0.0060553633217992,0.0058823529411764,6.426968556738583e-06,0.0055363321799308,4.976780779833467e-05,0.0044982698961939,3.295881311147992e-07,0.0041522491349481,2.1423228522461945e-06,0.0038062283737025,2.9662931800331924e-06,0.0062283737024222,1.911611160465835e-05,0.0065743944636678,6.756556687853383e-06,0.0069204152249136,3.526593002928351e-06,0.0072664359861591,2.1423228522461945e-06,0.0076124567474049,8.239703277869979e-07,1,1,2,2,2
599,0,13:40:00,2,0.0058823529411764,75583.0,0.0060553633217992,0.0058823529411764,2.3071169178035943e-06,0.0055363321799308,4.976780779833467e-05,0.0044982698961939,3.295881311147992e-07,0.0041522491349481,2.1423228522461945e-06,0.0038062283737025,2.9662931800331924e-06,0.0062283737024222,1.8951317539100952e-05,0.0065743944636678,6.756556687853383e-06,0.0069204152249136,3.526593002928351e-06,0.0072664359861591,2.1423228522461945e-06,0.0076124567474049,8.239703277869979e-07,1,2,2,2,2
600,0,13:40:03,2,0.0058823529411764,0.0,0.0060553633217992,0.0058823529411764,2.9662931800331924e-06,0.0055363321799308,4.976780779833467e-05,0.0044982698961939,3.295881311147992e-07,0.0041522491349481,2.1423228522461945e-06,0.0038062283737025,2.9662931800331924e-06,0.0062283737024222,1.911611160465835e-05,0.0065743944636678,6.756556687853383e-06,0.0069204152249136,3.526593002928351e-06,0.0072664359861591,2.1423228522461945e-06,0.0076124567474049,8.239703277869979e-07,1,2,2,2,2
601,0,13:40:06,2,0.0058823529411764,0.0,0.0060553633217992,0.0058823529411764,2.9662931800331924e-06,0.0055363321799308,4.976780779833467e-05,0.0044982698961939,3.295881311147992e-07,0.0041522491349481,2.1423228522461945e-06,0.0038062283737025,2.9662931800331924e-06,0.0062283737024222,1.911611160465835e-05,0.0065743944636678,6.756556687853383e-06,0.0069204152249136,3.526593002928351e-06,0.0072664359861591,2.1423228522461945e-06,0.0076124567474049,8.239703277869979e-07,1,2,2,2,2
602,0,13:40:09,2,0.0062283737024222,290800.0,0.0060553633217992,0.0058823529411764,2.9662931800331924e-06,0.0055363321799308,4.976780779833467e-05,0.0044982698961939,3.295881311147992e-07,0.0041522491349481,2.1423228522461945e-06,0.0038062283737025,2.9662931800331924e-06,0.0062283737024222,2.636705048918393e-06,0.0065743944636678,6.756556687853383e-06,0.0069204152249136,3.526593002928351e-06,0.0072664359861591,2.1423228522461945e-06,0.0076124567474049,8.239703277869979e-07,1,2,2,2,2
603,0,13:40:12,2,0.0062283737024222,46528.0,0.006401384083045,0.0062283737024222,5.767792294508985e-06,0.0058823529411764,2.9662931800331924e-06,0.0055363321799308,4.976780779833467e-05,0.0044982698961939,3.295881311147992e-07,0.0041522491349481,2.1423228522461945e-06,0.0065743944636678,6.756556687853383e-06,0.0069204152249136,3.526593002928351e-06,0.0072664359861591,2.1423228522461945e-06,0.0076124567474049,8.239703277869979e-07,0.0089965397923876,1.6479406555739957e-07,1,1,1,2,2
604,0,13:40:15,2,0.0065743944636678,5818.0,0.006401384083045,0.0062283737024222,1.2359554916804967e-05,0.0058823529411764,2.9662931800331924e-06,0.0055363321799308,4.976780779833467e-05,0.0044982698961939,3.295881311147992e-07,0.0041522491349481,2.1423228522461945e-06,0.0065743944636678,6.426968556738583e-06,0.0069204152249136,3.526593002928351e-06,0.0072664359861591,2.1423228522461945e-06,0.0076124567474049,8.239703277869979e-07,0.0089965397923876,1.6479406555739957e-07,1,1,1,2,2
605,0,13:40:18,2,0.0065743944636678,0.0,0.006401384083045,0.0062283737024222,1.2359554916804967e-05,0.0058823529411764,2.9662931800331924e-06,0.0055363321799308,4.976780779833467e-05,0.0044982698961939,3.295881311147992e-07,0.0041522491349481,2.1423228522461945e-06,0.0065743944636678,6.426968556738583e-06,0.0069204152249136,3.526593002928351e-06,0.0072664359861591,2.1423228522461945e-06,0.0076124567474049,8.239703277869979e-07,0.0089965397923876,1.6479406555739957e-07,1,2,2,2,2
606,0,13:40:21,2,0.0065743944636678,23272.0,0.006401384083045,0.0062283737024222,1.2359554916804967e-05,0.0058823529411764,6.591762622295983e-07,0.0055363321799308,4.976780779833467e-05,0.0044982698961939,3.295881311147992e-07,0.0041522491349481,2.1423228522461945e-06,0.0065743944636678,5.108616032279387e-06,0.0069204152249136,3.197004871813552e-06,0.0072664359861591,2.1423228522461945e-06,0.0076124567474049,8.239703277869979e-07,0.0089965397923876,1.6479406555739957e-07,1,2,2,2,2
607,0,13:40:24,2,0.0065743944636678,43635.0,0.006401384083045,0.0062283737024222,1.2359554916804967e-05,0.0058823529411764,6.591762622295983e-07,0.0055363321799308,4.976780779833467e-05,0.0044982698961939,3.295881311147992e-07,0.0041522491349481,2.1423228522461945e-06,0.0065743944636678,2.636705048918393e-06,0.0069204152249136,3.197004871813552e-06,0.0072664359861591,2.1423228522461945e-06,0.0076124567474049,8.239703277869979e-07,0.0089965397923876,1.6479406555739957e-07,1,2,2,2,2
608,0,13:40:27,2,0.0065743944636678,2909.0,0.006401384083045,0.0062283737024222,4.581275022495708e-05,0.0058823529411764,6.591762622295983e-07,0.0055363321799308,4.976780779833467e-05,0.0044982698961939,3.295881311147992e-07,0.0041522491349481,2.1423228522461945e-06,0.0065743944636678,2.4719109833609937e-06,0.0069204152249136,3.197004871813552e-06,0.0072664359861591,2.1423228522461945e-06,0.0076124567474049,8.239703277869979e-07,0.0089965397923876,1.6479406555739957e-07,1,2,2,2,2
609,0,13:40:30,2,0.0065743944636678,43635.0,0.0065743944636678,0.0062283737024222,4.811986714276068e-05,0.0058823529411764,6.591762622295983e-07,0.0055363321799308,4.976780779833467e-05,0.0044982698961939,3.295881311147992e-07,0.0041522491349481,1.3183525244591966e-06,0.0069204152249136,3.197004871813552e-06,0.0072664359861591,2.1423228522461945e-06,0.0076124567474049,8.239703277869979e-07,0.0089965397923876,1.6479406555739957e-07,0.0093425605536332,1.6479406555739958e-06,1,2,1,2,2
610,0,13:40:33,2,0.0065743944636678,5818.0,0.0067474048442905,0.0065743944636678,2.3071169178035943e-06,0.0062283737024222,4.548316209384229e-05,0.0058823529411764,3.295881311147992e-07,0.0055363321799308,4.976780779833467e-05,0.0044982698961939,3.295881311147992e-07,0.0069204152249136,3.197004871813552e-06,0.0072664359861591,2.1423228522461945e-06,0.0076124567474049,8.239703277869979e-07,0.0089965397923876,1.6479406555739957e-07,0.0093425605536332,1.6479406555739958e-06,1,1,1,2,2
611,0,13:40:36,2,0.0069204152249136,52380.0,0.0067474048442905,0.0065743944636678,2.9662931800331924e-06,0.0062283737024222,4.548316209384229e-05,0.0058823529411764,3.295881311147992e-07,0.0055363321799308,4.976780779833467e-05,0.0044982698961939,3.295881311147992e-07,0.0069204152249136,2.307116917803594e-07,0.0072664359861591,2.1423228522461945e-06,0.0076124567474049,8.239703277869979e-07,0.0089965397923876,1.6479406555739957e-07,0.0093425605536332,1.6479406555739958e-06,1,1,2,2,2
612,0,13:40:39,2,0.0069204152249136,2910.0,0.0067474048442905,0.0065743944636678,3.95505757337759e-06,0.0062283737024222,4.548316209384229e-05,0.0058823529411764,3.295881311147992e-07,0.0055363321799308,4.976780779833467e-05,0.0044982698961939,3.295881311147992e-07,0.0069204152249136,6.591762622295984e-08,0.0072664359861591,2.1423228522461945e-06,0.0076124567474049,8.239703277869979e-07,0.0089965397923876,1.6479406555739957e-07,0.0093425605536332,1.6479406555739958e-06,1,1,2,2,2
613,0,13:40:42,2,0.0065743944636678,2909.0,0.0067474048442905,0.0065743944636678,3.7902635078201903e-06,0.0062283737024222,4.548316209384229e-05,0.0058823529411764,3.295881311147992e-07,0.0055363321799308,4.976780779833467e-05,0.0044982698961939,3.295881311147992e-07,0.0069204152249136,6.591762622295984e-08,0.0072664359861591,2.1423228522461945e-06,0.0076124567474049,8.239703277869979e-07,0.0089965397923876,1.6479406555739957e-07,0.0093425605536332,1.6479406555739958e-06,1,1,2,2,2
614,0,13:40:45,2,0.0065743944636678,0.0,0.0067474048442905,0.0065743944636678,3.7902635078201903e-06,0.0062283737024222,4.548316209384229e-05,0.0058823529411764,3.295881311147992e-07,0.0055363321799308,4.976780779833467e-05,0.0044982698961939,3.295881311147992e-07,0.0069204152249136,6.591762622295984e-08,0.0072664359861591,2.1423228522461945e-06,0.0076124567474049,8.239703277869979e-07,0.0089965397923876,1.6479406555739957e-07,0.0093425605536332,1.6479406555739958e-06,1,1,2,2,2
615,0,13:40:48,2,0.0072664359861591,6986.0,0.0070934256055363,0.0069204152249136,9.228467671214376e-07,0.0065743944636678,3.7902635078201903e-06,0.0062283737024222,4.548316209384229e-05,0.0058823529411764,3.295881311147992e-07,0.0055363321799308,4.976780779833467e-05,0.0072664359861591,1.8127347211313956e-06,0.0076124567474049,8.239703277869979e-07,0.0089965397923876,1.6479406555739957e-07,0.0093425605536332,1.6479406555739958e-06,0.009688581314879,3.460675376705391e-06,1,2,2,2,2
616,0,13:40:51,2,0.0072664359861591,0.0,0.0070934256055363,0.0069204152249136,1.582023029351036e-06,0.0065743944636678,3.7902635078201903e-06,0.0062283737024222,4.548316209384229e-05,0.0058823529411764,3.295881311147992e-07,0.0055363321799308,5.306368910948266e-05,0.0072664359861591,1.8127347211313956e-06,0.0076124567474049,8.239703277869979e-07,0.0089965397923876,1.6479406555739957e-07,0.0093425605536332,1.6479406555739958e-06,0.009688581314879,3.460675376705391e-06,1,2,2,1,2
617,0,13:40:54,2,0.0072664359861591,14555.0,0.0070934256055363,0.0069204152249136,1.8061429585091e-05,0.0065743944636678,3.7902635078201903e-06,0.0062283737024222,4.548316209384229e-05,0.0058823529411764,3.295881311147992e-07,0.0055363321799308,5.306368910948266e-05,0.0072664359861591,9.887643933443975e-07,0.0076124567474049,8.239703277869979e-07,0.0089965397923876,1.6479406555739957e-07,0.0093425605536332,1.6479406555739958e-06,0.009688581314879,3.460675376705391e-06,1,1,2,1,2
618,0,13:40:57,2,0.0072664359861591,0.0,0.0070934256055363,0.0069204152249136,1.8061429585091e-05,0.0065743944636678,3.7902635078201903e-06,0.0062283737024222,4.548316209384229e-05,0.0058823529411764,3.295881311147992e-07,0.0055363321799308,5.306368910948266e-05,0.0072664359861591,4.284645704492389e-06,0.0076124567474049,8.239703277869979e-07,0.0089965397923876,1.6479406555739957e-07,0.0093425605536332,1.6479406555739958e-06,0.009688581314879,3.460675376705391e-06,1,1,2,1,2
619,0,13:41:00,2,0.0069204152249136,14550.0,0.0070934256055363,0.0069204152249136,1.7237459257303995e-05,0.0065743944636678,2.801499114475793e-06,0.0062283737024222,4.548316209384229e-05,0.0058823529411764,3.295881311147992e-07,0.0055363321799308,5.306368910948266e-05,0.0072664359861591,4.284645704492389e-06,0.0076124567474049,8.239703277869979e-07,0.0089965397923876,1.6479406555739957e-07,0.0093425605536332,1.6479406555739958e-06,0.009688581314879,3.460675376705391e-06,1,1,2,1,2
620,0,13:41:03,2,0.0069204152249136,0.0,0.0070934256055363,0.0069204152249136,1.7567047388418794e-05,0.0065743944636678,2.801499114475793e-06,0.0062283737024222,4.548316209384229e-05,0.0058823529411764,3.295881311147992e-07,0.0055363321799308,5.306368910948266e-05,0.0072664359861591,4.284645704492389e-06,0.0076124567474049,8.239703277869979e-07,0.0089965397923876,1.6479406555739957e-07,0.0093425605536332,1.6479406555739958e-06,0.009688581314879,3.7902635078201903e-06,2,1,2,1,2
621,0,13:41:06,2,0.0072664359861591,5822.0,0.0070934256055363,0.0069204152249136,1.7567047388418794e-05,0.0065743944636678,2.801499114475793e-06,0.0062283737024222,4.548316209384229e-05,0.0058823529411764,3.295881311147992e-07,0.0055363321799308,5.306368910948266e-05,0.0072664359861591,3.95505757337759e-06,0.0076124567474049,8.239703277869979e-07,0.0089965397923876,1.6479406555739957e-07,0.0093425605536332,1.6479406555739958e-06,0.009688581314879,3.7902635078201903e-06,2,2,1,1,2
622,0,13:41:09,2,0.0072664359861591,34932.0,0.0070934256055363,0.0069204152249136,1.7567047388418794e-05,0.0065743944636678,3.131087245590592e-06,0.0062283737024222,4.548316209384229e-05,0.0058823529411764,3.295881311147992e-07,0.0055363321799308,5.306368910948266e-05,0.0072664359861591,1.977528786688795e-06,0.0076124567474049,8.239703277869979e-07,0.0089965397923876,1.6479406555739957e-07,0.0093425605536332,1.6479406555739958e-06,0.009688581314879,3.7902635078201903e-06,1,2,1,1,2
623,0,13:41:12,2,0.0072664359861591,0.0,0.0070934256055363,0.0069204152249136,1.7567047388418794e-05,0.0065743944636678,3.131087245590592e-06,0.0062283737024222,4.548316209384229e-05,0.0058823529411764,3.295881311147992e-07,0.0055363321799308,5.306368910948266e-05,0.0072664359861591,1.977528786688795e-06,0.0076124567474049,8.239703277869979e-07,0.0089965397923876,1.6479406555739957e-07,0.0093425605536332,1.6479406555739958e-06,0.009688581314879,3.7902635078201903e-06,1,2,1,2,2
624,0,13:41:15,2,0.0072664359861591,0.0,0.0070934256055363,0.0069204152249136,1.7567047388418794e-05,0.0065743944636678,3.131087245590592e-06,0.0062283737024222,4.548316209384229e-05,0.0058823529411764,3.295881311147992e-07,0.0055363321799308,5.306368910948266e-05,0.0072664359861591,2.1423228522461945e-06,0.0076124567474049,8.239703277869979e-07,0.0089965397923876,1.6479406555739957e-07,0.0093425605536332,1.6479406555739958e-06,0.009688581314879,3.7902635078201903e-06,1,2,1,2,2
625,0,13:41:18,2,0.0093425605536332,58236.0,0.0084775086505191,0.0076124567474049,3.295881311147992e-07,0.0069204152249136,1.7567047388418794e-05,0.0065743944636678,3.131087245590592e-06,0.0062283737024222,4.548316209384229e-05,0.0058823529411764,3.295881311147992e-07,0.0093425605536332,1.4831465900165962e-06,0.009688581314879,3.7902635078201903e-06,0.0100346020761246,8.404497343427378e-06,0.0103806228373701,2.010487599800275e-05,0.0107266435986159,2.2082404784691544e-05,0,1,1,1,1
626,0,13:41:21,2,0.0093425605536332,0.0,0.0084775086505191,0.0076124567474049,3.295881311147992e-07,0.0072664359861591,3.460675376705391e-06,0.0069204152249136,1.7896635519533594e-05,0.0065743944636678,3.131087245590592e-06,0.0062283737024222,4.4659191766055286e-05,0.0093425605536332,1.4831465900165962e-06,0.009688581314879,3.7902635078201903e-06,0.0100346020761246,8.404497343427378e-06,0.0103806228373701,2.010487599800275e-05,0.0107266435986159,2.2082404784691544e-05,0,1,1,1,1
627,0,13:41:24,2,0.0072664359861591,8735.0,0.0074394463667821,0.0072664359861591,3.625469442262791e-06,0.0069204152249136,1.7567047388418794e-05,0.0065743944636678,2.801499114475793e-06,0.0062283737024222,4.4659191766055286e-05,0.0058823529411764,4.943821966721988e-07,0.0076124567474049,3.295881311147992e-07,0.0093425605536332,3.95505757337759e-06,0.009688581314879,3.7902635078201903e-06,0.0100346020761246,8.404497343427378e-06,0.0103806228373701,1.7138582817969556e-05,2,2,1,1,2
628,0,13:41:27,2,0.0072664359861591,0.0,0.0074394463667821,0.0072664359861591,5.273410097836786e-06,0.0069204152249136,1.7567047388418794e-05,0.0065743944636678,2.801499114475793e-06,0.0062283737024222,4.4659191766055286e-05,0.0058823529411764,4.943821966721988e-07,0.0076124567474049,6.591762622295983e-07,0.0093425605536332,5.602998228951586e-06,0.009688581314879,3.7902635078201903e-06,0.0100346020761246,8.404497343427378e-06,0.0103806228373701,1.7138582817969556e-05,2,2,1,1,2
629,0,13:41:30,2,0.0072664359861591,0.0,0.0074394463667821,0.0072664359861591,5.602998228951586e-06,0.0069204152249136,1.7567047388418794e-05,0.0065743944636678,2.801499114475793e-06,0.0062283737024222,4.4659191766055286e-05,0.0058823529411764,4.943821966721988e-07,0.0076124567474049,6.591762622295983e-07,0.0093425605536332,5.602998228951586e-06,0.009688581314879,3.7902635078201903e-06,0.0100346020761246,8.404497343427378e-06,0.0103806228373701,1.7138582817969556e-05,2,2,1,1,2
630,0,13:41:33,2,0.0076124567474049,8736.0,0.0074394463667821,0.0072664359861591,5.602998228951586e-06,0.0069204152249136,1.7567047388418794e-05,0.0065743944636678,2.801499114475793e-06,0.0062283737024222,4.4659191766055286e-05,0.0058823529411764,4.943821966721988e-07,0.0076124567474049,1.6479406555739957e-07,0.0093425605536332,5.602998228951586e-06,0.009688581314879,3.7902635078201903e-06,0.0100346020761246,8.404497343427378e-06,0.0103806228373701,1.7138582817969556e-05,2,2,1,1,2
631,0,13:41:36,2,0.0072664359861591,17467.0,0.0079584775086505,0.0072664359861591,4.449439770049789e-06,0.0069204152249136,1.7237459257303995e-05,0.0065743944636678,2.801499114475793e-06,0.0062283737024222,4.4659191766055286e-05,0.0058823529411764,4.943821966721988e-07,0.0086505190311418,1.6479406555739958e-06,0.0093425605536332,5.602998228951586e-06,0.009688581314879,3.7902635078201903e-06,0.0100346020761246,8.404497343427378e-06,0.0103806228373701,1.7468170949084355e-05,1,1,1,1,1
632,0,13:41:39,2,0.0072664359861591,0.0,0.0081314878892733,0.0076124567474049,3.295881311147991e-05,0.0072664359861591,5.273410097836786e-06,0.0069204152249136,1.7237459257303995e-05,0.0065743944636678,2.801499114475793e-06,0.0062283737024222,4.4659191766055286e-05,0.0086505190311418,1.6479406555739958e-06,0.0093425605536332,5.932586360066385e-06,0.009688581314879,3.7902635078201903e-06,0.0100346020761246,9.063673605656976e-06,0.0103806228373701,1.7797759080199155e-05,1,1,1,1,1
633,0,13:41:42,2,0.0072664359861591,0.0,0.0081314878892733,0.0076124567474049,3.295881311147991e-05,0.0072664359861591,5.273410097836786e-06,0.0069204152249136,1.7237459257303995e-05,0.0065743944636678,2.801499114475793e-06,0.0062283737024222,4.4659191766055286e-05,0.0086505190311418,2.3071169178035943e-06,0.0093425605536332,4.284645704492389e-06,0.009688581314879,3.7902635078201903e-06,0.0100346020761246,9.063673605656976e-06,0.0103806228373701,1.7797759080199155e-05,1,1,1,1,1
634,0,13:41:45,2,0.0076124567474049,20390.0,0.0081314878892733,0.0076124567474049,3.213484278369292e-05,0.0072664359861591,4.9438219667219874e-06,0.0069204152249136,1.7237459257303995e-05,0.0065743944636678,2.801499114475793e-06,0.0062283737024222,4.4659191766055286e-05,0.0086505190311418,1.977528786688795e-06,0.0089965397923876,6.591762622295983e-07,0.0093425605536332,4.284645704492389e-06,0.009688581314879,3.7902635078201903e-06,0.0100346020761246,9.063673605656976e-06,1,1,1,2,1
635,0,13:41:48,2,0.0076124567474049,0.0,0.0081314878892733,0.0076124567474049,3.213484278369292e-05,0.0072664359861591,4.9438219667219874e-06,0.0069204152249136,1.7237459257303995e-05,0.0065743944636678,2.801499114475793e-06,0.0062283737024222,4.4659191766055286e-05,0.0086505190311418,1.977528786688795e-06,0.0089965397923876,6.591762622295983e-07,0.0093425605536332,4.284645704492389e-06,0.009688581314879,3.7902635078201903e-06,0.0100346020761246,9.063673605656976e-06,1,1,1,2,1
636,0,13:41:51,2,0.0076124567474049,0.0,0.0081314878892733,0.0076124567474049,3.213484278369292e-05,0.0072664359861591,4.9438219667219874e-06,0.0069204152249136,1.7237459257303995e-05,0.0065743944636678,2.801499114475793e-06,0.0062283737024222,4.4659191766055286e-05,0.0086505190311418,1.977528786688795e-06,0.0089965397923876,6.591762622295983e-07,0.0093425605536332,4.284645704492389e-06,0.009688581314879,3.7902635078201903e-06,0.0100346020761246,9.063673605656976e-06,1,1,1,2,1
637,0,13:41:54,2,0.0076124567474049,0.0,0.0081314878892733,0.0076124567474049,3.213484278369292e-05,0.0072664359861591,4.9438219667219874e-06,0.0069204152249136,1.7237459257303995e-05,0.0065743944636678,2.801499114475793e-06,0.0062283737024222,4.4659191766055286e-05,0.0086505190311418,1.977528786688795e-06,0.0089965397923876,6.591762622295983e-07,0.0093425605536332,4.284645704492389e-06,0.009688581314879,3.7902635078201903e-06,0.0100346020761246,9.558055802329175e-06,1,1,1,2,1
638,0,13:41:57,2,0.0076124567474049,0.0,0.0081314878892733,0.0076124567474049,3.279401904592252e-05,0.0072664359861591,4.9438219667219874e-06,0.0069204152249136,1.65782829950744e-05,0.0065743944636678,2.1423228522461945e-06,0.0062283737024222,4.416480956938309e-05,0.0086505190311418,1.977528786688795e-06,0.0089965397923876,6.591762622295983e-07,0.0093425605536332,5.273410097836786e-06,0.009688581314879,3.7902635078201903e-06,0.0100346020761246,9.558055802329175e-06,1,1,1,2,1
639,0,13:42:00,2,0.0076124567474049,0.0,0.0081314878892733,0.0076124567474049,3.279401904592252e-05,0.0072664359861591,4.9438219667219874e-06,0.0069204152249136,1.65782829950744e-05,0.0065743944636678,2.1423228522461945e-06,0.0062283737024222,4.416480956938309e-05,0.0086505190311418,2.636705048918393e-06,0.0089965397923876,6.591762622295983e-07,0.0093425605536332,5.273410097836786e-06,0.009688581314879,3.7902635078201903e-06,0.0100346020761246,9.558055802329175e-06,1,1,1,2,1
640,0,13:42:03,2,0.0086505190311418,26232.0,0.0083044982698963,0.0079584775086505,1.6479406555739958e-06,0.0076124567474049,3.345319530815212e-05,0.0072664359861591,4.9438219667219874e-06,0.0069204152249136,1.6479406555739956e-05,0.0065743944636678,2.4719109833609937e-06,0.0086505190311418,1.3183525244591966e-06,0.0089965397923876,6.591762622295983e-07,0.0093425605536332,5.273410097836786e-06,0.009688581314879,3.7902635078201903e-06,0.0100346020761246,9.558055802329175e-06,0,1,1,1,1
641,0,13:42:06,2,0.0076124567474049,49520.0,0.0077854671280277,0.0076124567474049,3.262922498036512e-05,0.0072664359861591,4.9438219667219874e-06,0.0069204152249136,1.6479406555739956e-05,0.0065743944636678,2.4719109833609937e-06,0.0062283737024222,4.4000015503825687e-05,0.0079584775086505,1.6479406555739957e-07,0.0086505190311418,9.887643933443975e-07,0.0089965397923876,6.591762622295983e-07,0.0093425605536332,5.273410097836786e-06,0.009688581314879,3.7902635078201903e-06,1,2,1,2,1
642,0,13:42:09,2,0.0076124567474049,0.0,0.0077854671280277,0.0076124567474049,3.262922498036512e-05,0.0072664359861591,4.9438219667219874e-06,0.0069204152249136,1.6479406555739956e-05,0.0065743944636678,2.4719109833609937e-06,0.0062283737024222,4.4000015503825687e-05,0.0079584775086505,1.6479406555739957e-07,0.0086505190311418,1.3183525244591966e-06,0.0089965397923876,6.591762622295983e-07,0.0093425605536332,5.273410097836786e-06,0.009688581314879,3.7902635078201903e-06,1,2,1,2,1
643,0,13:42:12,2,0.0076124567474049,0.0,0.0077854671280277,0.0076124567474049,3.262922498036512e-05,0.0072664359861591,4.9438219667219874e-06,0.0069204152249136,1.6479406555739956e-05,0.0065743944636678,2.4719109833609937e-06,0.0062283737024222,4.4000015503825687e-05,0.0079584775086505,1.6479406555739957e-07,0.0086505190311418,1.3183525244591966e-06,0.0089965397923876,1.977528786688795e-06,0.0093425605536332,5.273410097836786e-06,0.009688581314879,4.119851638934989e-06,1,2,1,2,1
644,0,13:42:15,2,0.0076124567474049,0.0,0.0077854671280277,0.0076124567474049,3.262922498036512e-05,0.0072664359861591,4.9438219667219874e-06,0.0069204152249136,1.6479406555739956e-05,0.0065743944636678,2.4719109833609937e-06,0.0062283737024222,4.4000015503825687e-05,0.0079584775086505,1.6479406555739957e-07,0.0086505190311418,1.3183525244591966e-06,0.0089965397923876,1.977528786688795e-06,0.0093425605536332,5.273410097836786e-06,0.009688581314879,4.119851638934989e-06,1,2,1,2,1
645,0,13:42:18,2,0.0076124567474049,0.0,0.0077854671280277,0.0076124567474049,3.262922498036512e-05,0.0072664359861591,4.9438219667219874e-06,0.0069204152249136,1.6479406555739956e-05,0.0065743944636678,2.4719109833609937e-06,0.0062283737024222,4.4000015503825687e-05,0.0079584775086505,1.6479406555739957e-07,0.0086505190311418,4.614233835607189e-06,0.0089965397923876,1.977528786688795e-06,0.0093425605536332,5.273410097836786e-06,0.009688581314879,4.119851638934989e-06,2,2,1,2,1
646,0,13:42:21,2,0.0076124567474049,0.0,0.0077854671280277,0.0076124567474049,3.262922498036512e-05,0.0072664359861591,4.9438219667219874e-06,0.0069204152249136,1.6808994686854756e-05,0.0065743944636678,2.4719109833609937e-06,0.0062283737024222,4.4000015503825687e-05,0.0079584775086505,1.6479406555739957e-07,0.0086505190311418,4.614233835607189e-06,0.0089965397923876,2.3071169178035943e-06,0.0093425605536332,5.273410097836786e-06,0.009688581314879,4.119851638934989e-06,2,1,1,2,1
647,0,13:42:24,2,0.0076124567474049,0.0,0.0077854671280277,0.0076124567474049,3.262922498036512e-05,0.0072664359861591,4.9438219667219874e-06,0.0069204152249136,1.6479406555739956e-05,0.0065743944636678,2.4719109833609937e-06,0.0062283737024222,4.4000015503825687e-05,0.0079584775086505,1.6479406555739957e-07,0.0086505190311418,4.614233835607189e-06,0.0089965397923876,2.3071169178035943e-06,0.0093425605536332,5.273410097836786e-06,0.009688581314879,4.119851638934989e-06,2,1,1,2,1
648,0,13:42:27,2,0.0076124567474049,0.0,0.0081314878892733,0.0076124567474049,3.262922498036512e-05,0.0072664359861591,4.9438219667219874e-06,0.0069204152249136,1.6479406555739956e-05,0.0065743944636678,2.4719109833609937e-06,0.0062283737024222,4.4000015503825687e-05,0.0086505190311418,6.262174491181184e-06,0.0089965397923876,2.3071169178035943e-06,0.0093425605536332,5.273410097836786e-06,0.009688581314879,4.119851638934989e-06,0.0100346020761246,9.558055802329175e-06,1,1,1,2,1
649,0,13:42:30,2,0.0076124567474049,29120.0,0.0081314878892733,0.0076124567474049,3.098128432479112e-05,0.0072664359861591,4.9438219667219874e-06,0.0069204152249136,1.6479406555739956e-05,0.0065743944636678,2.4719109833609937e-06,0.0062283737024222,4.4000015503825687e-05,0.0086505190311418,6.262174491181184e-06,0.0089965397923876,2.3071169178035943e-06,0.0093425605536332,5.273410097836786e-06,0.009688581314879,4.119851638934989e-06,0.0100346020761246,9.558055802329175e-06,1,1,1,2,1
650,0,13:42:33,2,0.0076124567474049,0.0,0.0083044982698963,0.0079584775086505,1.6479406555739958e-06,0.0076124567474049,3.098128432479112e-05,0.0072664359861591,3.295881311147992e-06,0.0069204152249136,1.6479406555739956e-05,0.0065743944636678,2.4719109833609937e-06,0.0086505190311418,6.262174491181184e-06,0.0089965397923876,2.3071169178035943e-06,0.0093425605536332,5.273410097836786e-06,0.009688581314879,4.119851638934989e-06,0.0100346020761246,9.558055802329175e-06,1,0,1,1,1
651,0,13:42:36,2,0.0076124567474049,0.0,0.0083044982698963,0.0079584775086505,1.6479406555739958e-06,0.0076124567474049,3.098128432479112e-05,0.0072664359861591,3.295881311147992e-06,0.0069204152249136,1.6479406555739956e-05,0.0065743944636678,2.4719109833609937e-06,0.0086505190311418,6.262174491181184e-06,0.0089965397923876,2.3071169178035943e-06,0.0093425605536332,5.273410097836786e-06,0.009688581314879,4.119851638934989e-06,0.0100346020761246,9.558055802329175e-06,0,0,1,1,1
652,0,13:42:39,2,0.0076124567474049,0.0,0.0083044982698963,0.0079584775086505,1.6479406555739958e-06,0.0076124567474049,3.098128432479112e-05,0.0072664359861591,3.295881311147992e-06,0.0069204152249136,1.6479406555739956e-05,0.0065743944636678,2.4719109833609937e-06,0.0086505190311418,6.262174491181184e-06,0.0089965397923876,2.3071169178035943e-06,0.0093425605536332,5.273410097836786e-06,0.009688581314879,4.119851638934989e-06,0.0100346020761246,9.558055802329175e-06,0,0,1,1,1
653,0,13:42:42,2,0.0076124567474049,0.0,0.0083044982698963,0.0079584775086505,1.6479406555739958e-06,0.0076124567474049,3.098128432479112e-05,0.0072664359861591,3.295881311147992e-06,0.0069204152249136,1.6479406555739956e-05,0.0065743944636678,2.4719109833609937e-06,0.0086505190311418,6.262174491181184e-06,0.0089965397923876,2.3071169178035943e-06,0.0093425605536332,5.273410097836786e-06,0.009688581314879,4.119851638934989e-06,0.0100346020761246,9.558055802329175e-06,0,1,1,1,1
654,0,13:42:45,2,0.0076124567474049,0.0,0.0083044982698963,0.0079584775086505,1.6479406555739958e-06,0.0076124567474049,3.098128432479112e-05,0.0072664359861591,3.295881311147992e-06,0.0069204152249136,1.6479406555739956e-05,0.0065743944636678,2.4719109833609937e-06,0.0086505190311418,6.262174491181184e-06,0.0089965397923876,2.3071169178035943e-06,0.0093425605536332,5.273410097836786e-06,0.009688581314879,4.119851638934989e-06,0.0100346020761246,9.558055802329175e-06,0,1,1,1,1
655,0,13:42:48,2,0.0079584775086505,5826.0,0.0083044982698963,0.0079584775086505,1.3183525244591966e-06,0.0076124567474049,3.098128432479112e-05,0.0072664359861591,3.295881311147992e-06,0.0069204152249136,1.6479406555739956e-05,0.0065743944636678,2.4719109833609937e-06,0.0086505190311418,5.932586360066385e-06,0.0089965397923876,2.3071169178035943e-06,0.0093425605536332,5.273410097836786e-06,0.009688581314879,4.119851638934989e-06,0.0100346020761246,9.558055802329175e-06,0,1,1,1,1
656,0,13:42:51,2,0.0079584775086505,29134.0,0.0077854671280277,0.0076124567474049,3.098128432479112e-05,0.0072664359861591,3.295881311147992e-06,0.0069204152249136,1.6479406555739956e-05,0.0065743944636678,2.4719109833609937e-06,0.0062283737024222,4.4000015503825687e-05,0.0079584775086505,3.295881311147992e-07,0.0086505190311418,5.602998228951586e-06,0.0089965397923876,2.3071169178035943e-06,0.0093425605536332,5.273410097836786e-06,0.009688581314879,4.119851638934989e-06,1,2,2,1,1
657,0,13:42:54,2,0.0079584775086505,0.0,0.0077854671280277,0.0076124567474049,3.098128432479112e-05,0.0072664359861591,3.295881311147992e-06,0.0069204152249136,1.6479406555739956e-05,0.0065743944636678,2.4719109833609937e-06,0.0062283737024222,4.4000015503825687e-05,0.0079584775086505,3.295881311147992e-07,0.0086505190311418,5.602998228951586e-06,0.0089965397923876,2.3071169178035943e-06,0.0093425605536332,5.273410097836786e-06,0.009688581314879,4.119851638934989e-06,1,2,2,1,1
658,0,13:42:57,2,0.0079584775086505,0.0,0.0077854671280277,0.0076124567474049,3.098128432479112e-05,0.0072664359861591,3.295881311147992e-06,0.0069204152249136,1.6479406555739956e-05,0.0065743944636678,2.4719109833609937e-06,0.0062283737024222,4.4000015503825687e-05,0.0079584775086505,1.1535584589017972e-06,0.0086505190311418,5.602998228951586e-06,0.0089965397923876,2.3071169178035943e-06,0.0093425605536332,5.273410097836786e-06,0.009688581314879,4.119851638934989e-06,2,1,2,1,1
659,0,13:43:00,2,0.0079584775086505,0.0,0.0077854671280277,0.0076124567474049,3.098128432479112e-05,0.0072664359861591,3.295881311147992e-06,0.0069204152249136,1.6479406555739956e-05,0.0065743944636678,2.4719109833609937e-06,0.0062283737024222,4.4000015503825687e-05,0.0079584775086505,1.1535584589017972e-06,0.0086505190311418,5.602998228951586e-06,0.0089965397923876,2.3071169178035943e-06,0.0093425605536332,5.273410097836786e-06,0.009688581314879,4.119851638934989e-06,2,1,2,1,1
660,0,13:43:03,2,0.0079584775086505,0.0,0.0077854671280277,0.0076124567474049,3.098128432479112e-05,0.0072664359861591,3.295881311147992e-06,0.0069204152249136,1.6479406555739956e-05,0.0065743944636678,2.4719109833609937e-06,0.0062283737024222,4.4000015503825687e-05,0.0079584775086505,1.1535584589017972e-06,0.0086505190311418,5.602998228951586e-06,0.0089965397923876,2.3071169178035943e-06,0.0093425605536332,5.273410097836786e-06,0.009688581314879,4.119851638934989e-06,2,2,2,1,1
661,0,13:43:06,2,0.0079584775086505,0.0,0.0077854671280277,0.0076124567474049,3.114607839034852e-05,0.0072664359861591,3.295881311147992e-06,0.0069204152249136,1.6479406555739956e-05,0.0065743944636678,2.4719109833609937e-06,0.0062283737024222,4.4000015503825687e-05,0.0079584775086505,1.1535584589017972e-06,0.0086505190311418,5.602998228951586e-06,0.0089965397923876,2.3071169178035943e-06,0.0093425605536332,5.273410097836786e-06,0.009688581314879,4.119851638934989e-06,2,2,2,1,1
662,0,13:43:09,2,0.0079584775086505,0.0,0.0077854671280277,0.0076124567474049,3.114607839034852e-05,0.0072664359861591,3.295881311147992e-06,0.0069204152249136,1.6479406555739956e-05,0.0065743944636678,2.4719109833609937e-06,0.0062283737024222,4.4000015503825687e-05,0.0079584775086505,2.801499114475793e-06,0.0086505190311418,5.602998228951586e-06,0.0089965397923876,2.3071169178035943e-06,0.0093425605536332,5.273410097836786e-06,0.009688581314879,4.119851638934989e-06,2,2,2,1,1
663,0,13:43:12,2,0.0079584775086505,49521.0,0.0083044982698963,0.0079584775086505,3.7902635078201903e-06,0.0076124567474049,3.114607839034852e-05,0.0072664359861591,3.295881311147992e-06,0.0069204152249136,1.6479406555739956e-05,0.0065743944636678,2.4719109833609937e-06,0.0086505190311418,5.602998228951586e-06,0.0089965397923876,2.3071169178035943e-06,0.0093425605536332,5.273410097836786e-06,0.009688581314879,4.119851638934989e-06,0.0100346020761246,9.558055802329175e-06,1,1,1,1,1
664,0,13:43:15,2,0.0079584775086505,0.0,0.0083044982698963,0.0079584775086505,4.284645704492389e-06,0.0076124567474049,3.114607839034852e-05,0.0072664359861591,3.295881311147992e-06,0.0069204152249136,1.6479406555739956e-05,0.0065743944636678,2.4719109833609937e-06,0.0086505190311418,5.602998228951586e-06,0.0089965397923876,2.3071169178035943e-06,0.0093425605536332,5.273410097836786e-06,0.009688581314879,4.119851638934989e-06,0.0100346020761246,9.558055802329175e-06,1,2,1,1,1
665,0,13:43:18,2,0.0079584775086505,5826.0,0.0083044982698963,0.0079584775086505,3.95505757337759e-06,0.0076124567474049,3.114607839034852e-05,0.0072664359861591,3.295881311147992e-06,0.0069204152249136,1.6479406555739956e-05,0.0065743944636678,2.4719109833609937e-06,0.0086505190311418,5.602998228951586e-06,0.0089965397923876,2.3071169178035943e-06,0.0093425605536332,5.273410097836786e-06,0.009688581314879,4.119851638934989e-06,0.0100346020761246,9.558055802329175e-06,1,2,1,1,1
666,0,13:43:21,2,0.0079584775086505,0.0,0.0083044982698963,0.0079584775086505,3.95505757337759e-06,0.0076124567474049,3.114607839034852e-05,0.0072664359861591,3.295881311147992e-06,0.0069204152249136,1.6479406555739956e-05,0.0065743944636678,2.4719109833609937e-06,0.0086505190311418,5.602998228951586e-06,0.0089965397923876,2.3071169178035943e-06,0.0093425605536332,5.273410097836786e-06,0.009688581314879,4.119851638934989e-06,0.0100346020761246,9.558055802329175e-06,1,2,1,1,1
667,0,13:43:24,2,0.0079584775086505,0.0,0.0083044982698963,0.0079584775086505,3.95505757337759e-06,0.0076124567474049,3.114607839034852e-05,0.0072664359861591,3.295881311147992e-06,0.0069204152249136,1.6479406555739956e-05,0.0065743944636678,2.4719109833609937e-06,0.0086505190311418,5.602998228951586e-06,0.0089965397923876,2.3071169178035943e-06,0.0093425605536332,5.273410097836786e-06,0.009688581314879,4.284645704492389e-06,0.0100346020761246,9.558055802329175e-06,1,2,1,1,1
668,0,13:43:27,2,0.0086505190311418,23320.0,0.0081314878892733,0.0079584775086505,4.119851638934989e-06,0.0076124567474049,3.114607839034852e-05,0.0072664359861591,3.295881311147992e-06,0.0069204152249136,1.6479406555739956e-05,0.0065743944636678,2.4719109833609937e-06,0.0083044982698963,8.239703277869979e-07,0.0086505190311418,4.284645704492389e-06,0.0089965397923876,2.3071169178035943e-06,0.0093425605536332,5.273410097836786e-06,0.009688581314879,4.284645704492389e-06,1,2,2,1,1
669,0,13:43:30,2,0.0086505190311418,0.0,0.0081314878892733,0.0079584775086505,4.119851638934989e-06,0.0076124567474049,3.114607839034852e-05,0.0072664359861591,3.295881311147992e-06,0.0069204152249136,1.6479406555739956e-05,0.0065743944636678,2.4719109833609937e-06,0.0083044982698963,8.239703277869979e-07,0.0086505190311418,4.284645704492389e-06,0.0089965397923876,2.3071169178035943e-06,0.0093425605536332,5.273410097836786e-06,0.009688581314879,4.284645704492389e-06,2,2,2,1,1
670,0,13:43:33,2,0.0083044982698963,14570.0,0.0083044982698963,0.0079584775086505,4.119851638934989e-06,0.0076124567474049,3.114607839034852e-05,0.0072664359861591,3.295881311147992e-06,0.0069204152249136,1.6479406555739956e-05,0.0065743944636678,2.4719109833609937e-06,0.0086505190311418,4.284645704492389e-06,0.0089965397923876,2.3071169178035943e-06,0.0093425605536332,5.273410097836786e-06,0.009688581314879,4.284645704492389e-06,0.0100346020761246,9.558055802329175e-06,2,2,1,1,1
671,0,13:43:36,2,0.0086505190311418,58300.0,0.0084775086505191,0.0083044982698963,2.4719109833609937e-06,0.0079584775086505,3.7902635078201903e-06,0.0076124567474049,3.114607839034852e-05,0.0072664359861591,3.295881311147992e-06,0.0069204152249136,1.6479406555739956e-05,0.0086505190311418,9.887643933443975e-07,0.0089965397923876,2.3071169178035943e-06,0.0093425605536332,5.273410097836786e-06,0.009688581314879,4.284645704492389e-06,0.0100346020761246,9.558055802329175e-06,2,2,1,1,0
672,0,13:43:39,2,0.0083044982698963,11656.0,0.0084775086505191,0.0083044982698963,1.8127347211313956e-06,0.0079584775086505,3.7902635078201903e-06,0.0076124567474049,3.114607839034852e-05,0.0072664359861591,3.295881311147992e-06,0.0069204152249136,1.6479406555739956e-05,0.0086505190311418,1.1535584589017972e-06,0.0089965397923876,2.3071169178035943e-06,0.0093425605536332,5.273410097836786e-06,0.009688581314879,4.284645704492389e-06,0.0100346020761246,9.558055802329175e-06,2,2,1,1,0
673,0,13:43:42,2,0.0086505190311418,14575.0,0.0084775086505191,0.0083044982698963,1.8127347211313956e-06,0.0079584775086505,3.7902635078201903e-06,0.0076124567474049,3.131087245590592e-05,0.0072664359861591,3.295881311147992e-06,0.0069204152249136,1.6479406555739956e-05,0.0086505190311418,3.295881311147992e-07,0.0089965397923876,2.3071169178035943e-06,0.0093425605536332,5.273410097836786e-06,0.009688581314879,4.284645704492389e-06,0.0100346020761246,9.558055802329175e-06,2,2,1,1,0
674,0,13:43:45,2,0.0089965397923876,99106.0,0.0091695501730104,0.0089965397923876,2.9498137734774525e-05,0.0079584775086505,3.295881311147992e-07,0.0076124567474049,3.131087245590592e-05,0.0072664359861591,3.295881311147992e-06,0.0069204152249136,1.6479406555739956e-05,0.0093425605536332,5.273410097836786e-06,0.009688581314879,4.284645704492389e-06,0.0100346020761246,1.0546820195673573e-05,0.0103806228373701,1.944569973577315e-05,0.0107266435986159,2.2082404784691544e-05,1,1,1,0,0
675,0,13:43:48,2,0.0089965397923876,8748.0,0.0091695501730104,0.0089965397923876,2.9003755538102327e-05,0.0079584775086505,3.295881311147992e-07,0.0076124567474049,3.131087245590592e-05,0.0072664359861591,3.295881311147992e-06,0.0069204152249136,1.6479406555739956e-05,0.0093425605536332,5.273410097836786e-06,0.009688581314879,4.284645704492389e-06,0.0100346020761246,1.0546820195673573e-05,0.0103806228373701,1.944569973577315e-05,0.0107266435986159,2.2082404784691544e-05,1,1,1,0,0
676,0,13:43:51,2,0.0089965397923876,8748.0,0.0091695501730104,0.0089965397923876,2.850937334143013e-05,0.0079584775086505,3.295881311147992e-07,0.0076124567474049,3.131087245590592e-05,0.0072664359861591,3.295881311147992e-06,0.0069204152249136,1.6479406555739956e-05,0.0093425605536332,5.273410097836786e-06,0.009688581314879,4.284645704492389e-06,0.0100346020761246,1.0546820195673573e-05,0.0103806228373701,1.944569973577315e-05,0.0107266435986159,2.2082404784691544e-05,1,1,1,1,0
677,0,13:43:54,2,0.0089965397923876,8748.0,0.0091695501730104,0.0089965397923876,2.8014991144757928e-05,0.0086505190311418,3.295881311147992e-07,0.0079584775086505,6.591762622295983e-07,0.0076124567474049,3.131087245590592e-05,0.0072664359861591,3.295881311147992e-06,0.0093425605536332,5.273410097836786e-06,0.009688581314879,4.284645704492389e-06,0.0100346020761246,9.558055802329175e-06,0.0103806228373701,1.944569973577315e-05,0.0107266435986159,2.2082404784691544e-05,1,1,0,0,0
678,0,13:43:57,2,0.0089965397923876,0.0,0.0091695501730104,0.0089965397923876,3.131087245590592e-05,0.0086505190311418,3.295881311147992e-07,0.0079584775086505,6.591762622295983e-07,0.0076124567474049,3.131087245590592e-05,0.0072664359861591,3.295881311147992e-06,0.0093425605536332,4.284645704492389e-06,0.009688581314879,4.614233835607189e-06,0.0100346020761246,9.558055802329175e-06,0.0103806228373701,1.944569973577315e-05,0.0107266435986159,2.2082404784691544e-05,1,1,0,0,0
679,0,13:44:00,2,0.0089965397923876,29160.0,0.0091695501730104,0.0089965397923876,2.9662931800331923e-05,0.0086505190311418,3.295881311147992e-07,0.0079584775086505,6.591762622295983e-07,0.0076124567474049,3.131087245590592e-05,0.0072664359861591,3.295881311147992e-06,0.0093425605536332,4.284645704492389e-06,0.009688581314879,4.614233835607189e-06,0.0100346020761246,9.558055802329175e-06,0.0103806228373701,1.944569973577315e-05,0.0107266435986159,2.2082404784691544e-05,1,1,0,0,0
680,0,13:44:03,2,0.0089965397923876,11664.0,0.0091695501730104,0.0089965397923876,2.5707874226954334e-05,0.0086505190311418,3.295881311147992e-07,0.0079584775086505,6.591762622295983e-07,0.0076124567474049,3.131087245590592e-05,0.0072664359861591,3.295881311147992e-06,0.0093425605536332,4.284645704492389e-06,0.009688581314879,4.614233835607189e-06,0.0100346020761246,9.558055802329175e-06,0.0103806228373701,1.9940081932445348e-05,0.0107266435986159,2.2082404784691544e-05,1,0,0,0,0
681,0,13:44:06,2,0.0089965397923876,2916.0,0.0091695501730104,0.0089965397923876,2.5543080161396936e-05,0.0086505190311418,3.295881311147992e-07,0.0079584775086505,4.943821966721988e-07,0.0076124567474049,3.131087245590592e-05,0.0072664359861591,3.295881311147992e-06,0.0093425605536332,4.284645704492389e-06,0.009688581314879,4.614233835607189e-06,0.0100346020761246,9.722849867886577e-06,0.0103806228373701,1.6644200621297358e-05,0.0107266435986159,2.2082404784691544e-05,1,0,1,0,0
682,0,13:44:09,2,0.0089965397923876,5832.0,0.0091695501730104,0.0089965397923876,2.5213492030282136e-05,0.0079584775086505,4.943821966721988e-07,0.0076124567474049,3.032210806256152e-05,0.0072664359861591,3.295881311147992e-06,0.0069204152249136,1.6479406555739956e-05,0.0093425605536332,4.284645704492389e-06,0.009688581314879,4.614233835607189e-06,0.0100346020761246,9.722849867886577e-06,0.0103806228373701,1.6644200621297358e-05,0.0107266435986159,2.2082404784691544e-05,1,0,1,1,0
683,0,13:44:12,2,0.0093425605536332,81668.0,0.0091695501730104,0.0089965397923876,2.389513950582294e-05,0.0079584775086505,4.943821966721988e-07,0.0076124567474049,3.032210806256152e-05,0.0072664359861591,3.295881311147992e-06,0.0069204152249136,1.6479406555739956e-05,0.0093425605536332,9.887643933443975e-07,0.009688581314879,4.614233835607189e-06,0.0100346020761246,9.722849867886577e-06,0.0103806228373701,1.6644200621297358e-05,0.0107266435986159,2.2082404784691544e-05,1,0,1,0,0
684,0,13:44:15,2,0.0089965397923876,40824.0,0.0091695501730104,0.0089965397923876,2.1588022588019343e-05,0.0079584775086505,4.943821966721988e-07,0.0076124567474049,3.032210806256152e-05,0.0072664359861591,3.295881311147992e-06,0.0069204152249136,1.6479406555739956e-05,0.0093425605536332,9.887643933443975e-07,0.009688581314879,4.614233835607189e-06,0.0100346020761246,1.1370790523460572e-05,0.0103806228373701,1.6644200621297358e-05,0.0107266435986159,2.2082404784691544e-05,1,0,1,0,0
685,0,13:44:18,2,0.0089965397923876,139968.0,0.0091695501730104,0.0089965397923876,1.3677907441264164e-05,0.0079584775086505,4.943821966721988e-07,0.0076124567474049,3.032210806256152e-05,0.0072664359861591,3.295881311147992e-06,0.0069204152249136,1.6479406555739956e-05,0.0093425605536332,1.1535584589017972e-06,0.009688581314879,4.614233835607189e-06,0.0100346020761246,1.1370790523460572e-05,0.0103806228373701,1.6644200621297358e-05,0.0107266435986159,2.2082404784691544e-05,0,0,1,0,0
686,0,13:44:21,2,0.0089965397923876,119557.0,0.0091695501730104,0.0089965397923876,7.086144818968182e-06,0.0079584775086505,4.943821966721988e-07,0.0076124567474049,3.032210806256152e-05,0.0072664359861591,3.295881311147992e-06,0.0069204152249136,1.6479406555739956e-05,0.0093425605536332,9.887643933443975e-07,0.009688581314879,6.262174491181184e-06,0.0100346020761246,1.1370790523460572e-05,0.0103806228373701,1.6644200621297358e-05,0.0107266435986159,2.2082404784691544e-05,0,0,1,0,0
687,0,13:44:24,2,0.0089965397923876,0.0,0.0091695501730104,0.0089965397923876,7.086144818968182e-06,0.0079584775086505,4.943821966721988e-07,0.0076124567474049,3.032210806256152e-05,0.0072664359861591,3.295881311147992e-06,0.0069204152249136,1.6479406555739956e-05,0.0093425605536332,1.8127347211313956e-06,0.009688581314879,6.262174491181184e-06,0.0100346020761246,1.2524348982362367e-05,0.0103806228373701,1.6644200621297358e-05,0.0107266435986159,2.2082404784691544e-05,0,0,1,0,0
688,0,13:44:27,2,0.0089965397923876,102065.0,0.0091695501730104,0.0089965397923876,2.1423228522461945e-06,0.0079584775086505,4.943821966721988e-07,0.0076124567474049,3.032210806256152e-05,0.0072664359861591,3.295881311147992e-06,0.0069204152249136,1.6479406555739956e-05,0.0093425605536332,1.1535584589017972e-06,0.009688581314879,6.262174491181184e-06,0.0100346020761246,1.2524348982362367e-05,0.0103806228373701,1.6644200621297358e-05,0.0107266435986159,2.2082404784691544e-05,0,0,1,0,0
689,0,13:44:30,2,0.0089965397923876,14580.0,0.0091695501730104,0.0089965397923876,1.3183525244591966e-06,0.0079584775086505,4.943821966721988e-07,0.0076124567474049,3.032210806256152e-05,0.0072664359861591,3.295881311147992e-06,0.0069204152249136,1.6479406555739956e-05,0.0093425605536332,9.887643933443975e-07,0.009688581314879,6.262174491181184e-06,0.0100346020761246,1.2524348982362367e-05,0.0103806228373701,1.6644200621297358e-05,0.0107266435986159,2.2082404784691544e-05,0,0,1,0,0
690,0,13:44:33,2,0.0089965397923876,23328.0,0.0084775086505191,0.0079584775086505,4.943821966721988e-07,0.0076124567474049,3.032210806256152e-05,0.0072664359861591,3.295881311147992e-06,0.0069204152249136,1.6479406555739956e-05,0.0065743944636678,2.4719109833609937e-06,0.0089965397923876,5.108616032279387e-06,0.0093425605536332,3.625469442262791e-06,0.009688581314879,1.1205996457903172e-05,0.0100346020761246,1.2524348982362367e-05,0.0103806228373701,1.8292141276871356e-05,1,1,1,0,1
691,0,13:44:36,2,0.0089965397923876,0.0,0.0084775086505191,0.0079584775086505,4.943821966721988e-07,0.0076124567474049,3.032210806256152e-05,0.0072664359861591,3.295881311147992e-06,0.0069204152249136,1.6479406555739956e-05,0.0065743944636678,2.4719109833609937e-06,0.0089965397923876,8.404497343427378e-06,0.0093425605536332,3.625469442262791e-06,0.009688581314879,1.1205996457903172e-05,0.0100346020761246,1.2524348982362367e-05,0.0103806228373701,1.8292141276871356e-05,1,1,1,0,1
692,0,13:44:39,2,0.0089965397923876,0.0,0.0084775086505191,0.0079584775086505,4.943821966721988e-07,0.0076124567474049,3.032210806256152e-05,0.0072664359861591,3.295881311147992e-06,0.0069204152249136,1.6479406555739956e-05,0.0065743944636678,2.4719109833609937e-06,0.0089965397923876,8.898879540099578e-06,0.0093425605536332,3.625469442262791e-06,0.009688581314879,1.1370790523460572e-05,0.0100346020761246,1.2524348982362367e-05,0.0103806228373701,1.8292141276871356e-05,1,1,1,0,1
693,0,13:44:42,2,0.0089965397923876,0.0,0.0084775086505191,0.0079584775086505,4.943821966721988e-07,0.0076124567474049,3.032210806256152e-05,0.0072664359861591,3.295881311147992e-06,0.0069204152249136,1.6479406555739956e-05,0.0065743944636678,2.4719109833609937e-06,0.0089965397923876,9.558055802329175e-06,0.0093425605536332,3.625469442262791e-06,0.009688581314879,1.1370790523460572e-05,0.0100346020761246,1.2524348982362367e-05,0.0103806228373701,1.8292141276871356e-05,0,1,1,0,1
694,0,13:44:45,2,0.0089965397923876,0.0,0.0083044982698963,0.0079584775086505,4.943821966721988e-07,0.0076124567474049,3.032210806256152e-05,0.0072664359861591,3.295881311147992e-06,0.0069204152249136,1.6479406555739956e-05,0.0065743944636678,2.4719109833609937e-06,0.0086505190311418,1.6479406555739958e-06,0.0089965397923876,1.0546820195673573e-05,0.0093425605536332,7.415732950082981e-06,0.009688581314879,1.1370790523460572e-05,0.0100346020761246,1.2524348982362367e-05,0,1,1,1,1
695,0,13:44:48,2,0.0079584775086505,2913.0,0.0083044982698963,0.0079584775086505,3.295881311147992e-07,0.0076124567474049,2.9662931800331923e-05,0.0072664359861591,3.295881311147992e-06,0.0069204152249136,1.6479406555739956e-05,0.0065743944636678,2.4719109833609937e-06,0.0086505190311418,1.6479406555739958e-06,0.0089965397923876,1.0546820195673573e-05,0.0093425605536332,7.415732950082981e-06,0.009688581314879,1.1370790523460572e-05,0.0100346020761246,1.2524348982362367e-05,1,1,1,1,1
696,0,13:44:51,2,0.0079584775086505,0.0,0.0083044982698963,0.0079584775086505,1.1535584589017972e-06,0.0076124567474049,2.9662931800331923e-05,0.0072664359861591,3.295881311147992e-06,0.0069204152249136,1.6479406555739956e-05,0.0065743944636678,2.3071169178035943e-06,0.0086505190311418,2.4719109833609937e-06,0.0089965397923876,1.0546820195673573e-05,0.0093425605536332,7.415732950082981e-06,0.009688581314879,1.1370790523460572e-05,0.0100346020761246,1.2524348982362367e-05,1,1,1,1,1
697,0,13:44:54,2,0.0076124567474049,58247.0,0.0081314878892733,0.0076124567474049,2.752060894808573e-05,0.0072664359861591,3.295881311147992e-06,0.0069204152249136,1.6479406555739956e-05,0.0065743944636678,1.977528786688795e-06,0.0062283737024222,4.4000015503825687e-05,0.0086505190311418,3.295881311147992e-06,0.0089965397923876,1.0052437999001376e-05,0.0093425605536332,7.415732950082981e-06,0.009688581314879,1.1370790523460572e-05,0.0100346020761246,1.153558458901797e-05,1,1,1,1,1
698,0,13:44:57,2,0.0076124567474049,0.0,0.0077854671280277,0.0076124567474049,2.752060894808573e-05,0.0072664359861591,3.295881311147992e-06,0.0069204152249136,1.6479406555739956e-05,0.0065743944636678,1.977528786688795e-06,0.0062283737024222,4.4000015503825687e-05,0.0079584775086505,1.6479406555739957e-07,0.0086505190311418,3.295881311147992e-06,0.0089965397923876,1.0052437999001376e-05,0.0093425605536332,7.415732950082981e-06,0.009688581314879,1.1370790523460572e-05,2,2,1,1,1
699,0,13:45:00,2,0.0076124567474049,8736.0,0.0077854671280277,0.0076124567474049,2.702622675141353e-05,0.0072664359861591,3.295881311147992e-06,0.0069204152249136,1.6479406555739956e-05,0.0065743944636678,1.977528786688795e-06,0.0062283737024222,4.4000015503825687e-05,0.0079584775086505,1.6479406555739957e-07,0.0086505190311418,3.295881311147992e-06,0.0089965397923876,1.0052437999001376e-05,0.0093425605536332,7.415732950082981e-06,0.009688581314879,1.1370790523460572e-05,2,2,1,1,1
700,0,13:45:03,2,0.0076124567474049,0.0,0.0081314878892733,0.0076124567474049,2.702622675141353e-05,0.0072664359861591,3.295881311147992e-06,0.0069204152249136,1.6479406555739956e-05,0.0065743944636678,1.977528786688795e-06,0.0062283737024222,4.4000015503825687e-05,0.0086505190311418,3.295881311147992e-06,0.0089965397923876,1.0052437999001376e-05,0.0093425605536332,7.415732950082981e-06,0.009688581314879,1.1370790523460572e-05,0.0100346020761246,1.4501877769051163e-05,1,1,1,1,1
701,0,13:45:06,2,0.0076124567474049,0.0,0.0083044982698963,0.0079584775086505,9.887643933443975e-07,0.0076124567474049,2.702622675141353e-05,0.0072664359861591,3.295881311147992e-06,0.0069204152249136,1.6479406555739956e-05,0.0065743944636678,1.977528786688795e-06,0.0086505190311418,3.295881311147992e-06,0.0089965397923876,1.0052437999001376e-05,0.0093425605536332,7.415732950082981e-06,0.009688581314879,1.1370790523460572e-05,0.0100346020761246,1.4501877769051163e-05,1,1,1,1,1
702,0,13:45:09,2,0.0086505190311418,20405.0,0.0083044982698963,0.0079584775086505,9.887643933443975e-07,0.0076124567474049,2.702622675141353e-05,0.0072664359861591,3.295881311147992e-06,0.0069204152249136,1.6479406555739956e-05,0.0065743944636678,1.977528786688795e-06,0.0086505190311418,2.1423228522461945e-06,0.0089965397923876,8.569291408984778e-06,0.0093425605536332,1.2359554916804967e-05,0.009688581314879,1.1370790523460572e-05,0.0100346020761246,1.4501877769051163e-05,1,1,1,1,1
703,0,13:45:12,2,0.0086505190311418,0.0,0.0083044982698963,0.0079584775086505,9.887643933443975e-07,0.0076124567474049,2.702622675141353e-05,0.0072664359861591,3.295881311147992e-06,0.0069204152249136,1.6479406555739956e-05,0.0065743944636678,1.977528786688795e-06,0.0086505190311418,3.131087245590592e-06,0.0089965397923876,8.569291408984778e-06,0.0093425605536332,1.2359554916804967e-05,0.009688581314879,1.1370790523460572e-05,0.0100346020761246,1.4501877769051163e-05,1,1,1,1,1
704,0,13:45:15,2,0.0086505190311418,0.0,0.0083044982698963,0.0079584775086505,9.887643933443975e-07,0.0076124567474049,2.702622675141353e-05,0.0072664359861591,3.295881311147992e-06,0.0069204152249136,1.6479406555739956e-05,0.0065743944636678,1.977528786688795e-06,0.0086505190311418,3.131087245590592e-06,0.0089965397923876,8.569291408984778e-06,0.0093425605536332,1.2359554916804967e-05,0.009688581314879,1.1370790523460572e-05,0.0100346020761246,1.4501877769051163e-05,1,0,1,1,1
705,0,13:45:18,2,0.0086505190311418,0.0,0.0083044982698963,0.0079584775086505,9.887643933443975e-07,0.0076124567474049,2.702622675141353e-05,0.0072664359861591,3.295881311147992e-06,0.0069204152249136,1.6479406555739956e-05,0.0065743944636678,1.4831465900165962e-06,0.0086505190311418,3.131087245590592e-06,0.0089965397923876,8.569291408984778e-06,0.0093425605536332,1.2359554916804967e-05,0.009688581314879,1.1370790523460572e-05,0.0100346020761246,1.4501877769051163e-05,1,0,1,1,1
706,0,13:45:21,2,0.0086505190311418,0.0,0.0083044982698963,0.0079584775086505,9.887643933443975e-07,0.0076124567474049,2.702622675141353e-05,0.0072664359861591,3.295881311147992e-06,0.0069204152249136,1.6479406555739956e-05,0.0065743944636678,1.4831465900165962e-06,0.0086505190311418,3.131087245590592e-06,0.0089965397923876,8.569291408984778e-06,0.0093425605536332,1.2359554916804967e-05,0.009688581314879,1.1370790523460572e-05,0.0100346020761246,1.4501877769051163e-05,1,1,1,1,1
707,0,13:45:24,2,0.0079584775086505,5826.0,0.0083044982698963,0.0079584775086505,6.591762622295983e-07,0.0076124567474049,2.702622675141353e-05,0.0072664359861591,3.295881311147992e-06,0.0069204152249136,1.6479406555739956e-05,0.0065743944636678,1.4831465900165962e-06,0.0086505190311418,3.131087245590592e-06,0.0089965397923876,1.2359554916804967e-05,0.0093425605536332,1.2359554916804967e-05,0.009688581314879,1.1370790523460572e-05,0.0100346020761246,1.4501877769051163e-05,1,0,1,1,1
708,0,13:45:27,2,0.0086505190311418,5830.0,0.0083044982698963,0.0079584775086505,6.591762622295983e-07,0.0076124567474049,2.702622675141353e-05,0.0072664359861591,3.295881311147992e-06,0.0069204152249136,1.6479406555739956e-05,0.0065743944636678,1.4831465900165962e-06,0.0086505190311418,2.801499114475793e-06,0.0089965397923876,1.2359554916804967e-05,0.0093425605536332,1.2359554916804967e-05,0.009688581314879,1.186517272013277e-05,0.0100346020761246,1.4501877769051163e-05,1,0,1,1,1
709,0,13:45:30,2,0.0086505190311418,0.0,0.0083044982698963,0.0079584775086505,6.591762622295983e-07,0.0076124567474049,2.702622675141353e-05,0.0072664359861591,3.295881311147992e-06,0.0069204152249136,1.6479406555739956e-05,0.0065743944636678,1.4831465900165962e-06,0.0086505190311418,2.801499114475793e-06,0.0089965397923876,1.2359554916804967e-05,0.0093425605536332,1.2359554916804967e-05,0.009688581314879,6.921350753410782e-06,0.0100346020761246,1.4501877769051163e-05,0,0,1,1,1
710,0,13:45:33,2,0.0086505190311418,2915.0,0.0083044982698963,0.0079584775086505,8.239703277869979e-07,0.0076124567474049,2.702622675141353e-05,0.0072664359861591,3.295881311147992e-06,0.0069204152249136,1.6479406555739956e-05,0.0065743944636678,1.4831465900165962e-06,0.0086505190311418,2.636705048918393e-06,0.0089965397923876,1.2359554916804967e-05,0.0093425605536332,1.2359554916804967e-05,0.009688581314879,6.921350753410782e-06,0.0100346020761246,1.4501877769051163e-05,0,0,1,1,1
711,0,13:45:36,2,0.0086505190311418,0.0,0.0083044982698963,0.0079584775086505,8.239703277869979e-07,0.0076124567474049,2.702622675141353e-05,0.0072664359861591,3.295881311147992e-06,0.0069204152249136,1.6479406555739956e-05,0.0065743944636678,1.4831465900165962e-06,0.0086505190311418,2.636705048918393e-06,0.0089965397923876,1.2359554916804967e-05,0.0093425605536332,1.2359554916804967e-05,0.009688581314879,6.921350753410782e-06,0.0100346020761246,1.4501877769051163e-05,1,0,1,1,1
712,0,13:45:39,2,0.0086505190311418,0.0,0.0083044982698963,0.0079584775086505,8.239703277869979e-07,0.0076124567474049,2.702622675141353e-05,0.0072664359861591,3.295881311147992e-06,0.0069204152249136,1.6479406555739956e-05,0.0065743944636678,1.4831465900165962e-06,0.0086505190311418,3.460675376705391e-06,0.0089965397923876,1.2359554916804967e-05,0.0093425605536332,1.2359554916804967e-05,0.009688581314879,6.921350753410782e-06,0.0100346020761246,1.4501877769051163e-05,0,1,1,1,1
713,0,13:45:42,2,0.0086505190311418,0.0,0.0083044982698963,0.0079584775086505,8.239703277869979e-07,0.0076124567474049,2.702622675141353e-05,0.0072664359861591,3.295881311147992e-06,0.0069204152249136,1.6479406555739956e-05,0.0065743944636678,1.4831465900165962e-06,0.0086505190311418,3.460675376705391e-06,0.0089965397923876,1.2359554916804967e-05,0.0093425605536332,1.2359554916804967e-05,0.009688581314879,6.921350753410782e-06,0.0100346020761246,1.4501877769051163e-05,0,0,1,1,1
714,0,13:45:45,2,0.0079584775086505,37873.0,0.0077854671280277,0.0076124567474049,2.702622675141353e-05,0.0072664359861591,3.295881311147992e-06,0.0069204152249136,1.6479406555739956e-05,0.0065743944636678,1.4831465900165962e-06,0.0062283737024222,4.4000015503825687e-05,0.0079584775086505,1.4831465900165962e-06,0.0086505190311418,4.779027901164588e-06,0.0089965397923876,1.2359554916804967e-05,0.0093425605536332,1.2359554916804967e-05,0.009688581314879,6.921350753410782e-06,1,1,1,1,1
715,0,13:45:48,2,0.0079584775086505,0.0,0.0077854671280277,0.0076124567474049,2.9168549603659725e-05,0.0072664359861591,3.295881311147992e-06,0.0069204152249136,1.6479406555739956e-05,0.0065743944636678,1.4831465900165962e-06,0.0062283737024222,4.4000015503825687e-05,0.0079584775086505,1.4831465900165962e-06,0.0086505190311418,4.779027901164588e-06,0.0089965397923876,1.2359554916804967e-05,0.0093425605536332,1.2359554916804967e-05,0.009688581314879,6.921350753410782e-06,1,1,1,1,1
716,0,13:45:51,2,0.0079584775086505,26217.0,0.0083044982698963,0.0079584775086505,4.943821966721988e-07,0.0076124567474049,2.9168549603659725e-05,0.0072664359861591,3.295881311147992e-06,0.0069204152249136,1.6479406555739956e-05,0.0065743944636678,1.4831465900165962e-06,0.0086505190311418,4.779027901164588e-06,0.0089965397923876,1.4007495572378964e-05,0.0093425605536332,1.2359554916804967e-05,0.009688581314879,6.921350753410782e-06,0.0100346020761246,1.4501877769051163e-05,0,0,1,1,1
717,0,13:45:54,2,0.0079584775086505,8739.0,0.0077854671280277,0.0076124567474049,2.9168549603659725e-05,0.0072664359861591,3.295881311147992e-06,0.0069204152249136,1.6479406555739956e-05,0.0065743944636678,1.4831465900165962e-06,0.0062283737024222,4.4000015503825687e-05,0.0079584775086505,1.3183525244591966e-06,0.0086505190311418,4.779027901164588e-06,0.0089965397923876,1.4007495572378964e-05,0.0093425605536332,1.2359554916804967e-05,0.009688581314879,6.921350753410782e-06,2,1,1,1,1
718,0,13:45:57,2,0.0079584775086505,0.0,0.0077854671280277,0.0076124567474049,2.9168549603659725e-05,0.0072664359861591,3.295881311147992e-06,0.0069204152249136,1.6479406555739956e-05,0.0065743944636678,1.4831465900165962e-06,0.0062283737024222,4.4000015503825687e-05,0.0079584775086505,1.3183525244591966e-06,0.0086505190311418,4.779027901164588e-06,0.0089965397923876,1.4007495572378964e-05,0.0093425605536332,1.2359554916804967e-05,0.009688581314879,6.921350753410782e-06,1,1,1,1,1
719,0,13:46:00,2,0.0079584775086505,0.0,0.0077854671280277,0.0076124567474049,2.9168549603659725e-05,0.0072664359861591,3.295881311147992e-06,0.0069204152249136,1.6479406555739956e-05,0.0065743944636678,1.4831465900165962e-06,0.0062283737024222,4.4000015503825687e-05,0.0079584775086505,1.3183525244591966e-06,0.0086505190311418,5.767792294508985e-06,0.0089965397923876,1.4007495572378964e-05,0.0093425605536332,1.2689143047919769e-05,0.009688581314879,6.921350753410782e-06,1,1,1,1,1
720,0,13:46:03,2,0.0079584775086505,0.0,0.0077854671280277,0.0076124567474049,2.9168549603659725e-05,0.0072664359861591,3.295881311147992e-06,0.0069204152249136,1.6479406555739956e-05,0.0065743944636678,1.4831465900165962e-06,0.0062283737024222,4.4000015503825687e-05,0.0079584775086505,1.3183525244591966e-06,0.0086505190311418,5.767792294508985e-06,0.0089965397923876,1.4007495572378964e-05,0.0093425605536332,1.2689143047919769e-05,0.009688581314879,6.921350753410782e-06,1,1,1,1,1
721,0,13:46:06,2,0.0079584775086505,0.0,0.0077854671280277,0.0076124567474049,2.9168549603659725e-05,0.0072664359861591,3.295881311147992e-06,0.0069204152249136,1.6479406555739956e-05,0.0065743944636678,1.4831465900165962e-06,0.0062283737024222,4.4000015503825687e-05,0.0079584775086505,1.8127347211313956e-06,0.0086505190311418,5.767792294508985e-06,0.0089965397923876,1.4007495572378964e-05,0.0093425605536332,1.2689143047919769e-05,0.009688581314879,6.921350753410782e-06,1,1,1,1,1
722,0,13:46:09,2,0.0079584775086505,32043.0,0.0083044982698963,0.0079584775086505,1.1535584589017972e-06,0.0076124567474049,2.9168549603659725e-05,0.0072664359861591,3.295881311147992e-06,0.0069204152249136,1.6479406555739956e-05,0.0065743944636678,1.4831465900165962e-06,0.0086505190311418,5.767792294508985e-06,0.0089965397923876,1.4007495572378964e-05,0.0093425605536332,1.2689143047919769e-05,0.009688581314879,6.921350753410782e-06,0.0100346020761246,1.4501877769051163e-05,0,0,1,1,1
723,0,13:46:12,2,0.0076124567474049,535815.0,0.0074394463667821,0.0072664359861591,3.295881311147992e-06,0.0069204152249136,1.6479406555739956e-05,0.0065743944636678,1.4831465900165962e-06,0.0062283737024222,4.4000015503825687e-05,0.0058823529411764,3.295881311147992e-07,0.0076124567474049,1.3183525244591968e-05,0.0086505190311418,5.767792294508985e-06,0.0089965397923876,1.4007495572378964e-05,0.0093425605536332,1.2689143047919769e-05,0.009688581314879,6.921350753410782e-06,1,1,1,1,1
724,0,13:46:15,2,0.0076124567474049,0.0,0.0074394463667821,0.0072664359861591,3.295881311147992e-06,0.0069204152249136,1.6479406555739956e-05,0.0065743944636678,1.4831465900165962e-06,0.0062283737024222,4.4000015503825687e-05,0.0058823529411764,3.295881311147992e-07,0.0076124567474049,1.3183525244591968e-05,0.0086505190311418,5.767792294508985e-06,0.0089965397923876,1.4007495572378964e-05,0.0093425605536332,1.2689143047919769e-05,0.009688581314879,6.921350753410782e-06,1,1,1,1,1
725,0,13:46:18,2,0.0076124567474049,14560.0,0.0074394463667821,0.0072664359861591,3.295881311147992e-06,0.0069204152249136,1.6479406555739956e-05,0.0065743944636678,1.4831465900165962e-06,0.0062283737024222,4.4000015503825687e-05,0.0058823529411764,3.295881311147992e-07,0.0076124567474049,1.2359554916804967e-05,0.0079584775086505,1.6479406555739956e-05,0.0086505190311418,5.767792294508985e-06,0.0089965397923876,1.4007495572378964e-05,0.0093425605536332,1.2689143047919769e-05,1,1,1,2,1
726,0,13:46:21,2,0.0076124567474049,0.0,0.0074394463667821,0.0072664359861591,3.295881311147992e-06,0.0069204152249136,1.6479406555739956e-05,0.0065743944636678,1.4831465900165962e-06,0.0062283737024222,4.4000015503825687e-05,0.0058823529411764,3.295881311147992e-07,0.0076124567474049,1.2359554916804967e-05,0.0079584775086505,1.6479406555739956e-05,0.0086505190311418,5.767792294508985e-06,0.0089965397923876,1.4007495572378964e-05,0.0093425605536332,1.2689143047919769e-05,1,1,1,2,1
727,0,13:46:24,2,0.0072664359861591,61133.0,0.0074394463667821,0.0072664359861591,1.6479406555739957e-07,0.0069204152249136,1.6479406555739956e-05,0.0065743944636678,1.4831465900165962e-06,0.0062283737024222,4.4000015503825687e-05,0.0058823529411764,3.295881311147992e-07,0.0076124567474049,1.202996678569017e-05,0.0079584775086505,1.6479406555739956e-05,0.0083044982698963,1.6479406555739958e-06,0.0086505190311418,5.767792294508985e-06,0.0089965397923876,1.4007495572378964e-05,1,1,1,1,1
728,0,13:46:27,2,0.0076124567474049,5824.0,0.0074394463667821,0.0072664359861591,1.6479406555739957e-07,0.0069204152249136,1.6479406555739956e-05,0.0065743944636678,1.4831465900165962e-06,0.0062283737024222,4.4000015503825687e-05,0.0058823529411764,3.295881311147992e-07,0.0076124567474049,1.170037865457537e-05,0.0079584775086505,1.6479406555739956e-05,0.0083044982698963,1.6479406555739958e-06,0.0086505190311418,5.767792294508985e-06,0.0089965397923876,1.4007495572378964e-05,1,1,1,1,1
729,0,13:46:30,2,0.0076124567474049,23296.0,0.0074394463667821,0.0072664359861591,1.6479406555739957e-07,0.0069204152249136,1.6479406555739956e-05,0.0065743944636678,1.4831465900165962e-06,0.0062283737024222,4.4000015503825687e-05,0.0058823529411764,3.295881311147992e-07,0.0076124567474049,1.0382026130116173e-05,0.0079584775086505,1.6479406555739956e-05,0.0083044982698963,1.6479406555739958e-06,0.0086505190311418,5.767792294508985e-06,0.0089965397923876,1.4007495572378964e-05,1,1,1,1,1
730,0,13:46:33,2,0.0072664359861591,5822.0,0.0074394463667821,0.0072664359861591,3.279401904592252e-05,0.0069204152249136,1.6479406555739956e-05,0.0065743944636678,1.4831465900165962e-06,0.0062283737024222,4.4000015503825687e-05,0.0058823529411764,3.295881311147992e-07,0.0076124567474049,1.0382026130116173e-05,0.0079584775086505,1.6479406555739956e-05,0.0083044982698963,1.6479406555739958e-06,0.0086505190311418,5.767792294508985e-06,0.0089965397923876,1.3842701506821564e-05,1,1,1,1,1
731,0,13:46:36,2,0.0072664359861591,0.0,0.0074394463667821,0.0072664359861591,3.279401904592252e-05,0.0069204152249136,1.6479406555739956e-05,0.0065743944636678,1.4831465900165962e-06,0.0062283737024222,4.4000015503825687e-05,0.0058823529411764,3.295881311147992e-07,0.0076124567474049,1.0382026130116173e-05,0.0079584775086505,1.6479406555739956e-05,0.0083044982698963,1.6479406555739958e-06,0.0086505190311418,5.767792294508985e-06,0.0089965397923876,1.3842701506821564e-05,1,1,1,1,1
732,0,13:46:39,2,0.0072664359861591,0.0,0.0074394463667821,0.0072664359861591,3.279401904592252e-05,0.0069204152249136,1.6479406555739956e-05,0.0065743944636678,1.4831465900165962e-06,0.0062283737024222,4.4000015503825687e-05,0.0058823529411764,3.295881311147992e-07,0.0076124567474049,1.0382026130116173e-05,0.0079584775086505,1.6479406555739956e-05,0.0083044982698963,1.6479406555739958e-06,0.0086505190311418,5.767792294508985e-06,0.0089965397923876,1.3842701506821564e-05,1,1,1,1,1
733,0,13:46:42,2,0.0072664359861591,29110.0,0.0074394463667821,0.0072664359861591,3.114607839034852e-05,0.0069204152249136,1.6479406555739956e-05,0.0065743944636678,1.4831465900165962e-06,0.0062283737024222,4.4000015503825687e-05,0.0058823529411764,3.295881311147992e-07,0.0076124567474049,1.0382026130116173e-05,0.0079584775086505,1.6479406555739956e-05,0.0083044982698963,1.6479406555739958e-06,0.0086505190311418,5.767792294508985e-06,0.0089965397923876,1.3842701506821564e-05,1,1,1,1,1
734,0,13:46:45,2,0.0076124567474049,5824.0,0.0076124567474047,0.0072664359861591,3.114607839034852e-05,0.0069204152249136,1.6479406555739956e-05,0.0065743944636678,1.4831465900165962e-06,0.0062283737024222,4.4000015503825687e-05,0.0058823529411764,3.295881311147992e-07,0.0079584775086505,1.6479406555739956e-05,0.0083044982698963,1.6479406555739958e-06,0.0086505190311418,5.767792294508985e-06,0.0089965397923876,1.3842701506821564e-05,0.0093425605536332,1.186517272013277e-05,1,1,1,1,1
735,0,13:46:48,2,0.0072664359861591,2911.0,0.0076124567474047,0.0072664359861591,3.114607839034852e-05,0.0069204152249136,1.6479406555739956e-05,0.0065743944636678,1.4831465900165962e-06,0.0062283737024222,4.4000015503825687e-05,0.0058823529411764,3.295881311147992e-07,0.0079584775086505,1.6479406555739956e-05,0.0083044982698963,1.6479406555739958e-06,0.0086505190311418,5.767792294508985e-06,0.0089965397923876,1.3842701506821564e-05,0.0093425605536332,1.186517272013277e-05,1,1,1,1,1
736,0,13:46:51,2,0.0072664359861591,0.0,0.0076124567474047,0.0072664359861591,3.114607839034852e-05,0.0069204152249136,1.6479406555739956e-05,0.0065743944636678,1.4831465900165962e-06,0.0062283737024222,4.4000015503825687e-05,0.0058823529411764,3.295881311147992e-07,0.0079584775086505,1.6479406555739956e-05,0.0083044982698963,1.6479406555739958e-06,0.0086505190311418,5.767792294508985e-06,0.0089965397923876,1.4007495572378964e-05,0.0093425605536332,1.186517272013277e-05,1,1,1,1,1
737,0,13:46:54,2,0.0076124567474049,2912.0,0.0076124567474047,0.0072664359861591,3.114607839034852e-05,0.0069204152249136,1.6479406555739956e-05,0.0065743944636678,1.4831465900165962e-06,0.0062283737024222,4.4000015503825687e-05,0.0058823529411764,3.295881311147992e-07,0.0079584775086505,1.6644200621297358e-05,0.0083044982698963,1.6479406555739958e-06,0.0086505190311418,5.767792294508985e-06,0.0089965397923876,1.4007495572378964e-05,0.0093425605536332,1.186517272013277e-05,1,1,1,1,1
738,0,13:46:57,2,0.0072664359861591,5822.0,0.0076124567474047,0.0072664359861591,3.081649025923372e-05,0.0069204152249136,1.6479406555739956e-05,0.0065743944636678,1.4831465900165962e-06,0.0062283737024222,4.4000015503825687e-05,0.0058823529411764,3.295881311147992e-07,0.0079584775086505,1.6644200621297358e-05,0.0083044982698963,1.6479406555739958e-06,0.0086505190311418,5.767792294508985e-06,0.0089965397923876,1.4007495572378964e-05,0.0093425605536332,1.186517272013277e-05,1,1,1,1,1
739,0,13:47:00,2,0.0072664359861591,0.0,0.0076124567474047,0.0072664359861591,3.081649025923372e-05,0.0069204152249136,1.6479406555739956e-05,0.0065743944636678,1.4831465900165962e-06,0.0062283737024222,4.4000015503825687e-05,0.0058823529411764,3.295881311147992e-07,0.0079584775086505,1.6644200621297358e-05,0.0083044982698963,1.6479406555739958e-06,0.0086505190311418,5.767792294508985e-06,0.0089965397923876,1.4007495572378964e-05,0.0093425605536332,1.186517272013277e-05,1,1,1,1,1
740,0,13:47:03,2,0.0072664359861591,0.0,0.0076124567474047,0.0072664359861591,3.081649025923372e-05,0.0069204152249136,1.6479406555739956e-05,0.0065743944636678,1.4831465900165962e-06,0.0062283737024222,4.4000015503825687e-05,0.0058823529411764,3.295881311147992e-07,0.0079584775086505,1.6644200621297358e-05,0.0083044982698963,1.6479406555739958e-06,0.0086505190311418,5.767792294508985e-06,0.0089965397923876,1.4007495572378964e-05,0.0093425605536332,1.186517272013277e-05,1,1,1,1,1
741,0,13:47:06,2,0.0072664359861591,0.0,0.0076124567474047,0.0072664359861591,3.081649025923372e-05,0.0069204152249136,1.6479406555739956e-05,0.0065743944636678,1.4831465900165962e-06,0.0062283737024222,4.4000015503825687e-05,0.0058823529411764,3.295881311147992e-07,0.0079584775086505,1.6644200621297358e-05,0.0083044982698963,1.6479406555739958e-06,0.0086505190311418,5.767792294508985e-06,0.0089965397923876,1.4007495572378964e-05,0.0093425605536332,1.186517272013277e-05,1,1,1,1,1
742,0,13:47:09,2,0.0072664359861591,291100.0,0.0076124567474047,0.0072664359861591,1.4337083703493764e-05,0.0069204152249136,1.6479406555739956e-05,0.0065743944636678,1.4831465900165962e-06,0.0062283737024222,4.4000015503825687e-05,0.0058823529411764,3.295881311147992e-07,0.0079584775086505,1.6644200621297358e-05,0.0083044982698963,1.6479406555739958e-06,0.0086505190311418,1.499625996572336e-05,0.0089965397923876,1.4007495572378964e-05,0.0093425605536332,1.186517272013277e-05,1,1,1,1,1
743,0,13:47:12,2,0.0079584775086505,5826.0,0.0076124567474047,0.0072664359861591,1.4337083703493764e-05,0.0069204152249136,1.6479406555739956e-05,0.0065743944636678,1.4831465900165962e-06,0.0062283737024222,4.4000015503825687e-05,0.0058823529411764,3.295881311147992e-07,0.0079584775086505,1.6314612490182558e-05,0.0083044982698963,1.6479406555739958e-06,0.0086505190311418,1.499625996572336e-05,0.0089965397923876,1.4007495572378964e-05,0.0093425605536332,1.186517272013277e-05,1,2,1,1,1
744,0,13:47:15,2,0.0079584775086505,0.0,0.0076124567474047,0.0072664359861591,1.598502435906776e-05,0.0069204152249136,1.6479406555739956e-05,0.0065743944636678,1.4831465900165962e-06,0.0062283737024222,4.4000015503825687e-05,0.0058823529411764,3.295881311147992e-07,0.0079584775086505,1.6314612490182558e-05,0.0083044982698963,1.6479406555739958e-06,0.0086505190311418,1.499625996572336e-05,0.0089965397923876,1.4007495572378964e-05,0.0093425605536332,1.186517272013277e-05,1,2,1,1,1
745,0,13:47:18,2,0.0079584775086505,0.0,0.0076124567474047,0.0072664359861591,4.894383747054768e-05,0.0069204152249136,1.6479406555739956e-05,0.0065743944636678,1.4831465900165962e-06,0.0062283737024222,4.4000015503825687e-05,0.0058823529411764,3.295881311147992e-07,0.0079584775086505,1.6314612490182558e-05,0.0083044982698963,1.6479406555739958e-06,0.0086505190311418,1.499625996572336e-05,0.0089965397923876,1.4007495572378964e-05,0.0093425605536332,1.186517272013277e-05,1,2,1,1,1
746,0,13:47:21,2,0.0072664359861591,17466.0,0.0076124567474047,0.0072664359861591,4.795507307720328e-05,0.0069204152249136,1.6479406555739956e-05,0.0065743944636678,1.4831465900165962e-06,0.0062283737024222,4.4000015503825687e-05,0.0058823529411764,3.295881311147992e-07,0.0079584775086505,1.6314612490182558e-05,0.0083044982698963,1.6479406555739958e-06,0.0086505190311418,1.499625996572336e-05,0.0089965397923876,1.4007495572378964e-05,0.0093425605536332,1.186517272013277e-05,1,2,1,1,1
747,0,13:47:24,2,0.0072664359861591,0.0,0.0076124567474047,0.0072664359861591,4.779027901164588e-05,0.0069204152249136,1.6479406555739956e-05,0.0065743944636678,1.4831465900165962e-06,0.0062283737024222,4.4000015503825687e-05,0.0058823529411764,3.295881311147992e-07,0.0079584775086505,1.6314612490182558e-05,0.0083044982698963,1.6479406555739958e-06,0.0086505190311418,1.4007495572378964e-05,0.0089965397923876,1.4007495572378964e-05,0.0093425605536332,1.186517272013277e-05,1,2,1,1,1
748,0,13:47:27,2,0.0072664359861591,29110.0,0.0076124567474047,0.0072664359861591,4.614233835607188e-05,0.0069204152249136,1.6479406555739956e-05,0.0065743944636678,1.4831465900165962e-06,0.0062283737024222,4.4000015503825687e-05,0.0058823529411764,3.295881311147992e-07,0.0079584775086505,1.6314612490182558e-05,0.0083044982698963,1.6479406555739958e-06,0.0086505190311418,1.4007495572378964e-05,0.0089965397923876,1.4007495572378964e-05,0.0093425605536332,1.186517272013277e-05,2,2,1,1,1
749,0,13:47:30,2,0.0072664359861591,0.0,0.0076124567474047,0.0072664359861591,4.614233835607188e-05,0.0069204152249136,1.6479406555739956e-05,0.0065743944636678,1.4831465900165962e-06,0.0062283737024222,4.4000015503825687e-05,0.0058823529411764,3.295881311147992e-07,0.0079584775086505,1.6314612490182558e-05,0.0083044982698963,1.6479406555739958e-06,0.0086505190311418,1.4007495572378964e-05,0.0089965397923876,1.4007495572378964e-05,0.0093425605536332,1.186517272013277e-05,2,1,1,1,1
750,0,13:47:33,2,0.0079584775086505,20381.0,0.0076124567474047,0.0072664359861591,4.5318368028284885e-05,0.0069204152249136,1.6479406555739956e-05,0.0065743944636678,1.4831465900165962e-06,0.0062283737024222,4.4000015503825687e-05,0.0058823529411764,3.295881311147992e-07,0.0079584775086505,1.614981842462516e-05,0.0083044982698963,1.6479406555739958e-06,0.0086505190311418,1.4007495572378964e-05,0.0089965397923876,1.4007495572378964e-05,0.0093425605536332,1.186517272013277e-05,2,1,1,1,1
751,0,13:47:36,2,0.0072664359861591,14555.0,0.0076124567474047,0.0072664359861591,4.284645704492389e-05,0.0069204152249136,1.6479406555739956e-05,0.0065743944636678,1.4831465900165962e-06,0.0062283737024222,4.4000015503825687e-05,0.0058823529411764,3.295881311147992e-07,0.0079584775086505,1.614981842462516e-05,0.0083044982698963,1.6479406555739958e-06,0.0086505190311418,1.4007495572378964e-05,0.0089965397923876,1.4007495572378964e-05,0.0093425605536332,1.186517272013277e-05,2,1,1,1,1
752,0,13:47:39,2,0.0072664359861591,0.0,0.0076124567474047,0.0072664359861591,4.284645704492389e-05,0.0069204152249136,1.6479406555739956e-05,0.0065743944636678,1.4831465900165962e-06,0.0062283737024222,4.4000015503825687e-05,0.0058823529411764,3.295881311147992e-07,0.0079584775086505,1.6973788752412158e-05,0.0083044982698963,1.6479406555739958e-06,0.0086505190311418,1.4007495572378964e-05,0.0089965397923876,1.4007495572378964e-05,0.0093425605536332,1.186517272013277e-05,2,1,1,1,1
753,0,13:47:42,2,0.0079584775086505,300039.0,0.0081314878892733,0.0079584775086505,9.558055802329175e-06,0.0072664359861591,4.284645704492389e-05,0.0069204152249136,1.6479406555739956e-05,0.0065743944636678,1.4831465900165962e-06,0.0062283737024222,4.4000015503825687e-05,0.0083044982698963,1.6479406555739958e-06,0.0086505190311418,1.4007495572378964e-05,0.0089965397923876,1.4007495572378964e-05,0.0093425605536332,1.186517272013277e-05,0.009688581314879,6.921350753410782e-06,1,1,1,1,0
754,0,13:47:45,2,0.0079584775086505,0.0,0.0081314878892733,0.0079584775086505,9.558055802329175e-06,0.0072664359861591,4.350563330715349e-05,0.0069204152249136,1.6479406555739956e-05,0.0065743944636678,1.4831465900165962e-06,0.0062283737024222,4.4000015503825687e-05,0.0083044982698963,1.6479406555739958e-06,0.0086505190311418,1.4007495572378964e-05,0.0089965397923876,1.4007495572378964e-05,0.0093425605536332,1.186517272013277e-05,0.009688581314879,6.921350753410782e-06,1,1,1,1,0
755,0,13:47:48,2,0.0083044982698963,43697.0,0.0081314878892733,0.0079584775086505,7.415732950082981e-06,0.0072664359861591,4.350563330715349e-05,0.0069204152249136,1.6479406555739956e-05,0.0065743944636678,1.4831465900165962e-06,0.0062283737024222,4.4000015503825687e-05,0.0083044982698963,1.3183525244591966e-06,0.0086505190311418,1.4007495572378964e-05,0.0089965397923876,1.4007495572378964e-05,0.0093425605536332,1.186517272013277e-05,0.009688581314879,6.921350753410782e-06,1,1,1,1,0
756,0,13:47:51,2,0.0079584775086505,49521.0,0.0081314878892733,0.0079584775086505,4.614233835607189e-06,0.0072664359861591,4.350563330715349e-05,0.0069204152249136,1.6479406555739956e-05,0.0065743944636678,1.4831465900165962e-06,0.0062283737024222,4.4000015503825687e-05,0.0083044982698963,1.3183525244591966e-06,0.0086505190311418,1.4007495572378964e-05,0.0089965397923876,1.4007495572378964e-05,0.0093425605536332,1.186517272013277e-05,0.009688581314879,6.921350753410782e-06,1,1,1,1,0
757,0,13:47:54,2,0.0079584775086505,0.0,0.0081314878892733,0.0079584775086505,4.614233835607189e-06,0.0072664359861591,4.350563330715349e-05,0.0069204152249136,1.6644200621297358e-05,0.0065743944636678,1.4831465900165962e-06,0.0062283737024222,4.4000015503825687e-05,0.0083044982698963,1.3183525244591966e-06,0.0086505190311418,1.4007495572378964e-05,0.0089965397923876,1.4007495572378964e-05,0.0093425605536332,1.186517272013277e-05,0.009688581314879,6.921350753410782e-06,1,1,1,1,0
758,0,13:47:57,2,0.0079584775086505,0.0,0.0081314878892733,0.0079584775086505,5.932586360066385e-06,0.0072664359861591,4.350563330715349e-05,0.0069204152249136,1.6644200621297358e-05,0.0065743944636678,1.4831465900165962e-06,0.0062283737024222,4.4000015503825687e-05,0.0083044982698963,1.4831465900165962e-06,0.0086505190311418,1.4007495572378964e-05,0.0089965397923876,1.4007495572378964e-05,0.0093425605536332,1.186517272013277e-05,0.009688581314879,6.921350753410782e-06,1,1,1,1,0
759,0,13:48:00,2,0.0072664359861591,291172.0,0.0077854671280277,0.0072664359861591,3.295881311147991e-05,0.0069204152249136,1.6644200621297358e-05,0.0065743944636678,1.4831465900165962e-06,0.0062283737024222,4.4000015503825687e-05,0.0058823529411764,3.295881311147992e-07,0.0083044982698963,1.4831465900165962e-06,0.0086505190311418,1.4007495572378964e-05,0.0089965397923876,1.4007495572378964e-05,0.0093425605536332,1.186517272013277e-05,0.009688581314879,6.921350753410782e-06,1,1,1,1,1
760,0,13:48:03,2,0.0072664359861591,0.0,0.0077854671280277,0.0072664359861591,3.295881311147991e-05,0.0069204152249136,1.6644200621297358e-05,0.0065743944636678,1.4831465900165962e-06,0.0062283737024222,4.4000015503825687e-05,0.0058823529411764,3.295881311147992e-07,0.0083044982698963,1.4831465900165962e-06,0.0086505190311418,1.483146590016596e-05,0.0089965397923876,1.4007495572378964e-05,0.0093425605536332,1.186517272013277e-05,0.009688581314879,6.921350753410782e-06,2,1,1,1,1
761,0,13:48:06,2,0.0072664359861591,0.0,0.0077854671280277,0.0072664359861591,3.295881311147991e-05,0.0069204152249136,1.6644200621297358e-05,0.0065743944636678,1.4831465900165962e-06,0.0062283737024222,4.4000015503825687e-05,0.0058823529411764,3.295881311147992e-07,0.0083044982698963,1.4831465900165962e-06,0.0086505190311418,1.483146590016596e-05,0.0089965397923876,1.4007495572378964e-05,0.0093425605536332,1.186517272013277e-05,0.009688581314879,6.921350753410782e-06,2,1,1,1,1
762,0,13:48:09,2,0.0072664359861591,0.0,0.0077854671280277,0.0072664359861591,3.295881311147991e-05,0.0069204152249136,1.6644200621297358e-05,0.0065743944636678,1.4831465900165962e-06,0.0062283737024222,4.4000015503825687e-05,0.0058823529411764,3.295881311147992e-07,0.0083044982698963,1.8127347211313956e-06,0.0086505190311418,1.483146590016596e-05,0.0089965397923876,1.4007495572378964e-05,0.0093425605536332,1.186517272013277e-05,0.009688581314879,6.921350753410782e-06,1,1,1,1,1
763,0,13:48:12,2,0.0083044982698963,20398.0,0.0077854671280277,0.0072664359861591,3.295881311147991e-05,0.0069204152249136,1.6644200621297358e-05,0.0065743944636678,1.4831465900165962e-06,0.0062283737024222,4.4000015503825687e-05,0.0058823529411764,3.295881311147992e-07,0.0083044982698963,6.591762622295983e-07,0.0086505190311418,1.499625996572336e-05,0.0089965397923876,1.4007495572378964e-05,0.0093425605536332,1.186517272013277e-05,0.009688581314879,6.921350753410782e-06,1,1,1,1,1
764,0,13:48:15,2,0.0083044982698963,0.0,0.0077854671280277,0.0072664359861591,3.295881311147991e-05,0.0069204152249136,1.6644200621297358e-05,0.0065743944636678,1.4831465900165962e-06,0.0062283737024222,4.4000015503825687e-05,0.0058823529411764,3.295881311147992e-07,0.0083044982698963,6.591762622295983e-07,0.0086505190311418,1.499625996572336e-05,0.0089965397923876,1.4007495572378964e-05,0.0093425605536332,1.186517272013277e-05,0.009688581314879,6.921350753410782e-06,1,1,1,1,1
765,0,13:48:18,2,0.0083044982698963,11656.0,0.0084775086505191,0.0083044982698963,1.6479406555739957e-07,0.0072664359861591,3.295881311147991e-05,0.0069204152249136,1.6644200621297358e-05,0.0065743944636678,1.4831465900165962e-06,0.0062283737024222,4.4000015503825687e-05,0.0086505190311418,1.499625996572336e-05,0.0089965397923876,1.4007495572378964e-05,0.0093425605536332,1.186517272013277e-05,0.009688581314879,6.921350753410782e-06,0.0100346020761246,1.3348319310149366e-05,0,0,1,0,0
766,0,13:48:21,2,0.0083044982698963,0.0,0.0084775086505191,0.0083044982698963,1.6479406555739957e-07,0.0072664359861591,3.559551816039831e-05,0.0069204152249136,1.6644200621297358e-05,0.0065743944636678,1.4831465900165962e-06,0.0062283737024222,4.4000015503825687e-05,0.0086505190311418,1.499625996572336e-05,0.0089965397923876,1.4007495572378964e-05,0.0093425605536332,1.186517272013277e-05,0.009688581314879,6.921350753410782e-06,0.0100346020761246,1.3348319310149366e-05,0,0,1,1,0
767,0,13:48:24,2,0.0072664359861591,294014.0,0.0077854671280277,0.0072664359861591,1.911611160465835e-05,0.0069204152249136,1.6644200621297358e-05,0.0065743944636678,1.4831465900165962e-06,0.0062283737024222,4.4000015503825687e-05,0.0058823529411764,3.295881311147992e-07,0.0083044982698963,3.131087245590592e-06,0.0086505190311418,1.499625996572336e-05,0.0089965397923876,1.4007495572378964e-05,0.0093425605536332,1.186517272013277e-05,0.009688581314879,6.921350753410782e-06,1,1,1,1,1
768,0,13:48:27,2,0.0072664359861591,0.0,0.0077854671280277,0.0072664359861591,1.911611160465835e-05,0.0069204152249136,1.6644200621297358e-05,0.0065743944636678,1.4831465900165962e-06,0.0062283737024222,4.4000015503825687e-05,0.0058823529411764,3.295881311147992e-07,0.0083044982698963,3.131087245590592e-06,0.0086505190311418,1.499625996572336e-05,0.0089965397923876,1.4007495572378964e-05,0.0093425605536332,1.186517272013277e-05,0.009688581314879,6.921350753410782e-06,1,1,1,1,1
769,0,13:48:30,2,0.0072664359861591,0.0,0.0077854671280277,0.0072664359861591,1.911611160465835e-05,0.0069204152249136,1.6644200621297358e-05,0.0065743944636678,1.4831465900165962e-06,0.0062283737024222,4.4000015503825687e-05,0.0058823529411764,3.295881311147992e-07,0.0083044982698963,3.131087245590592e-06,0.0086505190311418,1.499625996572336e-05,0.0089965397923876,1.4007495572378964e-05,0.0093425605536332,1.186517272013277e-05,0.009688581314879,6.921350753410782e-06,1,1,1,1,1
770,0,13:48:33,2,0.0072664359861591,0.0,0.0077854671280277,0.0072664359861591,1.911611160465835e-05,0.0069204152249136,1.6644200621297358e-05,0.0065743944636678,1.4831465900165962e-06,0.0062283737024222,4.4000015503825687e-05,0.0058823529411764,3.295881311147992e-07,0.0083044982698963,3.7902635078201903e-06,0.0086505190311418,1.499625996572336e-05,0.0089965397923876,1.4007495572378964e-05,0.0093425605536332,1.186517272013277e-05,0.009688581314879,6.921350753410782e-06,1,1,1,1,1
771,0,13:48:36,2,0.0072664359861591,8733.0,0.0077854671280277,0.0072664359861591,5.158054251946607e-05,0.0069204152249136,1.6644200621297358e-05,0.0065743944636678,1.4831465900165962e-06,0.0062283737024222,4.4000015503825687e-05,0.0058823529411764,3.295881311147992e-07,0.0083044982698963,3.7902635078201903e-06,0.0086505190311418,1.499625996572336e-05,0.0089965397923876,1.4007495572378964e-05,0.0093425605536332,1.186517272013277e-05,0.009688581314879,6.921350753410782e-06,1,1,1,1,1
772,0,13:48:39,2,0.0072664359861591,0.0,0.0077854671280277,0.0072664359861591,5.2569306912810464e-05,0.0069204152249136,1.6644200621297358e-05,0.0065743944636678,1.4831465900165962e-06,0.0062283737024222,4.4000015503825687e-05,0.0058823529411764,3.295881311147992e-07,0.0083044982698963,3.7902635078201903e-06,0.0086505190311418,1.499625996572336e-05,0.0089965397923876,1.4007495572378964e-05,0.0093425605536332,1.186517272013277e-05,0.009688581314879,6.921350753410782e-06,1,1,1,1,1
773,0,13:48:42,2,0.0072664359861591,0.0,0.0079584775086507,0.0076124567474049,4.943821966721988e-07,0.0072664359861591,5.2569306912810464e-05,0.0069204152249136,1.6644200621297358e-05,0.0065743944636678,1.4831465900165962e-06,0.0062283737024222,4.4000015503825687e-05,0.0083044982698963,3.7902635078201903e-06,0.0086505190311418,1.499625996572336e-05,0.0089965397923876,1.4007495572378964e-05,0.0093425605536332,1.186517272013277e-05,0.009688581314879,6.921350753410782e-06,1,1,1,1,1
774,0,13:48:45,2,0.0072664359861591,0.0,0.0079584775086507,0.0076124567474049,4.943821966721988e-07,0.0072664359861591,5.2569306912810464e-05,0.0069204152249136,1.6644200621297358e-05,0.0065743944636678,1.4831465900165962e-06,0.0062283737024222,4.4000015503825687e-05,0.0083044982698963,5.438204163394186e-06,0.0086505190311418,1.499625996572336e-05,0.0089965397923876,1.4007495572378964e-05,0.0093425605536332,1.186517272013277e-05,0.009688581314879,6.921350753410782e-06,1,1,1,1,1
775,0,13:48:48,2,0.0072664359861591,0.0,0.0079584775086507,0.0076124567474049,4.943821966721988e-07,0.0072664359861591,5.2569306912810464e-05,0.0069204152249136,1.6644200621297358e-05,0.0065743944636678,1.4831465900165962e-06,0.0062283737024222,4.4000015503825687e-05,0.0083044982698963,5.438204163394186e-06,0.0086505190311418,1.499625996572336e-05,0.0089965397923876,1.4007495572378964e-05,0.0093425605536332,1.186517272013277e-05,0.009688581314879,6.921350753410782e-06,1,1,1,1,1
776,0,13:48:51,2,0.0083044982698963,8742.0,0.0079584775086507,0.0076124567474049,4.943821966721988e-07,0.0072664359861591,5.2569306912810464e-05,0.0069204152249136,1.6644200621297358e-05,0.0065743944636678,1.4831465900165962e-06,0.0062283737024222,4.4000015503825687e-05,0.0083044982698963,4.9438219667219874e-06,0.0086505190311418,1.499625996572336e-05,0.0089965397923876,1.4007495572378964e-05,0.0093425605536332,1.186517272013277e-05,0.009688581314879,6.921350753410782e-06,1,1,1,1,1
777,0,13:48:54,2,0.0083044982698963,0.0,0.0077854671280277,0.0076124567474049,4.943821966721988e-07,0.0072664359861591,5.2569306912810464e-05,0.0069204152249136,1.6644200621297358e-05,0.0065743944636678,1.4831465900165962e-06,0.0062283737024222,4.4000015503825687e-05,0.0079584775086505,8.569291408984778e-06,0.0083044982698963,4.9438219667219874e-06,0.0086505190311418,1.499625996572336e-05,0.0089965397923876,1.4007495572378964e-05,0.0093425605536332,1.186517272013277e-05,1,1,1,1,1
778,0,13:48:57,2,0.0072664359861591,23291.0,0.0076124567474047,0.0072664359861591,5.174533658502347e-05,0.0069204152249136,1.6644200621297358e-05,0.0065743944636678,1.4831465900165962e-06,0.0062283737024222,4.4000015503825687e-05,0.0058823529411764,3.295881311147992e-07,0.0079584775086505,8.569291408984778e-06,0.0083044982698963,4.9438219667219874e-06,0.0086505190311418,1.499625996572336e-05,0.0089965397923876,1.4007495572378964e-05,0.0093425605536332,1.186517272013277e-05,1,1,1,1,1
779,0,13:49:00,2,0.0072664359861591,0.0,0.0076124567474047,0.0072664359861591,5.075657219167907e-05,0.0069204152249136,1.6644200621297358e-05,0.0065743944636678,1.4831465900165962e-06,0.0062283737024222,4.4000015503825687e-05,0.0058823529411764,3.295881311147992e-07,0.0079584775086505,8.569291408984778e-06,0.0083044982698963,4.9438219667219874e-06,0.0086505190311418,1.499625996572336e-05,0.0089965397923876,1.4007495572378964e-05,0.0093425605536332,1.186517272013277e-05,1,1,1,1,1
780,0,13:49:03,2,0.0072664359861591,0.0,0.0076124567474047,0.0072664359861591,5.075657219167907e-05,0.0069204152249136,1.6644200621297358e-05,0.0065743944636678,1.4831465900165962e-06,0.0062283737024222,4.4000015503825687e-05,0.0058823529411764,3.295881311147992e-07,0.0079584775086505,8.569291408984778e-06,0.0083044982698963,4.9438219667219874e-06,0.0086505190311418,1.499625996572336e-05,0.0089965397923876,1.4007495572378964e-05,0.0093425605536332,1.186517272013277e-05,1,1,1,1,1
781,0,13:49:06,2,0.0072664359861591,96063.0,0.0076124567474047,0.0072664359861591,4.5318368028284885e-05,0.0069204152249136,1.6644200621297358e-05,0.0065743944636678,1.4831465900165962e-06,0.0062283737024222,4.4000015503825687e-05,0.0058823529411764,3.295881311147992e-07,0.0079584775086505,8.569291408984778e-06,0.0083044982698963,4.9438219667219874e-06,0.0086505190311418,1.516105403128076e-05,0.0089965397923876,1.4007495572378964e-05,0.0093425605536332,1.186517272013277e-05,1,1,1,1,1
782,0,13:49:09,2,0.0072664359861591,17466.0,0.0076124567474047,0.0072664359861591,4.432960363494049e-05,0.0069204152249136,1.6644200621297358e-05,0.0065743944636678,1.4831465900165962e-06,0.0062283737024222,4.4000015503825687e-05,0.0058823529411764,3.295881311147992e-07,0.0079584775086505,8.569291408984778e-06,0.0083044982698963,4.9438219667219874e-06,0.0086505190311418,1.516105403128076e-05,0.0089965397923876,1.7797759080199155e-05,0.0093425605536332,1.186517272013277e-05,1,1,1,1,1
783,0,13:49:12,2,0.0072664359861591,0.0,0.0076124567474047,0.0072664359861591,4.432960363494049e-05,0.0069204152249136,1.6644200621297358e-05,0.0065743944636678,1.4831465900165962e-06,0.0062283737024222,4.4000015503825687e-05,0.0058823529411764,3.295881311147992e-07,0.0079584775086505,8.569291408984778e-06,0.0083044982698963,4.9438219667219874e-06,0.0086505190311418,1.532584809683816e-05,0.0089965397923876,1.7797759080199155e-05,0.0093425605536332,1.186517272013277e-05,1,1,1,1,1
784,0,13:49:15,2,0.0072664359861591,32021.0,0.0076124567474047,0.0072664359861591,4.334083924159609e-05,0.0069204152249136,1.6644200621297358e-05,0.0065743944636678,1.4831465900165962e-06,0.0062283737024222,4.4000015503825687e-05,0.0058823529411764,3.295881311147992e-07,0.0079584775086505,8.569291408984778e-06,0.0083044982698963,4.9438219667219874e-06,0.0086505190311418,1.532584809683816e-05,0.0089965397923876,1.7797759080199155e-05,0.0093425605536332,1.186517272013277e-05,1,1,1,1,1
785,0,13:49:18,2,0.0072664359861591,0.0,0.0076124567474047,0.0072664359861591,4.334083924159609e-05,0.0069204152249136,1.6644200621297358e-05,0.0065743944636678,1.4831465900165962e-06,0.0062283737024222,4.4000015503825687e-05,0.0058823529411764,3.295881311147992e-07,0.0079584775086505,8.569291408984778e-06,0.0083044982698963,4.9438219667219874e-06,0.0086505190311418,1.532584809683816e-05,0.0089965397923876,1.7797759080199155e-05,0.0093425605536332,1.186517272013277e-05,1,1,1,1,1
786,0,13:49:21,2,0.0072664359861591,0.0,0.0077854671280277,0.0076124567474049,8.239703277869978e-06,0.0072664359861591,4.334083924159609e-05,0.0069204152249136,1.6644200621297358e-05,0.0065743944636678,1.4831465900165962e-06,0.0062283737024222,4.4000015503825687e-05,0.0079584775086505,8.569291408984778e-06,0.0083044982698963,4.9438219667219874e-06,0.0086505190311418,1.532584809683816e-05,0.0089965397923876,1.7797759080199155e-05,0.0093425605536332,1.186517272013277e-05,1,1,1,1,1
787,0,13:49:24,2,0.0072664359861591,189265.0,0.0076124567474047,0.0072664359861591,4.08689282582351e-05,0.0069204152249136,1.6644200621297358e-05,0.0065743944636678,1.4831465900165962e-06,0.0062283737024222,4.4000015503825687e-05,0.0058823529411764,3.295881311147992e-07,0.0079584775086505,8.569291408984778e-06,0.0083044982698963,5.602998228951586e-06,0.0086505190311418,1.532584809683816e-05,0.0089965397923876,1.7797759080199155e-05,0.0093425605536332,1.186517272013277e-05,1,1,1,1,1
788,0,13:49:27,2,0.0079584775086505,23304.0,0.0076124567474047,0.0072664359861591,4.08689282582351e-05,0.0069204152249136,1.6644200621297358e-05,0.0065743944636678,1.4831465900165962e-06,0.0062283737024222,4.4000015503825687e-05,0.0058823529411764,3.295881311147992e-07,0.0079584775086505,7.250938884525582e-06,0.0083044982698963,5.602998228951586e-06,0.0086505190311418,1.532584809683816e-05,0.0089965397923876,1.7797759080199155e-05,0.0093425605536332,1.186517272013277e-05,1,1,1,1,1
789,0,13:49:30,2,0.0079584775086505,0.0,0.0076124567474047,0.0072664359861591,4.08689282582351e-05,0.0069204152249136,1.6644200621297358e-05,0.0065743944636678,1.4831465900165962e-06,0.0062283737024222,4.4000015503825687e-05,0.0058823529411764,3.295881311147992e-07,0.0079584775086505,7.250938884525582e-06,0.0083044982698963,5.602998228951586e-06,0.0086505190311418,1.532584809683816e-05,0.0089965397923876,1.3842701506821564e-05,0.0093425605536332,1.186517272013277e-05,1,1,1,1,1
790,0,13:49:33,2,0.0079584775086505,0.0,0.0076124567474047,0.0072664359861591,4.08689282582351e-05,0.0069204152249136,1.6644200621297358e-05,0.0065743944636678,1.4831465900165962e-06,0.0062283737024222,4.4000015503825687e-05,0.0058823529411764,3.295881311147992e-07,0.0079584775086505,7.250938884525582e-06,0.0083044982698963,5.602998228951586e-06,0.0086505190311418,1.532584809683816e-05,0.0089965397923876,1.3842701506821564e-05,0.0093425605536332,1.186517272013277e-05,1,1,1,1,1
791,0,13:49:36,2,0.0079584775086505,0.0,0.0076124567474047,0.0072664359861591,4.08689282582351e-05,0.0069204152249136,1.8292141276871356e-05,0.0065743944636678,1.4831465900165962e-06,0.0062283737024222,4.4000015503825687e-05,0.0058823529411764,3.295881311147992e-07,0.0079584775086505,7.250938884525582e-06,0.0083044982698963,5.602998228951586e-06,0.0086505190311418,1.532584809683816e-05,0.0089965397923876,1.3842701506821564e-05,0.0093425605536332,1.186517272013277e-05,1,1,1,1,1
792,0,13:49:39,2,0.0072664359861591,2911.0,0.0074394463667821,0.0072664359861591,4.07041341926777e-05,0.0069204152249136,1.8292141276871356e-05,0.0065743944636678,1.4831465900165962e-06,0.0062283737024222,4.4000015503825687e-05,0.0058823529411764,3.295881311147992e-07,0.0076124567474049,9.887643933443977e-06,0.0079584775086505,7.250938884525582e-06,0.0083044982698963,5.602998228951586e-06,0.0086505190311418,1.532584809683816e-05,0.0089965397923876,1.3842701506821564e-05,1,1,1,1,1
793,0,13:49:42,2,0.0072664359861591,14555.0,0.0074394463667821,0.0072664359861591,4.00449579304481e-05,0.0069204152249136,1.8292141276871356e-05,0.0065743944636678,1.4831465900165962e-06,0.0062283737024222,4.4000015503825687e-05,0.0058823529411764,3.295881311147992e-07,0.0076124567474049,9.887643933443977e-06,0.0079584775086505,7.415732950082981e-06,0.0083044982698963,5.602998228951586e-06,0.0086505190311418,1.532584809683816e-05,0.0089965397923876,1.3842701506821564e-05,1,1,1,1,1
794,0,13:49:45,2,0.0076124567474049,52416.0,0.0074394463667821,0.0072664359861591,4.00449579304481e-05,0.0069204152249136,1.8292141276871356e-05,0.0065743944636678,1.4831465900165962e-06,0.0062283737024222,4.4000015503825687e-05,0.0058823529411764,3.295881311147992e-07,0.0076124567474049,6.921350753410782e-06,0.0079584775086505,7.415732950082981e-06,0.0083044982698963,5.602998228951586e-06,0.0086505190311418,1.532584809683816e-05,0.0089965397923876,1.3842701506821564e-05,1,1,1,1,1
795,0,13:49:48,2,0.0076124567474049,2912.0,0.0074394463667821,0.0072664359861591,4.00449579304481e-05,0.0069204152249136,1.8292141276871356e-05,0.0065743944636678,1.4831465900165962e-06,0.0062283737024222,4.4000015503825687e-05,0.0058823529411764,3.295881311147992e-07,0.0076124567474049,6.756556687853383e-06,0.0079584775086505,7.415732950082981e-06,0.0083044982698963,5.602998228951586e-06,0.0086505190311418,1.532584809683816e-05,0.0089965397923876,1.3842701506821564e-05,1,1,1,1,1
796,0,13:49:51,2,0.0072664359861591,8733.0,0.0074394463667821,0.0072664359861591,3.95505757337759e-05,0.0069204152249136,1.8292141276871356e-05,0.0065743944636678,1.4831465900165962e-06,0.0062283737024222,4.4000015503825687e-05,0.0058823529411764,3.295881311147992e-07,0.0076124567474049,6.756556687853383e-06,0.0079584775086505,7.415732950082981e-06,0.0083044982698963,4.9438219667219874e-06,0.0086505190311418,1.532584809683816e-05,0.0089965397923876,1.3842701506821564e-05,1,2,1,1,1
797,0,13:49:54,2,0.0072664359861591,46577.0,0.0074394463667821,0.0072664359861591,3.70786647504149e-05,0.0069204152249136,1.8292141276871356e-05,0.0065743944636678,1.4831465900165962e-06,0.0062283737024222,4.4000015503825687e-05,0.0058823529411764,3.295881311147992e-07,0.0076124567474049,6.591762622295983e-06,0.0079584775086505,7.415732950082981e-06,0.0083044982698963,4.9438219667219874e-06,0.0086505190311418,1.532584809683816e-05,0.0089965397923876,1.3842701506821564e-05,1,1,1,1,1
798,0,13:49:57,2,0.0072664359861591,0.0,0.0074394463667821,0.0072664359861591,3.70786647504149e-05,0.0069204152249136,1.8292141276871356e-05,0.0065743944636678,1.4831465900165962e-06,0.0062283737024222,3.88913994715463e-05,0.0058823529411764,3.295881311147992e-07,0.0076124567474049,6.591762622295983e-06,0.0079584775086505,7.415732950082981e-06,0.0083044982698963,4.9438219667219874e-06,0.0086505190311418,1.532584809683816e-05,0.0089965397923876,1.3842701506821564e-05,1,1,1,1,1
799,0,13:50:00,2,0.0076124567474049,5824.0,0.0074394463667821,0.0072664359861591,3.70786647504149e-05,0.0069204152249136,1.8292141276871356e-05,0.0065743944636678,1.4831465900165962e-06,0.0062283737024222,3.88913994715463e-05,0.0058823529411764,3.295881311147992e-07,0.0076124567474049,6.262174491181184e-06,0.0079584775086505,7.415732950082981e-06,0.0083044982698963,4.9438219667219874e-06,0.0086505190311418,1.532584809683816e-05,0.0089965397923876,1.3842701506821564e-05,1,1,1,1,1
800,0,13:50:03,2,0.0072664359861591,11644.0,0.0074394463667821,0.0072664359861591,3.64194884881853e-05,0.0069204152249136,1.8292141276871356e-05,0.0065743944636678,1.4831465900165962e-06,0.0062283737024222,3.88913994715463e-05,0.0058823529411764,3.295881311147992e-07,0.0076124567474049,6.262174491181184e-06,0.0079584775086505,7.415732950082981e-06,0.0083044982698963,4.9438219667219874e-06,0.0086505190311418,1.532584809683816e-05,0.0089965397923876,1.3842701506821564e-05,1,1,1,1,1
801,0,13:50:06,2,0.0072664359861591,0.0,0.0074394463667821,0.0072664359861591,3.64194884881853e-05,0.0069204152249136,1.8292141276871356e-05,0.0065743944636678,1.4831465900165962e-06,0.0062283737024222,3.88913994715463e-05,0.0058823529411764,3.295881311147992e-07,0.0076124567474049,6.262174491181184e-06,0.0079584775086505,7.415732950082981e-06,0.0083044982698963,4.9438219667219874e-06,0.0086505190311418,1.532584809683816e-05,0.0089965397923876,1.3842701506821564e-05,2,1,1,1,1
802,0,13:50:09,2,0.0072664359861591,29110.0,0.0074394463667821,0.0072664359861591,3.4606753767053915e-05,0.0069204152249136,1.8292141276871356e-05,0.0065743944636678,1.4831465900165962e-06,0.0062283737024222,3.88913994715463e-05,0.0058823529411764,3.295881311147992e-07,0.0076124567474049,6.262174491181184e-06,0.0079584775086505,7.415732950082981e-06,0.0083044982698963,4.9438219667219874e-06,0.0086505190311418,1.532584809683816e-05,0.0089965397923876,1.3842701506821564e-05,1,1,1,1,1
803,0,13:50:12,2,0.0072664359861591,8733.0,0.0074394463667821,0.0072664359861591,3.411237157038171e-05,0.0069204152249136,1.8292141276871356e-05,0.0065743944636678,1.4831465900165962e-06,0.0062283737024222,3.88913994715463e-05,0.0058823529411764,3.295881311147992e-07,0.0076124567474049,6.262174491181184e-06,0.0079584775086505,7.415732950082981e-06,0.0083044982698963,6.591762622295983e-06,0.0086505190311418,1.532584809683816e-05,0.0089965397923876,1.3842701506821564e-05,1,1,1,1,1
804,0,13:50:15,2,0.0072664359861591,26201.0,0.0074394463667821,0.0072664359861591,3.295881311147991e-05,0.0069204152249136,1.8292141276871356e-05,0.0065743944636678,1.4831465900165962e-06,0.0062283737024222,3.88913994715463e-05,0.0058823529411764,3.295881311147992e-07,0.0076124567474049,5.932586360066385e-06,0.0079584775086505,7.415732950082981e-06,0.0083044982698963,4.9438219667219874e-06,0.0086505190311418,1.532584809683816e-05,0.0089965397923876,1.3842701506821564e-05,1,1,1,1,1
805,0,13:50:18,2,0.0072664359861591,148461.0,0.0074394463667821,0.0072664359861591,2.4554315768052537e-05,0.0069204152249136,1.8292141276871356e-05,0.0065743944636678,1.4831465900165962e-06,0.0062283737024222,3.88913994715463e-05,0.0058823529411764,3.295881311147992e-07,0.0076124567474049,5.932586360066385e-06,0.0079584775086505,7.415732950082981e-06,0.0083044982698963,4.9438219667219874e-06,0.0086505190311418,1.532584809683816e-05,0.0089965397923876,1.3842701506821564e-05,1,1,1,1,1
806,0,13:50:21,2,0.0079584775086505,250474.0,0.0081314878892733,0.0079584775086505,3.95505757337759e-06,0.0072664359861591,2.405993357138034e-05,0.0069204152249136,1.8292141276871356e-05,0.0065743944636678,1.4831465900165962e-06,0.0062283737024222,3.88913994715463e-05,0.0083044982698963,4.9438219667219874e-06,0.0086505190311418,1.532584809683816e-05,0.0089965397923876,1.3842701506821564e-05,0.0093425605536332,1.186517272013277e-05,0.009688581314879,6.921350753410782e-06,0,0,0,0,1
807,0,13:50:24,2,0.0072664359861591,497830.0,0.0070934256055363,0.0069204152249136,1.8292141276871356e-05,0.0065743944636678,1.4831465900165962e-06,0.0062283737024222,3.88913994715463e-05,0.0058823529411764,3.295881311147992e-07,0.0055363321799308,1.6479406555739957e-07,0.0072664359861591,3.625469442262791e-06,0.0076124567474049,1.6479406555739958e-06,0.0083044982698963,4.9438219667219874e-06,0.0086505190311418,1.532584809683816e-05,0.0089965397923876,1.3842701506821564e-05,1,1,1,1,1
808,0,13:50:27,2,0.0072664359861591,0.0,0.0070934256055363,0.0069204152249136,1.8292141276871356e-05,0.0065743944636678,1.4831465900165962e-06,0.0062283737024222,3.88913994715463e-05,0.0058823529411764,3.295881311147992e-07,0.0055363321799308,1.6479406555739957e-07,0.0072664359861591,3.625469442262791e-06,0.0076124567474049,1.6479406555739958e-06,0.0083044982698963,4.9438219667219874e-06,0.0086505190311418,1.532584809683816e-05,0.0089965397923876,1.3842701506821564e-05,1,1,1,1,1
809,0,13:50:30,2,0.0072664359861591,0.0,0.0070934256055363,0.0069204152249136,1.8292141276871356e-05,0.0065743944636678,1.4831465900165962e-06,0.0062283737024222,3.88913994715463e-05,0.0058823529411764,3.295881311147992e-07,0.0055363321799308,1.6479406555739957e-07,0.0072664359861591,3.625469442262791e-06,0.0076124567474049,1.6479406555739958e-06,0.0083044982698963,4.9438219667219874e-06,0.0086505190311418,1.532584809683816e-05,0.0089965397923876,1.3842701506821564e-05,1,1,1,1,1
810,0,13:50:33,2,0.0072664359861591,29110.0,0.0070934256055363,0.0069204152249136,1.8292141276871356e-05,0.0065743944636678,1.4831465900165962e-06,0.0062283737024222,3.88913994715463e-05,0.0058823529411764,3.295881311147992e-07,0.0055363321799308,1.6479406555739957e-07,0.0072664359861591,2.3071169178035943e-06,0.0076124567474049,1.8127347211313956e-06,0.0083044982698963,4.9438219667219874e-06,0.0086505190311418,1.532584809683816e-05,0.0089965397923876,1.3842701506821564e-05,1,1,1,1,1
811,0,13:50:36,2,0.0072664359861591,0.0,0.0070934256055363,0.0069204152249136,1.8292141276871356e-05,0.0065743944636678,1.4831465900165962e-06,0.0062283737024222,3.88913994715463e-05,0.0058823529411764,3.295881311147992e-07,0.0055363321799308,1.6479406555739957e-07,0.0072664359861591,2.636705048918393e-06,0.0076124567474049,1.8127347211313956e-06,0.0083044982698963,4.9438219667219874e-06,0.0086505190311418,1.532584809683816e-05,0.0089965397923876,1.3842701506821564e-05,1,1,1,1,1
812,0,13:50:39,2,0.0072664359861591,0.0,0.0070934256055363,0.0069204152249136,1.8292141276871356e-05,0.0065743944636678,1.4831465900165962e-06,0.0062283737024222,3.88913994715463e-05,0.0058823529411764,3.295881311147992e-07,0.0055363321799308,1.6479406555739957e-07,0.0072664359861591,3.131087245590592e-06,0.0076124567474049,1.8127347211313956e-06,0.0083044982698963,4.9438219667219874e-06,0.0086505190311418,1.532584809683816e-05,0.0089965397923876,1.3842701506821564e-05,1,1,1,1,1
813,0,13:50:42,2,0.0072664359861591,0.0,0.0070934256055363,0.0069204152249136,1.8292141276871356e-05,0.0065743944636678,1.4831465900165962e-06,0.0062283737024222,3.88913994715463e-05,0.0058823529411764,3.295881311147992e-07,0.0055363321799308,1.6479406555739957e-07,0.0072664359861591,3.95505757337759e-06,0.0076124567474049,1.8127347211313956e-06,0.0083044982698963,4.9438219667219874e-06,0.0086505190311418,1.532584809683816e-05,0.0089965397923876,1.3842701506821564e-05,1,1,1,1,1
814,0,13:50:45,2,0.0072664359861591,0.0,0.0070934256055363,0.0069204152249136,1.8292141276871356e-05,0.0065743944636678,1.4831465900165962e-06,0.0062283737024222,3.88913994715463e-05,0.0058823529411764,3.295881311147992e-07,0.0055363321799308,1.6479406555739957e-07,0.0072664359861591,4.449439770049789e-06,0.0076124567474049,1.8127347211313956e-06,0.0083044982698963,4.9438219667219874e-06,0.0086505190311418,1.532584809683816e-05,0.0089965397923876,1.3842701506821564e-05,1,1,1,1,1
815,0,13:50:48,2,0.0069204152249136,32010.0,0.0070934256055363,0.0069204152249136,1.6479406555739956e-05,0.0065743944636678,1.4831465900165962e-06,0.0062283737024222,3.88913994715463e-05,0.0058823529411764,3.295881311147992e-07,0.0055363321799308,1.6479406555739957e-07,0.0072664359861591,4.449439770049789e-06,0.0076124567474049,1.8127347211313956e-06,0.0083044982698963,4.9438219667219874e-06,0.0086505190311418,1.532584809683816e-05,0.0089965397923876,1.3842701506821564e-05,1,1,1,1,1
816,0,13:50:51,2,0.0069204152249136,0.0,0.0070934256055363,0.0069204152249136,1.6644200621297358e-05,0.0065743944636678,1.4831465900165962e-06,0.0062283737024222,3.88913994715463e-05,0.0058823529411764,3.295881311147992e-07,0.0055363321799308,1.6479406555739957e-07,0.0072664359861591,4.449439770049789e-06,0.0076124567474049,1.8127347211313956e-06,0.0083044982698963,4.9438219667219874e-06,0.0086505190311418,1.532584809683816e-05,0.0089965397923876,1.3842701506821564e-05,1,1,1,1,1
817,0,13:50:54,2,0.0069204152249136,5820.0,0.0070934256055363,0.0069204152249136,1.6808994686854756e-05,0.0065743944636678,3.444195970149651e-05,0.0062283737024222,3.88913994715463e-05,0.0058823529411764,3.295881311147992e-07,0.0055363321799308,1.6479406555739957e-07,0.0072664359861591,4.449439770049789e-06,0.0076124567474049,1.8127347211313956e-06,0.0083044982698963,4.9438219667219874e-06,0.0086505190311418,1.532584809683816e-05,0.0089965397923876,1.3842701506821564e-05,1,1,1,1,1
818,0,13:50:57,2,0.0069204152249136,0.0,0.0070934256055363,0.0069204152249136,1.7962553145756553e-05,0.0065743944636678,3.444195970149651e-05,0.0062283737024222,3.88913994715463e-05,0.0058823529411764,3.295881311147992e-07,0.0055363321799308,1.6479406555739957e-07,0.0072664359861591,4.449439770049789e-06,0.0076124567474049,2.1423228522461945e-06,0.0083044982698963,4.9438219667219874e-06,0.0086505190311418,1.3677907441264164e-05,0.0089965397923876,1.3842701506821564e-05,1,1,1,1,1
819,0,13:51:00,2,0.0069204152249136,5820.0,0.0070934256055363,0.0069204152249136,1.7632965014641754e-05,0.0065743944636678,3.444195970149651e-05,0.0062283737024222,3.88913994715463e-05,0.0058823529411764,3.295881311147992e-07,0.0055363321799308,1.6479406555739957e-07,0.0072664359861591,4.449439770049789e-06,0.0076124567474049,2.1423228522461945e-06,0.0083044982698963,4.9438219667219874e-06,0.0086505190311418,1.3677907441264164e-05,0.0089965397923876,1.3842701506821564e-05,1,1,1,1,1
820,0,13:51:03,2,0.0072664359861591,20377.0,0.0070934256055363,0.0069204152249136,1.7632965014641754e-05,0.0065743944636678,3.444195970149651e-05,0.0062283737024222,3.88913994715463e-05,0.0058823529411764,3.295881311147992e-07,0.0055363321799308,1.6479406555739957e-07,0.0072664359861591,3.295881311147992e-06,0.0076124567474049,2.1423228522461945e-06,0.0083044982698963,4.9438219667219874e-06,0.0086505190311418,1.3677907441264164e-05,0.0089965397923876,1.3842701506821564e-05,1,1,1,1,1
821,0,13:51:06,2,0.0072664359861591,0.0,0.0070934256055363,0.0069204152249136,1.7632965014641754e-05,0.0065743944636678,3.444195970149651e-05,0.0062283737024222,3.88913994715463e-05,0.0058823529411764,3.295881311147992e-07,0.0055363321799308,1.6479406555739957e-07,0.0072664359861591,3.295881311147992e-06,0.0076124567474049,2.1423228522461945e-06,0.0083044982698963,4.9438219667219874e-06,0.0086505190311418,1.3677907441264164e-05,0.0089965397923876,1.3842701506821564e-05,1,1,1,1,1
822,0,13:51:09,2,0.0072664359861591,0.0,0.0070934256055363,0.0069204152249136,1.7632965014641754e-05,0.0065743944636678,3.444195970149651e-05,0.0062283737024222,3.88913994715463e-05,0.0058823529411764,3.295881311147992e-07,0.0055363321799308,1.6479406555739957e-07,0.0072664359861591,2.4719109833609937e-06,0.0076124567474049,2.1423228522461945e-06,0.0083044982698963,4.9438219667219874e-06,0.0086505190311418,1.3677907441264164e-05,0.0089965397923876,1.3842701506821564e-05,1,1,1,1,1
823,0,13:51:12,2,0.0069204152249136,32011.0,0.0070934256055363,0.0069204152249136,1.598502435906776e-05,0.0065743944636678,3.444195970149651e-05,0.0062283737024222,3.88913994715463e-05,0.0058823529411764,3.295881311147992e-07,0.0055363321799308,1.6479406555739957e-07,0.0072664359861591,2.3071169178035943e-06,0.0076124567474049,2.1423228522461945e-06,0.0083044982698963,4.9438219667219874e-06,0.0086505190311418,1.3677907441264164e-05,0.0089965397923876,1.3842701506821564e-05,1,1,1,1,1
824,0,13:51:15,2,0.0069204152249136,0.0,0.0070934256055363,0.0069204152249136,1.598502435906776e-05,0.0065743944636678,3.444195970149651e-05,0.0062283737024222,3.88913994715463e-05,0.0058823529411764,3.295881311147992e-07,0.0055363321799308,1.6479406555739957e-07,0.0072664359861591,6.591762622295983e-06,0.0076124567474049,2.1423228522461945e-06,0.0083044982698963,4.9438219667219874e-06,0.0086505190311418,1.3677907441264164e-05,0.0089965397923876,1.3842701506821564e-05,1,1,1,1,1
825,0,13:51:18,2,0.0072664359861591,29110.0,0.0070934256055363,0.0069204152249136,1.598502435906776e-05,0.0065743944636678,3.444195970149651e-05,0.0062283737024222,3.3123607177037314e-05,0.0058823529411764,3.295881311147992e-07,0.0055363321799308,1.6479406555739957e-07,0.0072664359861591,4.9438219667219874e-06,0.0076124567474049,2.1423228522461945e-06,0.0083044982698963,4.9438219667219874e-06,0.0086505190311418,1.3677907441264164e-05,0.0089965397923876,1.3842701506821564e-05,1,1,1,1,1
826,0,13:51:21,2,0.0072664359861591,0.0,0.0070934256055363,0.0069204152249136,1.598502435906776e-05,0.0065743944636678,3.444195970149651e-05,0.0062283737024222,3.3123607177037314e-05,0.0058823529411764,3.295881311147992e-07,0.0055363321799308,1.6479406555739957e-07,0.0072664359861591,4.9438219667219874e-06,0.0076124567474049,2.1423228522461945e-06,0.0083044982698963,4.9438219667219874e-06,0.0086505190311418,1.3677907441264164e-05,0.0089965397923876,1.3842701506821564e-05,1,1,1,1,1
827,0,13:51:24,2,0.0069204152249136,2910.0,0.0070934256055363,0.0069204152249136,1.582023029351036e-05,0.0065743944636678,3.444195970149651e-05,0.0062283737024222,3.3123607177037314e-05,0.0058823529411764,3.295881311147992e-07,0.0055363321799308,1.6479406555739957e-07,0.0072664359861591,4.9438219667219874e-06,0.0076124567474049,2.1423228522461945e-06,0.0083044982698963,4.9438219667219874e-06,0.0086505190311418,1.3677907441264164e-05,0.0089965397923876,1.3842701506821564e-05,1,1,1,1,1
828,0,13:51:27,2,0.0069204152249136,29100.0,0.0070934256055363,0.0069204152249136,1.4666671834608563e-05,0.0065743944636678,3.444195970149651e-05,0.0062283737024222,3.3123607177037314e-05,0.0058823529411764,3.295881311147992e-07,0.0055363321799308,1.6479406555739957e-07,0.0072664359861591,4.9438219667219874e-06,0.0076124567474049,2.1423228522461945e-06,0.0083044982698963,4.9438219667219874e-06,0.0086505190311418,1.3677907441264164e-05,0.0089965397923876,1.3842701506821564e-05,1,1,1,1,1
829,0,13:51:30,2,0.0072664359861591,8733.0,0.0070934256055363,0.0069204152249136,1.4666671834608563e-05,0.0065743944636678,3.444195970149651e-05,0.0062283737024222,3.3123607177037314e-05,0.0058823529411764,3.295881311147992e-07,0.0055363321799308,1.6479406555739957e-07,0.0072664359861591,4.449439770049789e-06,0.0076124567474049,2.1423228522461945e-06,0.0083044982698963,4.9438219667219874e-06,0.0086505190311418,1.3677907441264164e-05,0.0089965397923876,1.3842701506821564e-05,1,1,1,1,1
830,0,13:51:33,2,0.0072664359861591,0.0,0.0070934256055363,0.0069204152249136,1.4666671834608563e-05,0.0065743944636678,3.444195970149651e-05,0.0062283737024222,3.3123607177037314e-05,0.0058823529411764,3.295881311147992e-07,0.0055363321799308,1.6479406555739957e-07,0.0072664359861591,4.449439770049789e-06,0.0076124567474049,2.1423228522461945e-06,0.0083044982698963,4.9438219667219874e-06,0.0086505190311418,1.3677907441264164e-05,0.0089965397923876,1.3842701506821564e-05,1,1,1,1,1
831,0,13:51:36,2,0.0069204152249136,8730.0,0.0070934256055363,0.0069204152249136,1.4172289637936364e-05,0.0065743944636678,3.444195970149651e-05,0.0062283737024222,3.3123607177037314e-05,0.0058823529411764,3.295881311147992e-07,0.0055363321799308,1.6479406555739957e-07,0.0072664359861591,4.449439770049789e-06,0.0076124567474049,2.1423228522461945e-06,0.0083044982698963,4.9438219667219874e-06,0.0086505190311418,1.3677907441264164e-05,0.0089965397923876,1.3842701506821564e-05,1,1,1,1,1
832,0,13:51:39,2,0.0072664359861591,78597.0,0.0074394463667821,0.0072664359861591,1.3183525244591966e-06,0.0069204152249136,1.4172289637936364e-05,0.0065743944636678,3.444195970149651e-05,0.0062283737024222,3.3123607177037314e-05,0.0058823529411764,3.295881311147992e-07,0.0076124567474049,2.1423228522461945e-06,0.0083044982698963,4.9438219667219874e-06,0.0086505190311418,1.3677907441264164e-05,0.0089965397923876,1.3842701506821564e-05,0.0093425605536332,1.2689143047919769e-05,1,1,1,1,1
833,0,13:51:42,2,0.0072664359861591,0.0,0.0074394463667821,0.0072664359861591,1.3183525244591966e-06,0.0069204152249136,1.4172289637936364e-05,0.0065743944636678,3.444195970149651e-05,0.0062283737024222,3.3123607177037314e-05,0.0058823529411764,3.295881311147992e-07,0.0076124567474049,2.1423228522461945e-06,0.0083044982698963,4.9438219667219874e-06,0.0086505190311418,1.3677907441264164e-05,0.0089965397923876,1.3842701506821564e-05,0.0093425605536332,1.2689143047919769e-05,1,1,1,1,1
834,0,13:51:45,2,0.0072664359861591,0.0,0.0074394463667821,0.0072664359861591,1.3183525244591966e-06,0.0069204152249136,1.4172289637936364e-05,0.0065743944636678,3.444195970149651e-05,0.0062283737024222,3.3123607177037314e-05,0.0058823529411764,3.295881311147992e-07,0.0076124567474049,2.1423228522461945e-06,0.0083044982698963,4.9438219667219874e-06,0.0086505190311418,1.3677907441264164e-05,0.0089965397923876,1.3842701506821564e-05,0.0093425605536332,1.2689143047919769e-05,1,1,1,1,1
835,0,13:51:48,2,0.0072664359861591,0.0,0.0074394463667821,0.0072664359861591,1.3183525244591966e-06,0.0069204152249136,1.4172289637936364e-05,0.0065743944636678,3.444195970149651e-05,0.0062283737024222,3.3123607177037314e-05,0.0058823529411764,3.295881311147992e-07,0.0076124567474049,2.1423228522461945e-06,0.0083044982698963,4.9438219667219874e-06,0.0086505190311418,1.3677907441264164e-05,0.0089965397923876,1.3842701506821564e-05,0.0093425605536332,1.2689143047919769e-05,1,1,1,1,1
836,0,13:51:51,2,0.0076124567474049,11647.0,0.0074394463667821,0.0072664359861591,1.6479406555739958e-06,0.0069204152249136,1.4172289637936364e-05,0.0065743944636678,3.444195970149651e-05,0.0062283737024222,3.3123607177037314e-05,0.0058823529411764,3.295881311147992e-07,0.0076124567474049,4.9438219667219874e-06,0.0083044982698963,4.9438219667219874e-06,0.0086505190311418,1.3677907441264164e-05,0.0089965397923876,1.3842701506821564e-05,0.0093425605536332,1.2689143047919769e-05,1,1,1,1,1
837,0,13:51:54,2,0.0076124567474049,0.0,0.0074394463667821,0.0072664359861591,1.6479406555739958e-06,0.0069204152249136,1.4172289637936364e-05,0.0065743944636678,3.444195970149651e-05,0.0062283737024222,3.3123607177037314e-05,0.0058823529411764,3.295881311147992e-07,0.0076124567474049,4.9438219667219874e-06,0.0079584775086505,1.977528786688795e-06,0.0083044982698963,4.9438219667219874e-06,0.0086505190311418,1.3677907441264164e-05,0.0089965397923876,1.3842701506821564e-05,1,1,1,1,1
838,0,13:51:57,2,0.0076124567474049,0.0,0.0074394463667821,0.0072664359861591,1.6479406555739958e-06,0.0069204152249136,1.4172289637936364e-05,0.0065743944636678,3.444195970149651e-05,0.0062283737024222,3.3123607177037314e-05,0.0058823529411764,3.295881311147992e-07,0.0076124567474049,4.9438219667219874e-06,0.0079584775086505,1.977528786688795e-06,0.0083044982698963,4.9438219667219874e-06,0.0086505190311418,1.3677907441264164e-05,0.0089965397923876,1.3842701506821564e-05,1,1,1,1,1
839,0,13:52:00,2,0.0076124567474049,0.0,0.0074394463667821,0.0072664359861591,1.6479406555739958e-06,0.0069204152249136,1.4172289637936364e-05,0.0065743944636678,3.444195970149651e-05,0.0062283737024222,3.3123607177037314e-05,0.0058823529411764,3.295881311147992e-07,0.0076124567474049,6.591762622295983e-06,0.0079584775086505,1.977528786688795e-06,0.0083044982698963,4.9438219667219874e-06,0.0086505190311418,1.3677907441264164e-05,0.0089965397923876,1.3842701506821564e-05,1,1,1,1,1
840,0,13:52:03,2,0.0076124567474049,0.0,0.0074394463667821,0.0072664359861591,1.6479406555739958e-06,0.0069204152249136,1.4172289637936364e-05,0.0065743944636678,3.444195970149651e-05,0.0062283737024222,3.3123607177037314e-05,0.0058823529411764,3.295881311147992e-07,0.0076124567474049,6.591762622295983e-06,0.0079584775086505,1.977528786688795e-06,0.0083044982698963,4.9438219667219874e-06,0.0086505190311418,1.3677907441264164e-05,0.0089965397923876,1.3842701506821564e-05,1,1,1,1,1
841,0,13:52:06,2,0.0076124567474049,0.0,0.0074394463667821,0.0072664359861591,1.6479406555739958e-06,0.0069204152249136,1.4172289637936364e-05,0.0065743944636678,3.444195970149651e-05,0.0062283737024222,3.477154783261131e-05,0.0058823529411764,3.295881311147992e-07,0.0076124567474049,6.591762622295983e-06,0.0079584775086505,1.977528786688795e-06,0.0083044982698963,4.9438219667219874e-06,0.0086505190311418,1.3677907441264164e-05,0.0089965397923876,1.3842701506821564e-05,1,1,1,1,1
842,0,13:52:09,2,0.0072664359861591,5822.0,0.0074394463667821,0.0072664359861591,1.3183525244591966e-06,0.0069204152249136,1.4172289637936364e-05,0.0065743944636678,3.444195970149651e-05,0.0062283737024222,3.477154783261131e-05,0.0058823529411764,3.295881311147992e-07,0.0076124567474049,6.591762622295983e-06,0.0079584775086505,1.977528786688795e-06,0.0083044982698963,4.9438219667219874e-06,0.0086505190311418,1.3677907441264164e-05,0.0089965397923876,1.3842701506821564e-05,1,1,1,1,1
843,0,13:52:12,2,0.0072664359861591,0.0,0.0074394463667821,0.0072664359861591,1.3183525244591966e-06,0.0069204152249136,1.4172289637936364e-05,0.0065743944636678,3.444195970149651e-05,0.0062283737024222,3.477154783261131e-05,0.0058823529411764,3.295881311147992e-07,0.0076124567474049,6.591762622295983e-06,0.0079584775086505,1.977528786688795e-06,0.0083044982698963,4.9438219667219874e-06,0.0086505190311418,1.8621729407986156e-05,0.0089965397923876,1.3842701506821564e-05,1,1,1,1,1
844,0,13:52:15,2,0.0072664359861591,5822.0,0.0074394463667821,0.0072664359861591,9.887643933443975e-07,0.0069204152249136,1.4172289637936364e-05,0.0065743944636678,3.444195970149651e-05,0.0062283737024222,3.477154783261131e-05,0.0058823529411764,3.295881311147992e-07,0.0076124567474049,6.591762622295983e-06,0.0079584775086505,1.977528786688795e-06,0.0083044982698963,4.9438219667219874e-06,0.0086505190311418,1.8621729407986156e-05,0.0089965397923876,1.3842701506821564e-05,1,1,1,1,1
845,0,13:52:18,2,0.0072664359861591,0.0,0.0074394463667821,0.0072664359861591,9.887643933443975e-07,0.0069204152249136,1.4172289637936364e-05,0.0065743944636678,3.444195970149651e-05,0.0062283737024222,3.477154783261131e-05,0.0058823529411764,3.295881311147992e-07,0.0076124567474049,6.591762622295983e-06,0.0079584775086505,1.977528786688795e-06,0.0083044982698963,4.9438219667219874e-06,0.0086505190311418,1.8621729407986156e-05,0.0089965397923876,1.3842701506821564e-05,1,1,1,1,1
846,0,13:52:21,2,0.0072664359861591,23290.0,0.0070934256055363,0.0069204152249136,1.4172289637936364e-05,0.0065743944636678,3.444195970149651e-05,0.0062283737024222,3.477154783261131e-05,0.0058823529411764,3.295881311147992e-07,0.0055363321799308,1.6479406555739957e-07,0.0072664359861591,2.3071169178035943e-06,0.0076124567474049,6.262174491181184e-06,0.0079584775086505,1.977528786688795e-06,0.0083044982698963,4.9438219667219874e-06,0.0086505190311418,1.8621729407986156e-05,1,2,1,1,1
847,0,13:52:24,2,0.0072664359861591,0.0,0.0070934256055363,0.0069204152249136,1.4172289637936364e-05,0.0065743944636678,3.444195970149651e-05,0.0062283737024222,3.477154783261131e-05,0.0058823529411764,3.295881311147992e-07,0.0055363321799308,1.6479406555739957e-07,0.0072664359861591,2.3071169178035943e-06,0.0076124567474049,6.262174491181184e-06,0.0079584775086505,1.977528786688795e-06,0.0083044982698963,4.9438219667219874e-06,0.0086505190311418,1.8621729407986156e-05,1,2,1,1,1
848,0,13:52:27,2,0.0072664359861591,23288.0,0.0070934256055363,0.0069204152249136,1.4666671834608563e-05,0.0065743944636678,3.444195970149651e-05,0.0062283737024222,3.477154783261131e-05,0.0058823529411764,3.295881311147992e-07,0.0055363321799308,1.6479406555739957e-07,0.0072664359861591,9.887643933443975e-07,0.0076124567474049,6.262174491181184e-06,0.0079584775086505,1.977528786688795e-06,0.0083044982698963,4.9438219667219874e-06,0.0086505190311418,1.8621729407986156e-05,1,2,1,1,1
849,0,13:52:30,2,0.0072664359861591,0.0,0.0070934256055363,0.0069204152249136,1.4666671834608563e-05,0.0065743944636678,3.444195970149651e-05,0.0062283737024222,3.477154783261131e-05,0.0058823529411764,3.295881311147992e-07,0.0055363321799308,1.6479406555739957e-07,0.0072664359861591,9.887643933443975e-07,0.0076124567474049,6.262174491181184e-06,0.0079584775086505,1.977528786688795e-06,0.0083044982698963,4.9438219667219874e-06,0.0086505190311418,1.8621729407986156e-05,2,2,1,1,1
850,0,13:52:33,2,0.0072664359861591,2911.0,0.0070934256055363,0.0069204152249136,1.4666671834608563e-05,0.0065743944636678,3.444195970149651e-05,0.0062283737024222,3.477154783261131e-05,0.0058823529411764,3.295881311147992e-07,0.0055363321799308,1.6479406555739957e-07,0.0072664359861591,8.239703277869979e-07,0.0076124567474049,6.262174491181184e-06,0.0079584775086505,1.977528786688795e-06,0.0083044982698963,4.9438219667219874e-06,0.0086505190311418,1.8621729407986156e-05,2,2,1,1,1
851,0,13:52:36,2,0.0072664359861591,17466.0,0.0070934256055363,0.0069204152249136,1.4666671834608563e-05,0.0065743944636678,3.444195970149651e-05,0.0062283737024222,3.477154783261131e-05,0.0058823529411764,3.295881311147992e-07,0.0055363321799308,1.6479406555739957e-07,0.0072664359861591,1.6479406555739957e-07,0.0076124567474049,6.262174491181184e-06,0.0079584775086505,1.977528786688795e-06,0.0083044982698963,4.9438219667219874e-06,0.0086505190311418,1.8621729407986156e-05,2,2,1,1,1
852,0,13:52:39,2,0.0069204152249136,2910.0,0.0070934256055363,0.0069204152249136,1.4501877769051163e-05,0.0065743944636678,3.444195970149651e-05,0.0062283737024222,3.477154783261131e-05,0.0058823529411764,3.295881311147992e-07,0.0055363321799308,1.6479406555739957e-07,0.0072664359861591,1.6479406555739957e-07,0.0076124567474049,6.262174491181184e-06,0.0079584775086505,1.977528786688795e-06,0.0083044982698963,4.9438219667219874e-06,0.0086505190311418,1.8621729407986156e-05,2,2,1,1,1
853,0,13:52:42,2,0.0069204152249136,0.0,0.0070934256055363,0.0069204152249136,1.4501877769051163e-05,0.0065743944636678,3.444195970149651e-05,0.0062283737024222,3.477154783261131e-05,0.0058823529411764,3.295881311147992e-07,0.0055363321799308,1.6479406555739957e-07,0.0072664359861591,1.6479406555739957e-07,0.0076124567474049,6.262174491181184e-06,0.0079584775086505,1.977528786688795e-06,0.0083044982698963,4.9438219667219874e-06,0.0086505190311418,1.8621729407986156e-05,2,2,1,1,1
854,0,13:52:45,2,0.0076124567474049,113567.0,0.0077854671280277,0.0076124567474049,2.4883903899167336e-05,0.0069204152249136,1.4501877769051163e-05,0.0065743944636678,3.444195970149651e-05,0.0062283737024222,3.477154783261131e-05,0.0058823529411764,3.295881311147992e-07,0.0079584775086505,1.977528786688795e-06,0.0083044982698963,4.9438219667219874e-06,0.0086505190311418,1.8621729407986156e-05,0.0089965397923876,1.3842701506821564e-05,0.0093425605536332,1.2689143047919769e-05,1,1,1,1,1
855,0,13:52:48,2,0.0076124567474049,0.0,0.0077854671280277,0.0076124567474049,2.4883903899167336e-05,0.0069204152249136,1.4501877769051163e-05,0.0065743944636678,3.444195970149651e-05,0.0062283737024222,3.477154783261131e-05,0.0058823529411764,3.295881311147992e-07,0.0079584775086505,1.977528786688795e-06,0.0083044982698963,4.9438219667219874e-06,0.0086505190311418,1.8621729407986156e-05,0.0089965397923876,1.3842701506821564e-05,0.0093425605536332,1.2689143047919769e-05,1,1,1,1,1
856,0,13:52:51,2,0.0079584775086505,26217.0,0.0077854671280277,0.0076124567474049,2.4883903899167336e-05,0.0069204152249136,1.4501877769051163e-05,0.0065743944636678,3.444195970149651e-05,0.0062283737024222,3.477154783261131e-05,0.0058823529411764,3.295881311147992e-07,0.0079584775086505,4.943821966721988e-07,0.0083044982698963,4.9438219667219874e-06,0.0086505190311418,1.8621729407986156e-05,0.0089965397923876,1.3842701506821564e-05,0.0093425605536332,1.2689143047919769e-05,1,1,1,1,1
857,0,13:52:54,2,0.0079584775086505,0.0,0.0077854671280277,0.0076124567474049,2.4883903899167336e-05,0.0069204152249136,1.4501877769051163e-05,0.0065743944636678,3.444195970149651e-05,0.0062283737024222,3.477154783261131e-05,0.0058823529411764,3.295881311147992e-07,0.0079584775086505,4.943821966721988e-07,0.0083044982698963,4.9438219667219874e-06,0.0086505190311418,1.8621729407986156e-05,0.0089965397923876,1.3842701506821564e-05,0.0093425605536332,1.2689143047919769e-05,1,1,1,1,1
858,0,13:52:57,2,0.0079584775086505,0.0,0.0077854671280277,0.0076124567474049,2.4883903899167336e-05,0.0069204152249136,1.4501877769051163e-05,0.0065743944636678,3.444195970149651e-05,0.0062283737024222,3.477154783261131e-05,0.0058823529411764,3.295881311147992e-07,0.0079584775086505,4.943821966721988e-07,0.0083044982698963,4.9438219667219874e-06,0.0086505190311418,1.3677907441264164e-05,0.0089965397923876,1.3842701506821564e-05,0.0093425605536332,1.2689143047919769e-05,1,1,1,1,1
859,0,13:53:00,2,0.0076124567474049,8736.0,0.0077854671280277,0.0076124567474049,2.438952170249514e-05,0.0069204152249136,1.4501877769051163e-05,0.0065743944636678,3.444195970149651e-05,0.0062283737024222,3.477154783261131e-05,0.0058823529411764,3.295881311147992e-07,0.0079584775086505,4.943821966721988e-07,0.0083044982698963,4.9438219667219874e-06,0.0086505190311418,1.3677907441264164e-05,0.0089965397923876,1.3842701506821564e-05,0.0093425605536332,1.2689143047919769e-05,1,1,1,1,1
860,0,13:53:03,2,0.0076124567474049,0.0,0.0077854671280277,0.0076124567474049,2.438952170249514e-05,0.0069204152249136,1.4501877769051163e-05,0.0065743944636678,3.444195970149651e-05,0.0062283737024222,3.477154783261131e-05,0.0058823529411764,3.295881311147992e-07,0.0079584775086505,4.943821966721988e-07,0.0083044982698963,4.9438219667219874e-06,0.0086505190311418,1.3677907441264164e-05,0.0089965397923876,1.3842701506821564e-05,0.0093425605536332,1.2689143047919769e-05,1,1,1,1,1
861,0,13:53:06,2,0.0076124567474049,0.0,0.0077854671280277,0.0076124567474049,2.438952170249514e-05,0.0069204152249136,1.4337083703493764e-05,0.0065743944636678,3.444195970149651e-05,0.0062283737024222,3.477154783261131e-05,0.0058823529411764,3.295881311147992e-07,0.0079584775086505,6.262174491181184e-06,0.0083044982698963,4.9438219667219874e-06,0.0086505190311418,1.3677907441264164e-05,0.0089965397923876,1.3842701506821564e-05,0.0093425605536332,1.2689143047919769e-05,1,1,1,1,1
862,0,13:53:09,2,0.0076124567474049,29120.0,0.0077854671280277,0.0076124567474049,2.2741581046921143e-05,0.0069204152249136,1.4337083703493764e-05,0.0065743944636678,3.444195970149651e-05,0.0062283737024222,3.477154783261131e-05,0.0058823529411764,3.295881311147992e-07,0.0079584775086505,6.262174491181184e-06,0.0083044982698963,4.9438219667219874e-06,0.0086505190311418,1.4007495572378964e-05,0.0089965397923876,1.3842701506821564e-05,0.0093425605536332,1.2689143047919769e-05,1,1,1,1,1
863,0,13:53:12,2,0.0076124567474049,2912.0,0.0077854671280277,0.0076124567474049,2.2576786981363745e-05,0.0069204152249136,1.4337083703493764e-05,0.0065743944636678,3.444195970149651e-05,0.0062283737024222,3.477154783261131e-05,0.0058823529411764,3.295881311147992e-07,0.0079584775086505,6.262174491181184e-06,0.0083044982698963,4.9438219667219874e-06,0.0086505190311418,1.4007495572378964e-05,0.0089965397923876,1.3842701506821564e-05,0.0093425605536332,1.2689143047919769e-05,1,1,1,1,1
864,0,13:53:15,2,0.0076124567474049,58240.0,0.0077854671280277,0.0076124567474049,1.9280905670215752e-05,0.0069204152249136,1.4337083703493764e-05,0.0065743944636678,3.444195970149651e-05,0.0062283737024222,3.477154783261131e-05,0.0058823529411764,3.295881311147992e-07,0.0079584775086505,6.262174491181184e-06,0.0083044982698963,4.9438219667219874e-06,0.0086505190311418,1.4007495572378964e-05,0.0089965397923876,1.3842701506821564e-05,0.0093425605536332,1.2689143047919769e-05,1,1,1,1,1
865,0,13:53:18,2,0.0076124567474049,8736.0,0.0077854671280277,0.0076124567474049,1.878652347354355e-05,0.0069204152249136,1.4337083703493764e-05,0.0065743944636678,3.444195970149651e-05,0.0062283737024222,3.477154783261131e-05,0.0058823529411764,3.295881311147992e-07,0.0079584775086505,6.262174491181184e-06,0.0083044982698963,4.9438219667219874e-06,0.0086505190311418,1.4007495572378964e-05,0.0089965397923876,1.3842701506821564e-05,0.0093425605536332,1.2689143047919769e-05,1,1,1,1,1
866,0,13:53:21,2,0.0079584775086505,34946.0,0.0077854671280277,0.0076124567474049,1.7138582817969556e-05,0.0069204152249136,1.4337083703493764e-05,0.0065743944636678,3.444195970149651e-05,0.0062283737024222,3.477154783261131e-05,0.0058823529411764,3.295881311147992e-07,0.0079584775086505,5.932586360066385e-06,0.0083044982698963,4.9438219667219874e-06,0.0086505190311418,1.4007495572378964e-05,0.0089965397923876,1.3842701506821564e-05,0.0093425605536332,1.2689143047919769e-05,1,1,1,1,1
867,0,13:53:24,2,0.0079584775086505,0.0,0.0077854671280277,0.0076124567474049,1.7138582817969556e-05,0.0069204152249136,1.4337083703493764e-05,0.0065743944636678,3.444195970149651e-05,0.0062283737024222,3.477154783261131e-05,0.0058823529411764,3.295881311147992e-07,0.0079584775086505,5.932586360066385e-06,0.0083044982698963,4.9438219667219874e-06,0.0086505190311418,1.4007495572378964e-05,0.0089965397923876,1.3842701506821564e-05,0.0093425605536332,1.2689143047919769e-05,1,1,1,1,1
868,0,13:53:27,2,0.0076124567474049,145600.0,0.0077854671280277,0.0076124567474049,8.898879540099578e-06,0.0069204152249136,1.4337083703493764e-05,0.0065743944636678,3.444195970149651e-05,0.0062283737024222,3.477154783261131e-05,0.0058823529411764,3.295881311147992e-07,0.0079584775086505,5.932586360066385e-06,0.0083044982698963,4.9438219667219874e-06,0.0086505190311418,1.4007495572378964e-05,0.0089965397923876,1.3842701506821564e-05,0.0093425605536332,1.2689143047919769e-05,1,1,1,1,1
869,0,13:53:30,2,0.0079584775086505,84477.0,0.0077854671280277,0.0076124567474049,8.898879540099578e-06,0.0069204152249136,1.4337083703493764e-05,0.0065743944636678,3.444195970149651e-05,0.0062283737024222,3.477154783261131e-05,0.0058823529411764,3.295881311147992e-07,0.0079584775086505,1.1535584589017972e-06,0.0083044982698963,5.602998228951586e-06,0.0086505190311418,1.4007495572378964e-05,0.0089965397923876,1.3842701506821564e-05,0.0093425605536332,1.2689143047919769e-05,1,1,1,1,1
870,0,13:53:33,2,0.0076124567474049,58240.0,0.0077854671280277,0.0076124567474049,5.602998228951586e-06,0.0069204152249136,1.4501877769051163e-05,0.0065743944636678,3.444195970149651e-05,0.0062283737024222,3.477154783261131e-05,0.0058823529411764,3.295881311147992e-07,0.0079584775086505,1.3183525244591966e-06,0.0083044982698963,5.602998228951586e-06,0.0086505190311418,1.4007495572378964e-05,0.0089965397923876,1.3842701506821564e-05,0.0093425605536332,1.2689143047919769e-05,1,1,1,1,1
871,0,13:53:36,2,0.0076124567474049,0.0,0.0077854671280277,0.0076124567474049,5.602998228951586e-06,0.0069204152249136,1.4501877769051163e-05,0.0065743944636678,3.444195970149651e-05,0.0062283737024222,3.477154783261131e-05,0.0058823529411764,3.295881311147992e-07,0.0079584775086505,1.3183525244591966e-06,0.0083044982698963,6.097380425623785e-06,0.0086505190311418,1.4007495572378964e-05,0.0089965397923876,1.3842701506821564e-05,0.0093425605536332,1.2689143047919769e-05,1,1,1,1,1
872,0,13:53:39,2,0.0076124567474049,0.0,0.0077854671280277,0.0076124567474049,5.602998228951586e-06,0.0072664359861591,4.9438219667219874e-06,0.0069204152249136,1.4501877769051163e-05,0.0065743944636678,3.444195970149651e-05,0.0062283737024222,3.477154783261131e-05,0.0079584775086505,1.3183525244591966e-06,0.0083044982698963,6.097380425623785e-06,0.0086505190311418,1.4007495572378964e-05,0.0089965397923876,1.3842701506821564e-05,0.0093425605536332,1.2689143047919769e-05,1,1,1,1,1
873,0,13:53:42,2,0.0076124567474049,2912.0,0.0077854671280277,0.0076124567474049,5.438204163394186e-06,0.0072664359861591,4.9438219667219874e-06,0.0069204152249136,1.4501877769051163e-05,0.0065743944636678,3.444195970149651e-05,0.0062283737024222,3.477154783261131e-05,0.0079584775086505,1.3183525244591966e-06,0.0083044982698963,6.756556687853383e-06,0.0086505190311418,1.4007495572378964e-05,0.0089965397923876,1.3842701506821564e-05,0.0093425605536332,1.2689143047919769e-05,1,1,1,1,0
874,0,13:53:45,2,0.0076124567474049,0.0,0.0077854671280277,0.0076124567474049,5.602998228951586e-06,0.0072664359861591,4.9438219667219874e-06,0.0069204152249136,1.4501877769051163e-05,0.0065743944636678,3.444195970149651e-05,0.0062283737024222,3.477154783261131e-05,0.0079584775086505,1.3183525244591966e-06,0.0083044982698963,6.756556687853383e-06,0.0086505190311418,1.4007495572378964e-05,0.0089965397923876,1.3842701506821564e-05,0.0093425605536332,1.2689143047919769e-05,1,1,1,1,0
875,0,13:53:48,2,0.0076124567474049,34944.0,0.0077854671280277,0.0076124567474049,3.625469442262791e-06,0.0072664359861591,4.9438219667219874e-06,0.0069204152249136,1.4501877769051163e-05,0.0065743944636678,3.444195970149651e-05,0.0062283737024222,3.477154783261131e-05,0.0079584775086505,1.3183525244591966e-06,0.0083044982698963,6.756556687853383e-06,0.0086505190311418,1.4007495572378964e-05,0.0089965397923876,1.3842701506821564e-05,0.0093425605536332,1.2689143047919769e-05,1,1,1,1,0
876,0,13:53:51,2,0.0076124567474049,0.0,0.0077854671280277,0.0076124567474049,3.625469442262791e-06,0.0072664359861591,4.9438219667219874e-06,0.0069204152249136,1.4501877769051163e-05,0.0065743944636678,3.444195970149651e-05,0.0062283737024222,3.477154783261131e-05,0.0079584775086505,1.3183525244591966e-06,0.0083044982698963,6.756556687853383e-06,0.0086505190311418,1.4007495572378964e-05,0.0089965397923876,1.3842701506821564e-05,0.0093425605536332,1.2689143047919769e-05,1,1,1,1,1
877,0,13:53:54,2,0.0079584775086505,32041.0,0.0077854671280277,0.0076124567474049,3.295881311147992e-06,0.0072664359861591,4.9438219667219874e-06,0.0069204152249136,1.4501877769051163e-05,0.0065743944636678,3.444195970149651e-05,0.0062283737024222,3.477154783261131e-05,0.0079584775086505,1.4831465900165962e-06,0.0083044982698963,7.74532108119778e-06,0.0086505190311418,1.4007495572378964e-05,0.0089965397923876,1.3842701506821564e-05,0.0093425605536332,1.2689143047919769e-05,1,1,1,1,1
878,0,13:53:57,2,0.0079584775086505,0.0,0.0077854671280277,0.0076124567474049,3.295881311147992e-06,0.0072664359861591,4.9438219667219874e-06,0.0069204152249136,1.4501877769051163e-05,0.0065743944636678,3.444195970149651e-05,0.0062283737024222,3.477154783261131e-05,0.0079584775086505,1.4831465900165962e-06,0.0083044982698963,7.74532108119778e-06,0.0086505190311418,1.4007495572378964e-05,0.0089965397923876,1.3842701506821564e-05,0.0093425605536332,1.2689143047919769e-05,1,1,1,1,1
879,0,13:54:00,2,0.0079584775086505,0.0,0.0077854671280277,0.0076124567474049,3.295881311147992e-06,0.0072664359861591,4.9438219667219874e-06,0.0069204152249136,1.4501877769051163e-05,0.0065743944636678,3.444195970149651e-05,0.0062283737024222,3.477154783261131e-05,0.0079584775086505,1.977528786688795e-06,0.0083044982698963,7.74532108119778e-06,0.0086505190311418,1.4007495572378964e-05,0.0089965397923876,1.3842701506821564e-05,0.0093425605536332,1.2689143047919769e-05,1,1,1,1,1
880,0,13:54:03,2,0.0079584775086505,0.0,0.0077854671280277,0.0076124567474049,3.295881311147992e-06,0.0072664359861591,4.9438219667219874e-06,0.0069204152249136,1.4501877769051163e-05,0.0065743944636678,3.444195970149651e-05,0.0062283737024222,3.477154783261131e-05,0.0079584775086505,1.977528786688795e-06,0.0083044982698963,7.74532108119778e-06,0.0086505190311418,1.4007495572378964e-05,0.0089965397923876,1.3842701506821564e-05,0.0093425605536332,1.2689143047919769e-05,1,1,1,1,0
881,0,13:54:06,2,0.0079584775086505,0.0,0.0077854671280277,0.0076124567474049,3.295881311147992e-06,0.0072664359861591,4.9438219667219874e-06,0.0069204152249136,1.4501877769051163e-05,0.0065743944636678,3.444195970149651e-05,0.0062283737024222,3.477154783261131e-05,0.0079584775086505,1.977528786688795e-06,0.0083044982698963,7.74532108119778e-06,0.0086505190311418,1.4007495572378964e-05,0.0089965397923876,1.3842701506821564e-05,0.0093425605536332,1.2689143047919769e-05,1,1,1,1,0
882,0,13:54:09,2,0.0079584775086505,0.0,0.0077854671280277,0.0076124567474049,3.295881311147992e-06,0.0072664359861591,4.9438219667219874e-06,0.0069204152249136,1.4501877769051163e-05,0.0065743944636678,3.444195970149651e-05,0.0062283737024222,3.477154783261131e-05,0.0079584775086505,1.977528786688795e-06,0.0083044982698963,7.74532108119778e-06,0.0086505190311418,1.4007495572378964e-05,0.0089965397923876,1.3842701506821564e-05,0.0093425605536332,1.2689143047919769e-05,1,1,1,1,0
883,0,13:54:12,2,0.0079584775086505,0.0,0.0077854671280277,0.0076124567474049,3.295881311147992e-06,0.0072664359861591,4.9438219667219874e-06,0.0069204152249136,1.4501877769051163e-05,0.0065743944636678,3.444195970149651e-05,0.0062283737024222,3.477154783261131e-05,0.0079584775086505,1.977528786688795e-06,0.0083044982698963,7.74532108119778e-06,0.0086505190311418,1.4007495572378964e-05,0.0089965397923876,1.3842701506821564e-05,0.0093425605536332,1.2689143047919769e-05,1,1,1,1,0
884,0,13:54:15,2,0.0079584775086505,0.0,0.0077854671280277,0.0076124567474049,3.295881311147992e-06,0.0072664359861591,4.9438219667219874e-06,0.0069204152249136,1.4501877769051163e-05,0.0065743944636678,3.444195970149651e-05,0.0062283737024222,3.477154783261131e-05,0.0079584775086505,1.977528786688795e-06,0.0083044982698963,7.74532108119778e-06,0.0086505190311418,1.4007495572378964e-05,0.0089965397923876,1.3842701506821564e-05,0.0093425605536332,1.2689143047919769e-05,1,1,1,1,0
885,0,13:54:18,2,0.0079584775086505,17473.0,0.0077854671280277,0.0076124567474049,2.4719109833609937e-06,0.0072664359861591,4.9438219667219874e-06,0.0069204152249136,1.4337083703493764e-05,0.0065743944636678,3.444195970149651e-05,0.0062283737024222,3.477154783261131e-05,0.0079584775086505,2.1423228522461945e-06,0.0083044982698963,7.74532108119778e-06,0.0086505190311418,1.4007495572378964e-05,0.0089965397923876,1.3842701506821564e-05,0.0093425605536332,1.2689143047919769e-05,1,1,1,1,0
886,0,13:54:21,2,0.0076124567474049,34946.0,0.0077854671280277,0.0076124567474049,8.239703277869979e-07,0.0072664359861591,4.9438219667219874e-06,0.0069204152249136,1.4337083703493764e-05,0.0065743944636678,3.444195970149651e-05,0.0062283737024222,3.477154783261131e-05,0.0079584775086505,1.8127347211313956e-06,0.0083044982698963,7.74532108119778e-06,0.0086505190311418,1.4007495572378964e-05,0.0089965397923876,1.3842701506821564e-05,0.0093425605536332,1.2689143047919769e-05,1,1,1,1,0
887,0,13:54:24,2,0.0076124567474049,0.0,0.0077854671280277,0.0076124567474049,8.239703277869979e-07,0.0072664359861591,4.9438219667219874e-06,0.0069204152249136,1.4337083703493764e-05,0.0065743944636678,3.444195970149651e-05,0.0062283737024222,3.477154783261131e-05,0.0079584775086505,1.8127347211313956e-06,0.0083044982698963,7.74532108119778e-06,0.0086505190311418,1.4007495572378964e-05,0.0089965397923876,1.3842701506821564e-05,0.0093425605536332,1.2689143047919769e-05,1,1,1,1,0
888,0,13:54:27,2,0.0076124567474049,14560.0,0.0076124567474047,0.0072664359861591,4.9438219667219874e-06,0.0069204152249136,1.4337083703493764e-05,0.0065743944636678,3.444195970149651e-05,0.0062283737024222,3.477154783261131e-05,0.0058823529411764,3.295881311147992e-07,0.0079584775086505,1.8127347211313956e-06,0.0083044982698963,7.250938884525582e-06,0.0086505190311418,1.4007495572378964e-05,0.0089965397923876,1.3842701506821564e-05,0.0093425605536332,1.2689143047919769e-05,1,1,1,1,0
889,0,13:54:30,2,0.0076124567474049,0.0,0.0076124567474047,0.0072664359861591,4.9438219667219874e-06,0.0069204152249136,1.4337083703493764e-05,0.0065743944636678,3.444195970149651e-05,0.0062283737024222,3.477154783261131e-05,0.0058823529411764,3.295881311147992e-07,0.0079584775086505,1.977528786688795e-06,0.0083044982698963,7.250938884525582e-06,0.0086505190311418,1.4007495572378964e-05,0.0089965397923876,1.3842701506821564e-05,0.0093425605536332,1.2689143047919769e-05,1,1,1,1,0
890,0,13:54:33,2,0.0076124567474049,0.0,0.0076124567474047,0.0072664359861591,4.9438219667219874e-06,0.0069204152249136,1.4337083703493764e-05,0.0065743944636678,3.444195970149651e-05,0.0062283737024222,3.477154783261131e-05,0.0058823529411764,3.295881311147992e-07,0.0079584775086505,1.977528786688795e-06,0.0083044982698963,7.250938884525582e-06,0.0086505190311418,1.4007495572378964e-05,0.0089965397923876,1.3842701506821564e-05,0.0093425605536332,1.2689143047919769e-05,1,1,1,1,0
891,0,13:54:36,2,0.0079584775086505,5826.0,0.0076124567474047,0.0072664359861591,4.9438219667219874e-06,0.0069204152249136,1.4337083703493764e-05,0.0065743944636678,3.444195970149651e-05,0.0062283737024222,3.477154783261131e-05,0.0058823529411764,3.295881311147992e-07,0.0079584775086505,1.6479406555739958e-06,0.0083044982698963,7.250938884525582e-06,0.0086505190311418,1.4007495572378964e-05,0.0089965397923876,1.3842701506821564e-05,0.0093425605536332,1.2689143047919769e-05,1,1,1,1,0
892,0,13:54:39,2,0.0079584775086505,0.0,0.0076124567474047,0.0072664359861591,5.932586360066385e-06,0.0069204152249136,1.4337083703493764e-05,0.0065743944636678,3.444195970149651e-05,0.0062283737024222,3.477154783261131e-05,0.0058823529411764,3.295881311147992e-07,0.0079584775086505,1.6479406555739958e-06,0.0083044982698963,7.250938884525582e-06,0.0086505190311418,1.4007495572378964e-05,0.0089965397923876,1.3842701506821564e-05,0.0093425605536332,1.2689143047919769e-05,1,1,1,1,0
893,0,13:54:42,2,0.0079584775086505,0.0,0.0077854671280277,0.0076124567474049,6.591762622295983e-07,0.0072664359861591,5.932586360066385e-06,0.0069204152249136,1.4337083703493764e-05,0.0065743944636678,3.444195970149651e-05,0.0062283737024222,3.477154783261131e-05,0.0079584775086505,1.6479406555739958e-06,0.0083044982698963,7.250938884525582e-06,0.0086505190311418,1.4007495572378964e-05,0.0089965397923876,1.3842701506821564e-05,0.0093425605536332,1.2689143047919769e-05,1,1,1,0,0
894,0,13:54:45,2,0.0079584775086505,0.0,0.0077854671280277,0.0076124567474049,6.591762622295983e-07,0.0072664359861591,5.932586360066385e-06,0.0069204152249136,1.4337083703493764e-05,0.0065743944636678,3.444195970149651e-05,0.0062283737024222,3.477154783261131e-05,0.0079584775086505,1.6479406555739958e-06,0.0083044982698963,7.250938884525582e-06,0.0086505190311418,1.4007495572378964e-05,0.0089965397923876,1.3842701506821564e-05,0.0093425605536332,1.2689143047919769e-05,1,1,1,0,0
895,0,13:54:48,2,0.0079584775086505,8738.0,0.0077854671280277,0.0076124567474049,4.943821966721988e-07,0.0072664359861591,5.932586360066385e-06,0.0069204152249136,1.4337083703493764e-05,0.0065743944636678,3.444195970149651e-05,0.0062283737024222,3.477154783261131e-05,0.0079584775086505,1.4831465900165962e-06,0.0083044982698963,7.250938884525582e-06,0.0086505190311418,1.4007495572378964e-05,0.0089965397923876,1.3842701506821564e-05,0.0093425605536332,1.2689143047919769e-05,1,1,1,0,0
896,0,13:54:51,2,0.0079584775086505,0.0,0.0077854671280277,0.0076124567474049,4.943821966721988e-07,0.0072664359861591,5.932586360066385e-06,0.0069204152249136,1.4337083703493764e-05,0.0065743944636678,3.444195970149651e-05,0.0062283737024222,3.477154783261131e-05,0.0079584775086505,1.4831465900165962e-06,0.0083044982698963,7.250938884525582e-06,0.0086505190311418,1.4007495572378964e-05,0.0089965397923876,1.3842701506821564e-05,0.0093425605536332,1.2689143047919769e-05,1,1,1,1,0
897,0,13:54:54,2,0.0079584775086505,0.0,0.0077854671280277,0.0076124567474049,4.943821966721988e-07,0.0072664359861591,5.932586360066385e-06,0.0069204152249136,1.4337083703493764e-05,0.0065743944636678,3.444195970149651e-05,0.0062283737024222,3.477154783261131e-05,0.0079584775086505,1.4831465900165962e-06,0.0083044982698963,7.250938884525582e-06,0.0086505190311418,1.4007495572378964e-05,0.0089965397923876,1.3842701506821564e-05,0.0093425605536332,1.2689143047919769e-05,1,1,1,1,0
898,0,13:54:57,2,0.0079584775086505,14565.0,0.0077854671280277,0.0076124567474049,4.943821966721988e-07,0.0072664359861591,5.932586360066385e-06,0.0069204152249136,1.4337083703493764e-05,0.0065743944636678,3.444195970149651e-05,0.0062283737024222,3.477154783261131e-05,0.0079584775086505,6.591762622295983e-07,0.0083044982698963,7.250938884525582e-06,0.0086505190311418,1.4007495572378964e-05,0.0089965397923876,1.3842701506821564e-05,0.0093425605536332,1.2689143047919769e-05,1,1,1,1,0
899,0,13:55:00,2,0.0079584775086505,0.0,0.0077854671280277,0.0076124567474049,4.943821966721988e-07,0.0072664359861591,5.932586360066385e-06,0.0069204152249136,1.4337083703493764e-05,0.0065743944636678,3.444195970149651e-05,0.0062283737024222,3.477154783261131e-05,0.0079584775086505,6.591762622295983e-07,0.0083044982698963,7.250938884525582e-06,0.0086505190311418,1.4007495572378964e-05,0.0089965397923876,1.3842701506821564e-05,0.0093425605536332,1.2689143047919769e-05,1,1,1,1,0
900,0,13:55:03,2,0.0079584775086505,0.0,0.0077854671280277,0.0076124567474049,4.943821966721988e-07,0.0072664359861591,5.932586360066385e-06,0.0069204152249136,1.4337083703493764e-05,0.0065743944636678,3.444195970149651e-05,0.0062283737024222,3.477154783261131e-05,0.0079584775086505,6.591762622295983e-07,0.0083044982698963,7.250938884525582e-06,0.0086505190311418,1.4007495572378964e-05,0.0089965397923876,1.3842701506821564e-05,0.0093425605536332,1.2689143047919769e-05,1,1,1,0,0
901,0,13:55:06,2,0.0079584775086505,0.0,0.0077854671280277,0.0076124567474049,4.943821966721988e-07,0.0072664359861591,5.932586360066385e-06,0.0069204152249136,1.4337083703493764e-05,0.0065743944636678,3.444195970149651e-05,0.0062283737024222,3.477154783261131e-05,0.0079584775086505,6.591762622295983e-07,0.0083044982698963,7.250938884525582e-06,0.0086505190311418,1.4007495572378964e-05,0.0089965397923876,1.3842701506821564e-05,0.0093425605536332,1.2689143047919769e-05,1,1,1,0,0
902,0,13:55:09,2,0.0079584775086505,0.0,0.0077854671280277,0.0076124567474049,4.943821966721988e-07,0.0072664359861591,5.932586360066385e-06,0.0069204152249136,1.4337083703493764e-05,0.0065743944636678,3.444195970149651e-05,0.0062283737024222,3.477154783261131e-05,0.0079584775086505,6.591762622295983e-07,0.0083044982698963,7.250938884525582e-06,0.0086505190311418,1.4007495572378964e-05,0.0089965397923876,1.3842701506821564e-05,0.0093425605536332,1.2689143047919769e-05,1,1,1,0,0
903,0,13:55:12,2,0.0079584775086505,0.0,0.0077854671280277,0.0076124567474049,4.943821966721988e-07,0.0072664359861591,5.932586360066385e-06,0.0069204152249136,1.4337083703493764e-05,0.0065743944636678,3.444195970149651e-05,0.0062283737024222,3.477154783261131e-05,0.0079584775086505,6.591762622295983e-07,0.0083044982698963,7.250938884525582e-06,0.0086505190311418,1.4007495572378964e-05,0.0089965397923876,1.3842701506821564e-05,0.0093425605536332,1.2689143047919769e-05,1,1,1,0,0
904,0,13:55:15,2,0.0079584775086505,2913.0,0.0077854671280277,0.0076124567474049,4.943821966721988e-07,0.0072664359861591,5.932586360066385e-06,0.0069204152249136,1.4337083703493764e-05,0.0065743944636678,3.444195970149651e-05,0.0062283737024222,3.477154783261131e-05,0.0079584775086505,9.887643933443975e-07,0.0083044982698963,7.250938884525582e-06,0.0086505190311418,1.4007495572378964e-05,0.0089965397923876,1.3842701506821564e-05,0.0093425605536332,1.2689143047919769e-05,1,1,1,0,0
905,0,13:55:18,2,0.0079584775086505,0.0,0.0077854671280277,0.0076124567474049,4.943821966721988e-07,0.0072664359861591,5.932586360066385e-06,0.0069204152249136,1.4337083703493764e-05,0.0065743944636678,3.444195970149651e-05,0.0062283737024222,3.477154783261131e-05,0.0079584775086505,9.887643933443975e-07,0.0083044982698963,7.250938884525582e-06,0.0086505190311418,1.4007495572378964e-05,0.0089965397923876,1.3842701506821564e-05,0.0093425605536332,1.2689143047919769e-05,1,1,1,0,0
906,0,13:55:21,2,0.0079584775086505,0.0,0.0077854671280277,0.0076124567474049,4.943821966721988e-07,0.0072664359861591,5.932586360066385e-06,0.0069204152249136,1.4337083703493764e-05,0.0065743944636678,3.444195970149651e-05,0.0062283737024222,3.477154783261131e-05,0.0079584775086505,1.3183525244591966e-06,0.0083044982698963,7.250938884525582e-06,0.0086505190311418,1.4007495572378964e-05,0.0089965397923876,1.3842701506821564e-05,0.0093425605536332,1.2853937113477169e-05,1,1,1,0,0
907,0,13:55:24,2,0.0079584775086505,0.0,0.0077854671280277,0.0076124567474049,4.943821966721988e-07,0.0072664359861591,5.932586360066385e-06,0.0069204152249136,1.4337083703493764e-05,0.0065743944636678,3.444195970149651e-05,0.0062283737024222,3.477154783261131e-05,0.0079584775086505,1.3183525244591966e-06,0.0083044982698963,7.250938884525582e-06,0.0086505190311418,1.4007495572378964e-05,0.0089965397923876,1.3842701506821564e-05,0.0093425605536332,1.2853937113477169e-05,1,1,1,0,0
908,0,13:55:27,2,0.0079584775086505,0.0,0.0077854671280277,0.0076124567474049,4.943821966721988e-07,0.0072664359861591,5.932586360066385e-06,0.0069204152249136,1.4337083703493764e-05,0.0065743944636678,3.444195970149651e-05,0.0062283737024222,3.477154783261131e-05,0.0079584775086505,1.3183525244591966e-06,0.0083044982698963,7.250938884525582e-06,0.0086505190311418,1.4007495572378964e-05,0.0089965397923876,1.3842701506821564e-05,0.0093425605536332,1.2853937113477169e-05,1,1,1,0,0
909,0,13:55:30,2,0.0079584775086505,0.0,0.0077854671280277,0.0076124567474049,4.943821966721988e-07,0.0072664359861591,5.932586360066385e-06,0.0069204152249136,1.4337083703493764e-05,0.0065743944636678,3.444195970149651e-05,0.0062283737024222,3.477154783261131e-05,0.0079584775086505,1.3183525244591966e-06,0.0083044982698963,7.5805270156403806e-06,0.0086505190311418,1.4007495572378964e-05,0.0089965397923876,1.3842701506821564e-05,0.0093425605536332,1.2853937113477169e-05,1,1,1,0,0
910,0,13:55:33,2,0.0079584775086505,29128.0,0.0079584775086507,0.0076124567474049,1.6479406555739957e-07,0.0072664359861591,5.932586360066385e-06,0.0069204152249136,1.4337083703493764e-05,0.0065743944636678,3.444195970149651e-05,0.0062283737024222,3.477154783261131e-05,0.0083044982698963,7.5805270156403806e-06,0.0086505190311418,1.4007495572378964e-05,0.0089965397923876,1.3842701506821564e-05,0.0093425605536332,1.2853937113477169e-05,0.009688581314879,5.602998228951586e-06,0,1,1,0,0
911,0,13:55:36,2,0.0079584775086505,0.0,0.0079584775086507,0.0076124567474049,1.6479406555739957e-07,0.0072664359861591,5.932586360066385e-06,0.0069204152249136,1.4337083703493764e-05,0.0065743944636678,3.444195970149651e-05,0.0062283737024222,3.477154783261131e-05,0.0083044982698963,7.5805270156403806e-06,0.0086505190311418,1.4007495572378964e-05,0.0089965397923876,1.3842701506821564e-05,0.0093425605536332,1.2853937113477169e-05,0.009688581314879,5.602998228951586e-06,0,1,1,0,0
912,0,13:55:39,2,0.0072664359861591,5823.0,0.0077854671280277,0.0072664359861591,5.767792294508985e-06,0.0069204152249136,1.4337083703493764e-05,0.0065743944636678,3.444195970149651e-05,0.0062283737024222,3.477154783261131e-05,0.0058823529411764,3.295881311147992e-07,0.0083044982698963,7.5805270156403806e-06,0.0086505190311418,1.4007495572378964e-05,0.0089965397923876,1.3842701506821564e-05,0.0093425605536332,1.2853937113477169e-05,0.009688581314879,5.602998228951586e-06,1,1,1,0,0
913,0,13:55:42,2,0.0072664359861591,14555.0,0.0074394463667821,0.0072664359861591,5.108616032279387e-06,0.0069204152249136,1.4337083703493764e-05,0.0065743944636678,3.444195970149651e-05,0.0062283737024222,3.477154783261131e-05,0.0058823529411764,3.295881311147992e-07,0.0076124567474049,1.977528786688795e-06,0.0083044982698963,7.5805270156403806e-06,0.0086505190311418,1.4007495572378964e-05,0.0089965397923876,1.3842701506821564e-05,0.0093425605536332,1.2853937113477169e-05,1,2,1,0,0
914,0,13:55:45,2,0.0072664359861591,0.0,0.0074394463667821,0.0072664359861591,5.108616032279387e-06,0.0069204152249136,1.4337083703493764e-05,0.0065743944636678,3.444195970149651e-05,0.0062283737024222,3.477154783261131e-05,0.0058823529411764,3.295881311147992e-07,0.0076124567474049,1.977528786688795e-06,0.0083044982698963,7.5805270156403806e-06,0.0086505190311418,1.4007495572378964e-05,0.0089965397923876,1.3842701506821564e-05,0.0093425605536332,1.2853937113477169e-05,1,2,1,0,0
915,0,13:55:48,2,0.0072664359861591,8733.0,0.0074394463667821,0.0072664359861591,4.614233835607189e-06,0.0069204152249136,1.4337083703493764e-05,0.0065743944636678,3.444195970149651e-05,0.0062283737024222,3.477154783261131e-05,0.0058823529411764,3.295881311147992e-07,0.0076124567474049,1.977528786688795e-06,0.0083044982698963,7.5805270156403806e-06,0.0086505190311418,1.4007495572378964e-05,0.0089965397923876,1.3842701506821564e-05,0.0093425605536332,1.2853937113477169e-05,2,2,1,0,0
916,0,13:55:51,2,0.0072664359861591,0.0,0.0074394463667821,0.0072664359861591,4.614233835607189e-06,0.0069204152249136,1.4337083703493764e-05,0.0065743944636678,3.444195970149651e-05,0.0062283737024222,3.477154783261131e-05,0.0058823529411764,3.295881311147992e-07,0.0076124567474049,1.977528786688795e-06,0.0083044982698963,7.5805270156403806e-06,0.0086505190311418,1.4666671834608563e-05,0.0089965397923876,1.3842701506821564e-05,0.0093425605536332,1.2853937113477169e-05,2,2,1,0,0
917,0,13:55:54,2,0.0072664359861591,2911.0,0.0074394463667821,0.0072664359861591,4.449439770049789e-06,0.0069204152249136,1.4337083703493764e-05,0.0065743944636678,3.444195970149651e-05,0.0062283737024222,3.477154783261131e-05,0.0058823529411764,3.295881311147992e-07,0.0076124567474049,1.977528786688795e-06,0.0083044982698963,7.5805270156403806e-06,0.0086505190311418,1.4666671834608563e-05,0.0089965397923876,1.3842701506821564e-05,0.0093425605536332,1.2853937113477169e-05,2,2,1,0,0
918,0,13:55:57,2,0.0072664359861591,0.0,0.0074394463667821,0.0072664359861591,4.449439770049789e-06,0.0069204152249136,1.4337083703493764e-05,0.0065743944636678,3.444195970149651e-05,0.0062283737024222,3.477154783261131e-05,0.0058823529411764,3.295881311147992e-07,0.0076124567474049,1.977528786688795e-06,0.0083044982698963,7.5805270156403806e-06,0.0086505190311418,1.4666671834608563e-05,0.0089965397923876,1.3842701506821564e-05,0.0093425605536332,1.2853937113477169e-05,2,2,1,0,0
919,0,13:56:00,2,0.0076124567474049,14560.0,0.0074394463667821,0.0072664359861591,4.449439770049789e-06,0.0069204152249136,1.4337083703493764e-05,0.0065743944636678,3.444195970149651e-05,0.0062283737024222,3.477154783261131e-05,0.0058823529411764,3.295881311147992e-07,0.0076124567474049,1.1535584589017972e-06,0.0083044982698963,7.5805270156403806e-06,0.0086505190311418,1.4666671834608563e-05,0.0089965397923876,1.3842701506821564e-05,0.0093425605536332,1.2853937113477169e-05,2,1,1,0,0
920,0,13:56:03,2,0.0076124567474049,20384.0,0.0079584775086507,0.0076124567474049,1.3183525244591966e-06,0.0072664359861591,4.449439770049789e-06,0.0069204152249136,1.4337083703493764e-05,0.0065743944636678,3.444195970149651e-05,0.0062283737024222,3.477154783261131e-05,0.0083044982698963,7.5805270156403806e-06,0.0086505190311418,1.4666671834608563e-05,0.0089965397923876,1.3842701506821564e-05,0.0093425605536332,1.2853937113477169e-05,0.009688581314879,5.602998228951586e-06,1,0,0,0,0
921,0,13:56:06,2,0.0076124567474049,0.0,0.0079584775086507,0.0076124567474049,1.3183525244591966e-06,0.0072664359861591,4.449439770049789e-06,0.0069204152249136,1.4337083703493764e-05,0.0065743944636678,3.444195970149651e-05,0.0062283737024222,3.477154783261131e-05,0.0083044982698963,7.5805270156403806e-06,0.0086505190311418,1.4666671834608563e-05,0.0089965397923876,1.3842701506821564e-05,0.0093425605536332,1.2853937113477169e-05,0.009688581314879,5.932586360066385e-06,1,0,0,0,0
922,0,13:56:09,2,0.0076124567474049,0.0,0.0079584775086507,0.0076124567474049,1.3183525244591966e-06,0.0072664359861591,4.449439770049789e-06,0.0069204152249136,1.4337083703493764e-05,0.0065743944636678,3.444195970149651e-05,0.0062283737024222,3.477154783261131e-05,0.0083044982698963,7.5805270156403806e-06,0.0086505190311418,1.4666671834608563e-05,0.0089965397923876,1.3842701506821564e-05,0.0093425605536332,1.2853937113477169e-05,0.009688581314879,5.932586360066385e-06,1,0,0,0,0
923,0,13:56:12,2,0.0076124567474049,8736.0,0.0079584775086507,0.0076124567474049,8.239703277869979e-07,0.0072664359861591,4.449439770049789e-06,0.0069204152249136,1.4337083703493764e-05,0.0065743944636678,3.444195970149651e-05,0.0062283737024222,3.477154783261131e-05,0.0083044982698963,7.5805270156403806e-06,0.0086505190311418,1.4666671834608563e-05,0.0089965397923876,1.3842701506821564e-05,0.0093425605536332,1.2853937113477169e-05,0.009688581314879,5.932586360066385e-06,1,0,0,0,0
924,0,13:56:15,2,0.0076124567474049,0.0,0.0079584775086507,0.0076124567474049,8.239703277869979e-07,0.0072664359861591,4.449439770049789e-06,0.0069204152249136,1.4337083703493764e-05,0.0065743944636678,3.444195970149651e-05,0.0062283737024222,3.477154783261131e-05,0.0083044982698963,7.5805270156403806e-06,0.0086505190311418,1.4666671834608563e-05,0.0089965397923876,1.3842701506821564e-05,0.0093425605536332,1.2853937113477169e-05,0.009688581314879,5.932586360066385e-06,1,0,0,0,0
925,0,13:56:18,2,0.0076124567474049,0.0,0.0079584775086507,0.0076124567474049,8.239703277869979e-07,0.0072664359861591,4.449439770049789e-06,0.0069204152249136,1.4337083703493764e-05,0.0065743944636678,3.444195970149651e-05,0.0062283737024222,3.477154783261131e-05,0.0083044982698963,8.569291408984778e-06,0.0086505190311418,1.4007495572378964e-05,0.0089965397923876,1.3842701506821564e-05,0.0093425605536332,1.2853937113477169e-05,0.009688581314879,5.932586360066385e-06,0,0,0,0,0
926,0,13:56:21,2,0.0076124567474049,2912.0,0.0079584775086507,0.0076124567474049,6.591762622295983e-07,0.0072664359861591,4.449439770049789e-06,0.0069204152249136,1.4337083703493764e-05,0.0065743944636678,3.444195970149651e-05,0.0062283737024222,3.477154783261131e-05,0.0083044982698963,8.569291408984778e-06,0.0086505190311418,1.4007495572378964e-05,0.0089965397923876,1.3842701506821564e-05,0.0093425605536332,1.2853937113477169e-05,0.009688581314879,5.932586360066385e-06,0,0,0,0,0
927,0,13:56:24,2,0.0076124567474049,5824.0,0.0079584775086507,0.0076124567474049,3.295881311147992e-07,0.0072664359861591,4.284645704492389e-06,0.0069204152249136,1.4337083703493764e-05,0.0065743944636678,3.444195970149651e-05,0.0062283737024222,3.477154783261131e-05,0.0083044982698963,8.569291408984778e-06,0.0086505190311418,1.4007495572378964e-05,0.0089965397923876,1.3842701506821564e-05,0.0093425605536332,1.2853937113477169e-05,0.009688581314879,5.932586360066385e-06,0,0,0,0,0
928,0,13:56:27,2,0.0076124567474049,0.0,0.0079584775086507,0.0076124567474049,3.295881311147992e-07,0.0072664359861591,4.284645704492389e-06,0.0069204152249136,1.4337083703493764e-05,0.0065743944636678,3.444195970149651e-05,0.0062283737024222,3.477154783261131e-05,0.0083044982698963,8.569291408984778e-06,0.0086505190311418,1.4007495572378964e-05,0.0089965397923876,1.3842701506821564e-05,0.0093425605536332,1.2853937113477169e-05,0.009688581314879,5.932586360066385e-06,0,0,0,0,0
929,0,13:56:30,2,0.0072664359861591,17468.0,0.0077854671280277,0.0072664359861591,3.625469442262791e-06,0.0069204152249136,1.3842701506821564e-05,0.0065743944636678,3.444195970149651e-05,0.0062283737024222,3.4606753767053915e-05,0.0058823529411764,3.295881311147992e-07,0.0083044982698963,9.228467671214376e-06,0.0086505190311418,1.4007495572378964e-05,0.0089965397923876,1.3842701506821564e-05,0.0093425605536332,1.2853937113477169e-05,0.009688581314879,5.932586360066385e-06,0,0,0,0,0
930,0,13:56:33,2,0.0072664359861591,43667.0,0.0074394463667821,0.0072664359861591,1.4831465900165962e-06,0.0069204152249136,1.2689143047919769e-05,0.0065743944636678,3.444195970149651e-05,0.0062283737024222,3.4606753767053915e-05,0.0058823529411764,3.295881311147992e-07,0.0076124567474049,6.591762622295983e-07,0.0083044982698963,9.228467671214376e-06,0.0086505190311418,1.4007495572378964e-05,0.0089965397923876,1.3842701506821564e-05,0.0093425605536332,1.2853937113477169e-05,0,0,0,0,0
931,0,13:56:36,2,0.0069204152249136,43659.0,0.0072664359861591,0.0069204152249136,1.170037865457537e-05,0.0065743944636678,3.444195970149651e-05,0.0062283737024222,3.4606753767053915e-05,0.0058823529411764,1.6479406555739957e-07,0.0044982698961939,9.887643933443975e-07,0.0076124567474049,6.591762622295983e-07,0.0083044982698963,9.228467671214376e-06,0.0086505190311418,1.4007495572378964e-05,0.0089965397923876,1.3842701506821564e-05,0.0093425605536332,1.2853937113477169e-05,1,0,0,0,0
932,0,13:56:39,2,0.0069204152249136,110580.0,0.0072664359861591,0.0069204152249136,5.602998228951586e-06,0.0065743944636678,3.444195970149651e-05,0.0062283737024222,3.4606753767053915e-05,0.0058823529411764,1.6479406555739957e-07,0.0044982698961939,9.887643933443975e-07,0.0076124567474049,6.591762622295983e-07,0.0083044982698963,9.228467671214376e-06,0.0086505190311418,1.4007495572378964e-05,0.0089965397923876,1.3842701506821564e-05,0.0093425605536332,1.2853937113477169e-05,1,0,0,0,0
933,0,13:56:42,2,0.0069204152249136,98940.0,0.0067474048442905,0.0065743944636678,3.444195970149651e-05,0.0062283737024222,3.4606753767053915e-05,0.0058823529411764,1.6479406555739957e-07,0.0044982698961939,9.887643933443975e-07,0.0038062283737025,1.582023029351036e-05,0.0069204152249136,3.95505757337759e-06,0.0076124567474049,1.4831465900165962e-06,0.0083044982698963,9.228467671214376e-06,0.0086505190311418,1.4007495572378964e-05,0.0089965397923876,1.3842701506821564e-05,1,0,0,0,0
934,0,13:56:45,2,0.0065743944636678,299627.0,0.0067474048442905,0.0065743944636678,1.7468170949084355e-05,0.0062283737024222,3.4606753767053915e-05,0.0058823529411764,1.6479406555739957e-07,0.0044982698961939,9.887643933443975e-07,0.0038062283737025,1.582023029351036e-05,0.0069204152249136,3.95505757337759e-06,0.0076124567474049,1.977528786688795e-06,0.0083044982698963,9.228467671214376e-06,0.0086505190311418,1.4007495572378964e-05,0.0089965397923876,1.3842701506821564e-05,1,0,0,0,1
935,0,13:56:48,2,0.0062283737024222,471202.0,0.0065743944636678,0.0062283737024222,2.537828609583953e-05,0.0058823529411764,1.6479406555739957e-07,0.0044982698961939,9.887643933443975e-07,0.0038062283737025,1.582023029351036e-05,0.0034602076124568,2.4719109833609937e-06,0.0069204152249136,3.95505757337759e-06,0.0076124567474049,1.977528786688795e-06,0.0083044982698963,9.228467671214376e-06,0.0086505190311418,1.4007495572378964e-05,0.0089965397923876,1.3842701506821564e-05,0,0,0,0,1
936,0,13:56:51,2,0.0062283737024222,322788.0,0.0069204152249136,0.0062283737024222,7.086144818968182e-06,0.0058823529411764,1.6479406555739957e-07,0.0044982698961939,9.887643933443975e-07,0.0038062283737025,1.582023029351036e-05,0.0034602076124568,2.4719109833609937e-06,0.0076124567474049,1.977528786688795e-06,0.0083044982698963,9.228467671214376e-06,0.0086505190311418,1.4007495572378964e-05,0.0089965397923876,1.3842701506821564e-05,0.0093425605536332,1.2853937113477169e-05,0,0,0,0,0
937,0,13:56:54,2,0.0062283737024222,104688.0,0.0069204152249136,0.0062283737024222,1.3183525244591966e-06,0.0058823529411764,1.6479406555739957e-07,0.0044982698961939,9.887643933443975e-07,0.0038062283737025,1.582023029351036e-05,0.0034602076124568,2.4719109833609937e-06,0.0076124567474049,1.977528786688795e-06,0.0083044982698963,2.1093640391347145e-05,0.0086505190311418,1.4007495572378964e-05,0.0089965397923876,1.3842701506821564e-05,0.0093425605536332,1.2853937113477169e-05,0,0,0,0,0
938,0,13:56:57,2,0.0062283737024222,0.0,0.0069204152249136,0.0062283737024222,1.3183525244591966e-06,0.0058823529411764,1.6479406555739957e-07,0.0044982698961939,9.887643933443975e-07,0.0038062283737025,1.582023029351036e-05,0.0034602076124568,2.4719109833609937e-06,0.0076124567474049,1.977528786688795e-06,0.0083044982698963,2.1093640391347145e-05,0.0086505190311418,1.4007495572378964e-05,0.0089965397923876,1.3842701506821564e-05,0.0093425605536332,1.2853937113477169e-05,0,0,0,0,0
939,0,13:57:00,2,0.0062283737024222,0.0,0.0069204152249136,0.0062283737024222,1.3183525244591966e-06,0.0058823529411764,1.6479406555739957e-07,0.0044982698961939,9.887643933443975e-07,0.0038062283737025,1.582023029351036e-05,0.0034602076124568,2.4719109833609937e-06,0.0076124567474049,1.977528786688795e-06,0.0083044982698963,2.1093640391347145e-05,0.0086505190311418,1.4007495572378964e-05,0.0089965397923876,1.3842701506821564e-05,0.0093425605536332,1.2853937113477169e-05,0,0,0,0,0
940,0,13:57:03,2,0.0058823529411764,26171.0,0.005363321799308,0.0044982698961939,9.887643933443975e-07,0.0038062283737025,1.582023029351036e-05,0.0034602076124568,2.4719109833609937e-06,0.0027681660899654,1.6479406555739957e-07,0.0024221453287196,6.591762622295983e-07,0.0062283737024222,1.1535584589017972e-06,0.0069204152249136,1.1535584589017972e-06,0.0076124567474049,2.3071169178035943e-06,0.0083044982698963,2.1093640391347145e-05,0.0086505190311418,1.4007495572378964e-05,1,1,0,1,1
941,0,13:57:06,2,0.0069204152249136,23266.0,0.0057093425605536,0.0044982698961939,9.887643933443975e-07,0.0038062283737025,1.582023029351036e-05,0.0034602076124568,2.4719109833609937e-06,0.0027681660899654,1.6479406555739957e-07,0.0024221453287196,6.591762622295983e-07,0.0069204152249136,9.887643933443975e-07,0.0076124567474049,2.3071169178035943e-06,0.0079584775086505,4.943821966721988e-07,0.0083044982698963,2.1093640391347145e-05,0.0086505190311418,1.4007495572378964e-05,2,0,0,1,1
942,0,13:57:09,2,0.0069204152249136,0.0,0.0057093425605536,0.0044982698961939,9.887643933443975e-07,0.0038062283737025,1.582023029351036e-05,0.0034602076124568,2.4719109833609937e-06,0.0027681660899654,1.6479406555739957e-07,0.0024221453287196,6.591762622295983e-07,0.0069204152249136,9.887643933443975e-07,0.0072664359861591,2.4719109833609937e-06,0.0076124567474049,2.3071169178035943e-06,0.0079584775086505,4.943821966721988e-07,0.0083044982698963,2.1093640391347145e-05,1,0,0,1,1
943,0,13:57:12,2,0.0069204152249136,0.0,0.0057093425605536,0.0044982698961939,9.887643933443975e-07,0.0038062283737025,1.582023029351036e-05,0.0034602076124568,2.4719109833609937e-06,0.0027681660899654,1.6479406555739957e-07,0.0024221453287196,6.591762622295983e-07,0.0069204152249136,9.887643933443975e-07,0.0072664359861591,2.4719109833609937e-06,0.0076124567474049,2.3071169178035943e-06,0.0079584775086505,4.943821966721988e-07,0.0083044982698963,2.1093640391347145e-05,1,0,1,1,1
944,0,13:57:15,2,0.0069204152249136,0.0,0.0057093425605536,0.0044982698961939,9.887643933443975e-07,0.0041522491349481,3.295881311147992e-07,0.0038062283737025,1.582023029351036e-05,0.0034602076124568,2.4719109833609937e-06,0.0027681660899654,1.6479406555739957e-07,0.0069204152249136,9.887643933443975e-07,0.0072664359861591,2.4719109833609937e-06,0.0076124567474049,2.3071169178035943e-06,0.0079584775086505,4.943821966721988e-07,0.0083044982698963,2.1093640391347145e-05,0,0,1,1,1
945,0,13:57:18,2,0.0044982698961939,14515.0,0.0057093425605536,0.0044982698961939,1.6479406555739957e-07,0.0041522491349481,3.295881311147992e-07,0.0038062283737025,1.582023029351036e-05,0.0034602076124568,2.4719109833609937e-06,0.0027681660899654,1.6479406555739957e-07,0.0069204152249136,1.977528786688795e-06,0.0072664359861591,2.4719109833609937e-06,0.0076124567474049,2.3071169178035943e-06,0.0079584775086505,4.943821966721988e-07,0.0083044982698963,2.1093640391347145e-05,0,0,1,1,1
946,0,13:57:21,2,0.0044982698961939,0.0,0.0062283737024222,0.0055363321799308,1.6479406555739957e-07,0.0044982698961939,1.6479406555739957e-07,0.0041522491349481,3.295881311147992e-07,0.0038062283737025,1.582023029351036e-05,0.0034602076124568,2.4719109833609937e-06,0.0069204152249136,1.977528786688795e-06,0.0072664359861591,2.4719109833609937e-06,0.0076124567474049,2.3071169178035943e-06,0.0079584775086505,4.943821966721988e-07,0.0083044982698963,2.1093640391347145e-05,0,0,0,0,1
947,0,13:57:24,2,0.0044982698961939,0.0,0.0058823529411764,0.0055363321799308,1.6479406555739957e-07,0.0044982698961939,1.6479406555739957e-07,0.0041522491349481,3.295881311147992e-07,0.0038062283737025,1.582023029351036e-05,0.0034602076124568,2.4719109833609937e-06,0.0062283737024222,6.591762622295983e-07,0.0069204152249136,6.426968556738583e-06,0.0072664359861591,2.4719109833609937e-06,0.0076124567474049,2.3071169178035943e-06,0.0079584775086505,4.943821966721988e-07,0,0,1,1,1
948,0,13:57:27,2,0.0044982698961939,0.0,0.0058823529411764,0.0055363321799308,1.6479406555739957e-07,0.0044982698961939,1.6479406555739957e-07,0.0041522491349481,3.295881311147992e-07,0.0038062283737025,1.582023029351036e-05,0.0034602076124568,2.4719109833609937e-06,0.0062283737024222,6.591762622295983e-07,0.0069204152249136,6.426968556738583e-06,0.0072664359861591,2.4719109833609937e-06,0.0076124567474049,2.3071169178035943e-06,0.0079584775086505,4.943821966721988e-07,0,0,1,1,1
949,0,13:57:30,2,0.0055363321799308,2906.0,0.0050173010380623,0.0044982698961939,1.6479406555739957e-07,0.0041522491349481,3.295881311147992e-07,0.0038062283737025,1.582023029351036e-05,0.0034602076124568,2.4719109833609937e-06,0.0027681660899654,1.6479406555739957e-07,0.0055363321799308,2.4719109833609937e-06,0.0062283737024222,6.591762622295983e-07,0.0065743944636678,1.6479406555739957e-07,0.0069204152249136,7.086144818968182e-06,0.0072664359861591,2.4719109833609937e-06,1,0,1,1,1
950,0,13:57:33,2,0.0055363321799308,0.0,0.0050173010380623,0.0044982698961939,1.6479406555739957e-07,0.0041522491349481,3.295881311147992e-07,0.0038062283737025,1.582023029351036e-05,0.0034602076124568,2.4719109833609937e-06,0.0027681660899654,1.6479406555739957e-07,0.0055363321799308,2.4719109833609937e-06,0.0062283737024222,6.591762622295983e-07,0.0065743944636678,1.6479406555739957e-07,0.0069204152249136,7.086144818968182e-06,0.0072664359861591,2.4719109833609937e-06,0,0,1,1,1
951,0,13:57:36,2,0.0055363321799308,5812.0,0.0050173010380623,0.0044982698961939,1.6479406555739957e-07,0.0041522491349481,3.295881311147992e-07,0.0038062283737025,1.582023029351036e-05,0.0034602076124568,2.4719109833609937e-06,0.0027681660899654,1.6479406555739957e-07,0.0055363321799308,2.1423228522461945e-06,0.0062283737024222,6.591762622295983e-07,0.0065743944636678,1.6479406555739957e-07,0.0069204152249136,7.086144818968182e-06,0.0072664359861591,2.4719109833609937e-06,1,0,1,1,1
952,0,13:57:39,2,0.0055363321799308,0.0,0.0050173010380623,0.0044982698961939,1.6479406555739957e-07,0.0041522491349481,3.295881311147992e-07,0.0038062283737025,1.582023029351036e-05,0.0034602076124568,2.4719109833609937e-06,0.0027681660899654,1.6479406555739957e-07,0.0055363321799308,2.1423228522461945e-06,0.0062283737024222,6.591762622295983e-07,0.0065743944636678,1.6479406555739957e-07,0.0069204152249136,7.086144818968182e-06,0.0072664359861591,2.4719109833609937e-06,1,0,1,1,1
953,0,13:57:42,2,0.0055363321799308,0.0,0.0050173010380623,0.0044982698961939,1.6479406555739957e-07,0.0041522491349481,3.625469442262791e-06,0.0038062283737025,1.582023029351036e-05,0.0034602076124568,2.4719109833609937e-06,0.0027681660899654,1.6479406555739957e-07,0.0055363321799308,2.1423228522461945e-06,0.0062283737024222,6.591762622295983e-07,0.0065743944636678,1.6479406555739957e-07,0.0069204152249136,7.086144818968182e-06,0.0072664359861591,2.4719109833609937e-06,1,1,1,1,1
954,0,13:57:45,2,0.0055363321799308,0.0,0.0050173010380623,0.0044982698961939,1.6479406555739957e-07,0.0041522491349481,3.625469442262791e-06,0.0038062283737025,1.582023029351036e-05,0.0034602076124568,2.4719109833609937e-06,0.0027681660899654,1.6479406555739957e-07,0.0055363321799308,2.1423228522461945e-06,0.0062283737024222,6.591762622295983e-07,0.0065743944636678,1.6479406555739957e-07,0.0069204152249136,7.086144818968182e-06,0.0072664359861591,2.4719109833609937e-06,0,1,1,1,1
955,0,13:57:48,2,0.0044982698961939,2903.0,0.0043252595155709,0.0041522491349481,3.625469442262791e-06,0.0038062283737025,1.582023029351036e-05,0.0034602076124568,2.4719109833609937e-06,0.0027681660899654,1.6479406555739957e-07,0.0024221453287196,6.591762622295983e-07,0.0044982698961939,1.4831465900165962e-06,0.005190311418685,1.6479406555739958e-06,0.0055363321799308,2.3071169178035943e-06,0.0062283737024222,6.591762622295983e-07,0.0065743944636678,3.460675376705391e-06,1,2,1,2,2
956,0,13:57:51,2,0.005190311418685,55177.0,0.0050173010380623,0.0044982698961939,4.9438219667219874e-06,0.0041522491349481,3.625469442262791e-06,0.0038062283737025,1.582023029351036e-05,0.0034602076124568,2.4719109833609937e-06,0.0027681660899654,1.6479406555739957e-07,0.0055363321799308,2.3071169178035943e-06,0.0062283737024222,8.239703277869979e-07,0.0065743944636678,3.460675376705391e-06,0.0069204152249136,6.097380425623785e-06,0.0072664359861591,2.4719109833609937e-06,0,1,1,1,1
957,0,13:57:54,2,0.005190311418685,0.0,0.0050173010380623,0.0044982698961939,4.9438219667219874e-06,0.0041522491349481,3.625469442262791e-06,0.0038062283737025,1.582023029351036e-05,0.0034602076124568,2.4719109833609937e-06,0.0027681660899654,1.6479406555739957e-07,0.0055363321799308,2.3071169178035943e-06,0.0062283737024222,8.239703277869979e-07,0.0065743944636678,3.460675376705391e-06,0.0069204152249136,6.097380425623785e-06,0.0072664359861591,2.4719109833609937e-06,0,1,1,1,1
958,0,13:57:57,2,0.005190311418685,0.0,0.0050173010380623,0.0044982698961939,4.284645704492389e-06,0.0041522491349481,3.625469442262791e-06,0.0038062283737025,1.582023029351036e-05,0.0034602076124568,2.636705048918393e-06,0.0027681660899654,1.6479406555739957e-07,0.0055363321799308,2.3071169178035943e-06,0.0062283737024222,1.4831465900165962e-06,0.0065743944636678,3.460675376705391e-06,0.0069204152249136,6.097380425623785e-06,0.0072664359861591,2.4719109833609937e-06,1,1,1,1,1
959,0,13:58:00,2,0.0044982698961939,78381.0,0.0043252595155709,0.0041522491349481,3.625469442262791e-06,0.0038062283737025,1.582023029351036e-05,0.0034602076124568,2.636705048918393e-06,0.0027681660899654,1.6479406555739957e-07,0.0024221453287196,6.591762622295983e-07,0.0044982698961939,2.1423228522461945e-06,0.0055363321799308,2.3071169178035943e-06,0.0062283737024222,1.4831465900165962e-06,0.0065743944636678,3.460675376705391e-06,0.0069204152249136,6.097380425623785e-06,2,2,1,2,2
960,0,13:58:03,2,0.0044982698961939,8709.0,0.0043252595155709,0.0041522491349481,3.625469442262791e-06,0.0038062283737025,1.582023029351036e-05,0.0034602076124568,2.636705048918393e-06,0.0027681660899654,1.6479406555739957e-07,0.0024221453287196,6.591762622295983e-07,0.0044982698961939,1.6479406555739958e-06,0.0055363321799308,2.3071169178035943e-06,0.0062283737024222,1.4831465900165962e-06,0.0065743944636678,3.460675376705391e-06,0.0069204152249136,6.097380425623785e-06,2,2,1,2,2
961,0,13:58:06,2,0.0044982698961939,5806.0,0.0043252595155709,0.0041522491349481,3.625469442262791e-06,0.0038062283737025,1.582023029351036e-05,0.0034602076124568,2.636705048918393e-06,0.0027681660899654,1.6479406555739957e-07,0.0024221453287196,6.591762622295983e-07,0.0044982698961939,1.3183525244591966e-06,0.0055363321799308,2.3071169178035943e-06,0.0062283737024222,1.4831465900165962e-06,0.0065743944636678,3.460675376705391e-06,0.0069204152249136,6.097380425623785e-06,2,2,1,2,2
962,0,13:58:09,2,0.0044982698961939,0.0,0.0043252595155709,0.0041522491349481,5.273410097836786e-06,0.0038062283737025,1.582023029351036e-05,0.0034602076124568,2.636705048918393e-06,0.0027681660899654,1.6479406555739957e-07,0.0024221453287196,6.591762622295983e-07,0.0044982698961939,1.3183525244591966e-06,0.005190311418685,9.887643933443975e-07,0.0055363321799308,2.3071169178035943e-06,0.0062283737024222,1.4831465900165962e-06,0.0065743944636678,3.460675376705391e-06,2,2,1,2,2
963,0,13:58:12,2,0.0044982698961939,37734.0,0.0048442906574395,0.0044982698961939,3.032210806256152e-05,0.0041522491349481,9.393261736771775e-06,0.0038062283737025,1.582023029351036e-05,0.0034602076124568,2.636705048918393e-06,0.0027681660899654,1.6479406555739957e-07,0.005190311418685,9.887643933443975e-07,0.0055363321799308,2.3071169178035943e-06,0.0062283737024222,1.4831465900165962e-06,0.0065743944636678,3.460675376705391e-06,0.0069204152249136,6.097380425623785e-06,1,1,1,1,2
964,0,13:58:15,2,0.0048442906574395,8712.0,0.0048442906574395,0.0044982698961939,3.032210806256152e-05,0.0041522491349481,1.0217232064558776e-05,0.0038062283737025,1.582023029351036e-05,0.0034602076124568,2.636705048918393e-06,0.0027681660899654,1.6479406555739957e-07,0.005190311418685,9.887643933443975e-07,0.0055363321799308,2.3071169178035943e-06,0.0062283737024222,1.4831465900165962e-06,0.0065743944636678,3.460675376705391e-06,0.0069204152249136,6.097380425623785e-06,1,1,1,1,2
965,0,13:58:18,2,0.0048442906574395,0.0,0.0050173010380623,0.0048442906574395,9.887643933443975e-07,0.0044982698961939,3.262922498036512e-05,0.0041522491349481,1.0217232064558776e-05,0.0038062283737025,1.582023029351036e-05,0.0034602076124568,2.636705048918393e-06,0.005190311418685,9.887643933443975e-07,0.0055363321799308,2.3071169178035943e-06,0.0062283737024222,1.4831465900165962e-06,0.0065743944636678,3.460675376705391e-06,0.0069204152249136,6.097380425623785e-06,1,1,1,1,2
966,0,13:58:21,2,0.0048442906574395,0.0,0.0050173010380623,0.0048442906574395,9.887643933443975e-07,0.0044982698961939,3.262922498036512e-05,0.0041522491349481,1.0217232064558776e-05,0.0038062283737025,1.582023029351036e-05,0.0034602076124568,2.636705048918393e-06,0.005190311418685,9.887643933443975e-07,0.0055363321799308,2.3071169178035943e-06,0.0062283737024222,1.4831465900165962e-06,0.0065743944636678,3.460675376705391e-06,0.0069204152249136,6.097380425623785e-06,1,1,1,1,2
967,0,13:58:24,2,0.0048442906574395,0.0,0.0050173010380623,0.0048442906574395,2.801499114475793e-06,0.0044982698961939,3.032210806256152e-05,0.0041522491349481,1.0217232064558776e-05,0.0038062283737025,1.582023029351036e-05,0.0034602076124568,2.636705048918393e-06,0.005190311418685,9.887643933443975e-07,0.0055363321799308,2.3071169178035943e-06,0.0062283737024222,1.4831465900165962e-06,0.0065743944636678,3.460675376705391e-06,0.0069204152249136,6.097380425623785e-06,1,1,1,1,2
968,0,13:58:27,2,0.0048442906574395,58080.0,0.0050173010380623,0.0048442906574395,3.295881311147992e-07,0.0044982698961939,3.032210806256152e-05,0.0041522491349481,1.0217232064558776e-05,0.0038062283737025,1.582023029351036e-05,0.0034602076124568,2.636705048918393e-06,0.005190311418685,9.887643933443975e-07,0.0055363321799308,2.3071169178035943e-06,0.0062283737024222,1.4831465900165962e-06,0.0065743944636678,3.460675376705391e-06,0.0069204152249136,6.097380425623785e-06,1,1,1,1,2
969,0,13:58:30,2,0.0048442906574395,0.0,0.0050173010380623,0.0048442906574395,3.625469442262791e-06,0.0044982698961939,3.032210806256152e-05,0.0041522491349481,7.415732950082981e-06,0.0038062283737025,1.582023029351036e-05,0.0034602076124568,2.636705048918393e-06,0.005190311418685,9.887643933443975e-07,0.0055363321799308,2.3071169178035943e-06,0.0062283737024222,1.4831465900165962e-06,0.0065743944636678,3.460675376705391e-06,0.0069204152249136,6.097380425623785e-06,1,1,1,1,2
970,0,13:58:33,2,0.0044982698961939,174226.0,0.0050173010380623,0.0044982698961939,2.5872668292511732e-05,0.0041522491349481,4.9438219667219874e-06,0.0038062283737025,1.582023029351036e-05,0.0034602076124568,2.636705048918393e-06,0.0027681660899654,1.6479406555739957e-07,0.0055363321799308,2.3071169178035943e-06,0.0062283737024222,1.4831465900165962e-06,0.0065743944636678,3.460675376705391e-06,0.0069204152249136,6.097380425623785e-06,0.0072664359861591,2.4719109833609937e-06,1,1,1,1,2
971,0,13:58:36,2,0.0044982698961939,0.0,0.005190311418685,0.0048442906574395,1.1041202392345772e-05,0.0044982698961939,2.5872668292511732e-05,0.0041522491349481,4.9438219667219874e-06,0.0038062283737025,1.582023029351036e-05,0.0034602076124568,2.636705048918393e-06,0.0055363321799308,2.3071169178035943e-06,0.0062283737024222,1.4831465900165962e-06,0.0065743944636678,3.460675376705391e-06,0.0069204152249136,6.097380425623785e-06,0.0072664359861591,2.4719109833609937e-06,1,1,1,1,2
972,0,13:58:39,2,0.0044982698961939,0.0,0.005190311418685,0.0048442906574395,1.1041202392345772e-05,0.0044982698961939,2.5872668292511732e-05,0.0041522491349481,4.9438219667219874e-06,0.0038062283737025,1.582023029351036e-05,0.0034602076124568,2.636705048918393e-06,0.0055363321799308,2.3071169178035943e-06,0.0062283737024222,1.4831465900165962e-06,0.0065743944636678,3.460675376705391e-06,0.0069204152249136,6.262174491181184e-06,0.0072664359861591,2.4719109833609937e-06,1,1,1,1,2
973,0,13:58:42,2,0.0044982698961939,464559.0,0.0050173010380623,0.0044982698961939,1.1205996457903172e-05,0.0041522491349481,4.9438219667219874e-06,0.0038062283737025,1.582023029351036e-05,0.0034602076124568,2.636705048918393e-06,0.0027681660899654,1.6479406555739957e-07,0.0055363321799308,1.6479406555739958e-06,0.0062283737024222,2.4719109833609937e-06,0.0065743944636678,3.460675376705391e-06,0.0069204152249136,6.262174491181184e-06,0.0072664359861591,2.4719109833609937e-06,1,1,1,1,2
974,0,13:58:45,2,0.0044982698961939,0.0,0.005190311418685,0.0048442906574395,1.6479406555739958e-06,0.0044982698961939,1.1205996457903172e-05,0.0041522491349481,4.9438219667219874e-06,0.0038062283737025,1.582023029351036e-05,0.0034602076124568,2.636705048918393e-06,0.0055363321799308,1.6479406555739958e-06,0.0062283737024222,2.4719109833609937e-06,0.0065743944636678,3.460675376705391e-06,0.0069204152249136,6.262174491181184e-06,0.0072664359861591,2.4719109833609937e-06,1,1,1,1,2
975,0,13:58:48,2,0.0055363321799308,5812.0,0.005190311418685,0.0048442906574395,1.6479406555739958e-06,0.0044982698961939,1.1205996457903172e-05,0.0041522491349481,4.9438219667219874e-06,0.0038062283737025,1.582023029351036e-05,0.0034602076124568,2.636705048918393e-06,0.0055363321799308,2.1423228522461945e-06,0.0062283737024222,2.4719109833609937e-06,0.0065743944636678,3.460675376705391e-06,0.0069204152249136,6.262174491181184e-06,0.0072664359861591,2.4719109833609937e-06,1,1,1,1,2
976,0,13:58:51,2,0.0055363321799308,0.0,0.005190311418685,0.0048442906574395,1.6479406555739958e-06,0.0044982698961939,1.1205996457903172e-05,0.0041522491349481,4.9438219667219874e-06,0.0038062283737025,1.582023029351036e-05,0.0034602076124568,2.636705048918393e-06,0.0055363321799308,2.1423228522461945e-06,0.0062283737024222,2.4719109833609937e-06,0.0065743944636678,3.460675376705391e-06,0.0069204152249136,6.262174491181184e-06,0.0072664359861591,2.4719109833609937e-06,1,1,1,1,2
977,0,13:58:54,2,0.0055363321799308,5812.0,0.005190311418685,0.0048442906574395,3.131087245590592e-06,0.0044982698961939,1.1205996457903172e-05,0.0041522491349481,4.9438219667219874e-06,0.0038062283737025,1.582023029351036e-05,0.0034602076124568,2.636705048918393e-06,0.0055363321799308,1.8127347211313956e-06,0.0062283737024222,2.4719109833609937e-06,0.0065743944636678,3.460675376705391e-06,0.0069204152249136,6.262174491181184e-06,0.0072664359861591,2.4719109833609937e-06,1,1,1,1,2
978,0,13:58:57,2,0.0055363321799308,0.0,0.005190311418685,0.0048442906574395,3.131087245590592e-06,0.0044982698961939,1.1370790523460572e-05,0.0041522491349481,4.9438219667219874e-06,0.0038062283737025,1.582023029351036e-05,0.0034602076124568,2.636705048918393e-06,0.0055363321799308,1.8127347211313956e-06,0.0062283737024222,2.4719109833609937e-06,0.0065743944636678,3.460675376705391e-06,0.0069204152249136,6.262174491181184e-06,0.0072664359861591,2.4719109833609937e-06,1,1,1,1,2
979,0,13:59:00,2,0.0055363321799308,0.0,0.005190311418685,0.0048442906574395,3.131087245590592e-06,0.0044982698961939,1.1370790523460572e-05,0.0041522491349481,4.9438219667219874e-06,0.0038062283737025,1.582023029351036e-05,0.0034602076124568,2.636705048918393e-06,0.0055363321799308,1.8127347211313956e-06,0.0062283737024222,2.4719109833609937e-06,0.0065743944636678,3.460675376705391e-06,0.0069204152249136,5.767792294508985e-06,0.0072664359861591,2.4719109833609937e-06,1,1,1,1,2
980,0,13:59:03,2,0.0048442906574395,14522.0,0.005190311418685,0.0048442906574395,2.4719109833609937e-06,0.0044982698961939,1.1370790523460572e-05,0.0041522491349481,4.9438219667219874e-06,0.0038062283737025,1.582023029351036e-05,0.0034602076124568,2.636705048918393e-06,0.0055363321799308,1.6479406555739958e-06,0.0062283737024222,2.4719109833609937e-06,0.0065743944636678,3.460675376705391e-06,0.0069204152249136,5.767792294508985e-06,0.0072664359861591,2.4719109833609937e-06,1,1,1,1,2
981,0,13:59:06,2,0.0048442906574395,0.0,0.005190311418685,0.0048442906574395,2.4719109833609937e-06,0.0044982698961939,1.1370790523460572e-05,0.0041522491349481,4.9438219667219874e-06,0.0038062283737025,1.582023029351036e-05,0.0034602076124568,2.636705048918393e-06,0.0055363321799308,1.6479406555739958e-06,0.0062283737024222,2.4719109833609937e-06,0.0065743944636678,3.460675376705391e-06,0.0069204152249136,5.767792294508985e-06,0.0072664359861591,2.4719109833609937e-06,1,1,1,1,2
982,0,13:59:09,2,0.0055363321799308,8718.0,0.005190311418685,0.0048442906574395,2.4719109833609937e-06,0.0044982698961939,1.1370790523460572e-05,0.0041522491349481,4.9438219667219874e-06,0.0038062283737025,1.582023029351036e-05,0.0034602076124568,2.636705048918393e-06,0.0055363321799308,1.1535584589017972e-06,0.0062283737024222,2.4719109833609937e-06,0.0065743944636678,3.460675376705391e-06,0.0069204152249136,5.767792294508985e-06,0.0072664359861591,2.4719109833609937e-06,1,1,1,1,2
983,0,13:59:12,2,0.0055363321799308,0.0,0.005190311418685,0.0048442906574395,3.295881311147992e-06,0.0044982698961939,1.1370790523460572e-05,0.0041522491349481,4.9438219667219874e-06,0.0038062283737025,1.582023029351036e-05,0.0034602076124568,2.636705048918393e-06,0.0055363321799308,1.1535584589017972e-06,0.0062283737024222,2.4719109833609937e-06,0.0065743944636678,3.460675376705391e-06,0.0069204152249136,5.767792294508985e-06,0.0072664359861591,2.4719109833609937e-06,1,1,1,1,2
984,0,13:59:15,2,0.0055363321799308,0.0,0.005190311418685,0.0048442906574395,3.295881311147992e-06,0.0044982698961939,1.1370790523460572e-05,0.0041522491349481,4.9438219667219874e-06,0.0038062283737025,1.582023029351036e-05,0.0034602076124568,2.636705048918393e-06,0.0055363321799308,1.1535584589017972e-06,0.0062283737024222,2.4719109833609937e-06,0.0065743944636678,3.460675376705391e-06,0.0069204152249136,5.767792294508985e-06,0.0072664359861591,2.4719109833609937e-06,1,2,1,2,2
985,0,13:59:18,2,0.0055363321799308,0.0,0.005190311418685,0.0048442906574395,3.295881311147992e-06,0.0044982698961939,1.1370790523460572e-05,0.0041522491349481,4.9438219667219874e-06,0.0038062283737025,1.582023029351036e-05,0.0034602076124568,2.636705048918393e-06,0.0055363321799308,1.1535584589017972e-06,0.0062283737024222,2.3071169178035943e-06,0.0065743944636678,3.460675376705391e-06,0.0069204152249136,5.767792294508985e-06,0.0072664359861591,2.4719109833609937e-06,1,2,1,2,2
986,0,13:59:21,2,0.0048442906574395,2904.0,0.005190311418685,0.0048442906574395,3.131087245590592e-06,0.0044982698961939,1.1370790523460572e-05,0.0041522491349481,4.9438219667219874e-06,0.0038062283737025,1.582023029351036e-05,0.0034602076124568,2.636705048918393e-06,0.0055363321799308,1.1535584589017972e-06,0.0062283737024222,2.3071169178035943e-06,0.0065743944636678,3.460675376705391e-06,0.0069204152249136,5.767792294508985e-06,0.0072664359861591,2.4719109833609937e-06,1,2,1,2,2
987,0,13:59:24,2,0.0048442906574395,0.0,0.005190311418685,0.0048442906574395,3.131087245590592e-06,0.0044982698961939,1.1370790523460572e-05,0.0041522491349481,4.9438219667219874e-06,0.0038062283737025,1.582023029351036e-05,0.0034602076124568,2.636705048918393e-06,0.0055363321799308,1.1535584589017972e-06,0.0062283737024222,2.3071169178035943e-06,0.0065743944636678,3.460675376705391e-06,0.0069204152249136,5.767792294508985e-06,0.0072664359861591,2.4719109833609937e-06,1,2,1,2,2
988,0,13:59:27,2,0.0048442906574395,0.0,0.005190311418685,0.0048442906574395,3.131087245590592e-06,0.0044982698961939,1.1370790523460572e-05,0.0041522491349481,4.9438219667219874e-06,0.0038062283737025,1.582023029351036e-05,0.0034602076124568,2.636705048918393e-06,0.0055363321799308,1.1535584589017972e-06,0.0062283737024222,2.3071169178035943e-06,0.0065743944636678,3.460675376705391e-06,0.0069204152249136,5.767792294508985e-06,0.0072664359861591,2.4719109833609937e-06,1,2,1,2,2
989,0,13:59:30,2,0.0048442906574395,8712.0,0.005190311418685,0.0048442906574395,2.636705048918393e-06,0.0044982698961939,1.1370790523460572e-05,0.0041522491349481,4.9438219667219874e-06,0.0038062283737025,1.582023029351036e-05,0.0034602076124568,2.636705048918393e-06,0.0055363321799308,1.1535584589017972e-06,0.0062283737024222,2.3071169178035943e-06,0.0065743944636678,3.460675376705391e-06,0.0069204152249136,5.767792294508985e-06,0.0072664359861591,2.4719109833609937e-06,2,2,1,2,2
990,0,13:59:33,2,0.0048442906574395,0.0,0.005190311418685,0.0048442906574395,2.636705048918393e-06,0.0044982698961939,1.1370790523460572e-05,0.0041522491349481,4.9438219667219874e-06,0.0038062283737025,1.582023029351036e-05,0.0034602076124568,2.636705048918393e-06,0.0055363321799308,1.1535584589017972e-06,0.0062283737024222,2.3071169178035943e-06,0.0065743944636678,3.460675376705391e-06,0.0069204152249136,5.767792294508985e-06,0.0072664359861591,2.4719109833609937e-06,2,2,1,2,2
991,0,13:59:36,2,0.0048442906574395,0.0,0.005190311418685,0.0048442906574395,2.636705048918393e-06,0.0044982698961939,1.1370790523460572e-05,0.0041522491349481,4.9438219667219874e-06,0.0038062283737025,1.582023029351036e-05,0.0034602076124568,2.636705048918393e-06,0.0055363321799308,1.1535584589017972e-06,0.0062283737024222,2.3071169178035943e-06,0.0065743944636678,3.460675376705391e-06,0.0069204152249136,5.108616032279387e-06,0.0072664359861591,2.4719109833609937e-06,2,2,1,2,2
992,0,13:59:39,2,0.0048442906574395,2904.0,0.005190311418685,0.0048442906574395,2.4719109833609937e-06,0.0044982698961939,1.1370790523460572e-05,0.0041522491349481,4.9438219667219874e-06,0.0038062283737025,1.582023029351036e-05,0.0034602076124568,2.636705048918393e-06,0.0055363321799308,1.1535584589017972e-06,0.0062283737024222,2.3071169178035943e-06,0.0065743944636678,3.460675376705391e-06,0.0069204152249136,5.108616032279387e-06,0.0072664359861591,2.4719109833609937e-06,2,2,1,2,2
993,0,13:59:42,2,0.0055363321799308,5812.0,0.005190311418685,0.0048442906574395,2.4719109833609937e-06,0.0044982698961939,1.1370790523460572e-05,0.0041522491349481,4.9438219667219874e-06,0.0038062283737025,1.582023029351036e-05,0.0034602076124568,2.636705048918393e-06,0.0055363321799308,8.239703277869979e-07,0.0062283737024222,2.3071169178035943e-06,0.0065743944636678,3.460675376705391e-06,0.0069204152249136,5.108616032279387e-06,0.0072664359861591,2.4719109833609937e-06,2,1,1,2,2
994,0,13:59:45,2,0.0055363321799308,14530.0,0.0058823529411764,0.0055363321799308,4.943821966721988e-07,0.0048442906574395,2.4719109833609937e-06,0.0044982698961939,1.1370790523460572e-05,0.0041522491349481,4.9438219667219874e-06,0.0038062283737025,1.582023029351036e-05,0.0062283737024222,2.3071169178035943e-06,0.0065743944636678,3.460675376705391e-06,0.0069204152249136,5.108616032279387e-06,0.0072664359861591,2.4719109833609937e-06,0.0076124567474049,4.119851638934989e-06,1,0,1,1,1
995,0,13:59:48,2,0.0055363321799308,0.0,0.0058823529411764,0.0055363321799308,9.887643933443975e-07,0.0048442906574395,2.4719109833609937e-06,0.0044982698961939,1.1370790523460572e-05,0.0041522491349481,4.9438219667219874e-06,0.0038062283737025,1.582023029351036e-05,0.0062283737024222,2.3071169178035943e-06,0.0065743944636678,3.460675376705391e-06,0.0069204152249136,5.108616032279387e-06,0.0072664359861591,2.4719109833609937e-06,0.0076124567474049,3.625469442262791e-06,1,0,1,1,1
996,0,13:59:51,2,0.0055363321799308,0.0,0.0058823529411764,0.0055363321799308,9.887643933443975e-07,0.0048442906574395,2.4719109833609937e-06,0.0044982698961939,1.1370790523460572e-05,0.0041522491349481,4.9438219667219874e-06,0.0038062283737025,1.582023029351036e-05,0.0062283737024222,2.3071169178035943e-06,0.0065743944636678,3.460675376705391e-06,0.0069204152249136,5.108616032279387e-06,0.0072664359861591,2.4719109833609937e-06,0.0076124567474049,3.625469442262791e-06,1,1,1,1,1
997,0,13:59:54,2,0.0055363321799308,0.0,0.0058823529411764,0.0055363321799308,9.887643933443975e-07,0.0048442906574395,2.4719109833609937e-06,0.0044982698961939,1.1370790523460572e-05,0.0041522491349481,4.9438219667219874e-06,0.0038062283737025,1.582023029351036e-05,0.0062283737024222,2.3071169178035943e-06,0.0065743944636678,3.460675376705391e-06,0.0069204152249136,5.108616032279387e-06,0.0072664359861591,2.4719109833609937e-06,0.0076124567474049,3.625469442262791e-06,1,1,1,1,1
998,0,13:59:57,2,0.0055363321799308,0.0,0.0058823529411764,0.0055363321799308,9.887643933443975e-07,0.0048442906574395,2.4719109833609937e-06,0.0044982698961939,1.1370790523460572e-05,0.0041522491349481,4.9438219667219874e-06,0.0038062283737025,1.582023029351036e-05,0.0062283737024222,2.3071169178035943e-06,0.0065743944636678,3.460675376705391e-06,0.0069204152249136,5.108616032279387e-06,0.0072664359861591,2.4719109833609937e-06,0.0076124567474049,3.625469442262791e-06,0,1,1,1,1
999,0,14:00:00,2,0.0055363321799308,0.0,0.0058823529411764,0.0055363321799308,9.887643933443975e-07,0.0048442906574395,2.4719109833609937e-06,0.0044982698961939,1.1370790523460572e-05,0.0041522491349481,4.9438219667219874e-06,0.0038062283737025,1.582023029351036e-05,0.0062283737024222,2.3071169178035943e-06,0.0065743944636678,3.460675376705391e-06,0.0069204152249136,5.108616032279387e-06,0.0072664359861591,2.4719109833609937e-06,0.0076124567474049,3.625469442262791e-06,0,1,1,1,1
1000,0,14:00:03,2,0.0055363321799308,0.0,0.0058823529411764,0.0055363321799308,4.943821966721988e-07,0.0048442906574395,2.4719109833609937e-06,0.0044982698961939,1.1370790523460572e-05,0.0041522491349481,4.9438219667219874e-06,0.0038062283737025,1.582023029351036e-05,0.0062283737024222,2.3071169178035943e-06,0.0065743944636678,1.6479406555739957e-07,0.0069204152249136,5.108616032279387e-06,0.0072664359861591,2.4719109833609937e-06,0.0076124567474049,3.625469442262791e-06,0,1,1,1,1
1001,0,14:00:06,2,0.0062283737024222,2908.0,0.0058823529411764,0.0055363321799308,4.943821966721988e-07,0.0048442906574395,2.4719109833609937e-06,0.0044982698961939,1.1370790523460572e-05,0.0041522491349481,4.9438219667219874e-06,0.0038062283737025,1.582023029351036e-05,0.0062283737024222,2.1423228522461945e-06,0.0069204152249136,5.108616032279387e-06,0.0072664359861591,2.4719109833609937e-06,0.0076124567474049,3.625469442262791e-06,0.0079584775086505,4.943821966721988e-07,1,0,1,1,1
1002,0,14:00:09,2,0.0062283737024222,0.0,0.0058823529411764,0.0055363321799308,4.943821966721988e-07,0.0048442906574395,2.4719109833609937e-06,0.0044982698961939,1.1370790523460572e-05,0.0041522491349481,4.9438219667219874e-06,0.0038062283737025,1.582023029351036e-05,0.0062283737024222,2.1423228522461945e-06,0.0069204152249136,5.108616032279387e-06,0.0072664359861591,2.4719109833609937e-06,0.0076124567474049,3.625469442262791e-06,0.0079584775086505,4.943821966721988e-07,1,0,1,1,1
1003,0,14:00:12,2,0.0055363321799308,8718.0,0.005363321799308,0.005190311418685,8.239703277869979e-07,0.0048442906574395,2.4719109833609937e-06,0.0044982698961939,1.1370790523460572e-05,0.0041522491349481,4.9438219667219874e-06,0.0038062283737025,1.582023029351036e-05,0.0055363321799308,6.591762622295983e-07,0.0062283737024222,2.1423228522461945e-06,0.0069204152249136,5.108616032279387e-06,0.0072664359861591,2.4719109833609937e-06,0.0076124567474049,3.625469442262791e-06,2,2,1,2,2
1004,0,14:00:15,2,0.0055363321799308,0.0,0.005363321799308,0.005190311418685,8.239703277869979e-07,0.0048442906574395,2.4719109833609937e-06,0.0044982698961939,1.1370790523460572e-05,0.0041522491349481,4.9438219667219874e-06,0.0038062283737025,1.582023029351036e-05,0.0055363321799308,6.591762622295983e-07,0.0062283737024222,2.1423228522461945e-06,0.0069204152249136,5.108616032279387e-06,0.0072664359861591,2.4719109833609937e-06,0.0076124567474049,3.625469442262791e-06,2,2,2,2,1
1005,0,14:00:18,2,0.0055363321799308,2906.0,0.005363321799308,0.005190311418685,8.239703277869979e-07,0.0048442906574395,2.4719109833609937e-06,0.0044982698961939,1.1370790523460572e-05,0.0041522491349481,4.9438219667219874e-06,0.0038062283737025,1.582023029351036e-05,0.0055363321799308,4.943821966721988e-07,0.0062283737024222,2.1423228522461945e-06,0.0069204152249136,4.9438219667219874e-06,0.0072664359861591,2.4719109833609937e-06,0.0076124567474049,3.625469442262791e-06,2,2,2,2,1
1006,0,14:00:21,2,0.0055363321799308,8718.0,0.0058823529411764,0.0055363321799308,1.4831465900165962e-06,0.005190311418685,8.239703277869979e-07,0.0048442906574395,2.4719109833609937e-06,0.0044982698961939,1.1370790523460572e-05,0.0041522491349481,4.9438219667219874e-06,0.0062283737024222,3.7902635078201903e-06,0.0069204152249136,4.9438219667219874e-06,0.0072664359861591,2.4719109833609937e-06,0.0076124567474049,3.625469442262791e-06,0.0079584775086505,4.943821966721988e-07,0,1,1,1,1
1007,0,14:00:24,2,0.0055363321799308,23248.0,0.0058823529411764,0.0055363321799308,1.6479406555739957e-07,0.005190311418685,8.239703277869979e-07,0.0048442906574395,2.4719109833609937e-06,0.0044982698961939,1.1370790523460572e-05,0.0041522491349481,4.9438219667219874e-06,0.0062283737024222,3.7902635078201903e-06,0.0069204152249136,4.9438219667219874e-06,0.0072664359861591,2.4719109833609937e-06,0.0076124567474049,3.625469442262791e-06,0.0079584775086505,4.943821966721988e-07,0,1,1,1,1
1008,0,14:00:27,2,0.0055363321799308,0.0,0.0058823529411764,0.0055363321799308,1.6479406555739957e-07,0.005190311418685,8.239703277869979e-07,0.0048442906574395,2.4719109833609937e-06,0.0044982698961939,1.1370790523460572e-05,0.0041522491349481,4.9438219667219874e-06,0.0062283737024222,3.7902635078201903e-06,0.0069204152249136,4.9438219667219874e-06,0.0072664359861591,2.4719109833609937e-06,0.0076124567474049,3.625469442262791e-06,0.0079584775086505,4.943821966721988e-07,1,1,1,1,1
1009,0,14:00:30,2,0.0055363321799308,2906.0,0.0058823529411764,0.0055363321799308,3.295881311147992e-07,0.005190311418685,8.239703277869979e-07,0.0048442906574395,2.4719109833609937e-06,0.0044982698961939,1.1370790523460572e-05,0.0041522491349481,4.9438219667219874e-06,0.0062283737024222,3.7902635078201903e-06,0.0069204152249136,4.9438219667219874e-06,0.0072664359861591,2.4719109833609937e-06,0.0076124567474049,3.625469442262791e-06,0.0079584775086505,4.943821966721988e-07,1,1,1,1,1
1010,0,14:00:33,2,0.0055363321799308,0.0,0.0058823529411764,0.0055363321799308,3.295881311147992e-07,0.005190311418685,8.239703277869979e-07,0.0048442906574395,2.4719109833609937e-06,0.0044982698961939,1.1370790523460572e-05,0.0041522491349481,4.9438219667219874e-06,0.0062283737024222,3.7902635078201903e-06,0.0069204152249136,4.9438219667219874e-06,0.0072664359861591,2.4719109833609937e-06,0.0076124567474049,3.625469442262791e-06,0.0079584775086505,4.943821966721988e-07,1,1,1,1,1
1011,0,14:00:36,2,0.0055363321799308,20352.0,0.005363321799308,0.005190311418685,8.239703277869979e-07,0.0048442906574395,2.4719109833609937e-06,0.0044982698961939,1.1370790523460572e-05,0.0041522491349481,4.9438219667219874e-06,0.0038062283737025,1.582023029351036e-05,0.0055363321799308,6.591762622295983e-07,0.0062283737024222,4.284645704492389e-06,0.0069204152249136,4.9438219667219874e-06,0.0072664359861591,2.4719109833609937e-06,0.0076124567474049,3.625469442262791e-06,2,2,2,2,2
1012,0,14:00:39,2,0.0055363321799308,11624.0,0.005363321799308,0.005190311418685,8.239703277869979e-07,0.0048442906574395,2.4719109833609937e-06,0.0044982698961939,1.1370790523460572e-05,0.0041522491349481,4.9438219667219874e-06,0.0038062283737025,1.582023029351036e-05,0.0055363321799308,8.239703277869979e-07,0.0062283737024222,4.284645704492389e-06,0.0069204152249136,4.9438219667219874e-06,0.0072664359861591,2.4719109833609937e-06,0.0076124567474049,3.625469442262791e-06,2,2,2,2,1
1013,0,14:00:42,2,0.0055363321799308,14530.0,0.0058823529411764,0.0055363321799308,1.977528786688795e-06,0.005190311418685,8.239703277869979e-07,0.0048442906574395,2.4719109833609937e-06,0.0044982698961939,1.1370790523460572e-05,0.0041522491349481,4.9438219667219874e-06,0.0062283737024222,4.284645704492389e-06,0.0069204152249136,4.9438219667219874e-06,0.0072664359861591,4.119851638934989e-06,0.0076124567474049,3.625469442262791e-06,0.0079584775086505,4.943821966721988e-07,1,1,1,1,1
1014,0,14:00:45,2,0.0055363321799308,0.0,0.0058823529411764,0.0055363321799308,1.977528786688795e-06,0.005190311418685,8.239703277869979e-07,0.0048442906574395,2.4719109833609937e-06,0.0044982698961939,1.1370790523460572e-05,0.0041522491349481,4.9438219667219874e-06,0.0062283737024222,4.284645704492389e-06,0.0069204152249136,4.9438219667219874e-06,0.0072664359861591,4.119851638934989e-06,0.0076124567474049,3.625469442262791e-06,0.0079584775086505,8.239703277869979e-07,1,2,1,1,1
1015,0,14:00:48,2,0.0062283737024222,11632.0,0.0058823529411764,0.0055363321799308,1.977528786688795e-06,0.005190311418685,8.239703277869979e-07,0.0048442906574395,2.4719109833609937e-06,0.0044982698961939,1.1370790523460572e-05,0.0041522491349481,4.9438219667219874e-06,0.0062283737024222,3.625469442262791e-06,0.0069204152249136,4.9438219667219874e-06,0.0072664359861591,4.119851638934989e-06,0.0076124567474049,3.625469442262791e-06,0.0079584775086505,8.239703277869979e-07,1,2,1,1,1
1016,0,14:00:51,2,0.0062283737024222,0.0,0.0058823529411764,0.0055363321799308,1.977528786688795e-06,0.005190311418685,1.6479406555739958e-06,0.0048442906574395,2.4719109833609937e-06,0.0044982698961939,1.1370790523460572e-05,0.0041522491349481,6.097380425623785e-06,0.0062283737024222,3.625469442262791e-06,0.0069204152249136,4.9438219667219874e-06,0.0072664359861591,4.119851638934989e-06,0.0076124567474049,3.625469442262791e-06,0.0079584775086505,8.239703277869979e-07,1,2,1,1,1
1017,0,14:00:54,2,0.0062283737024222,5816.0,0.0058823529411764,0.0055363321799308,1.977528786688795e-06,0.005190311418685,1.6479406555739958e-06,0.0048442906574395,2.4719109833609937e-06,0.0044982698961939,1.1370790523460572e-05,0.0041522491349481,6.097380425623785e-06,0.0062283737024222,3.295881311147992e-06,0.0069204152249136,4.9438219667219874e-06,0.0072664359861591,4.119851638934989e-06,0.0076124567474049,3.625469442262791e-06,0.0079584775086505,8.239703277869979e-07,1,2,1,1,1
1018,0,14:00:57,2,0.0062283737024222,0.0,0.0058823529411764,0.0055363321799308,1.977528786688795e-06,0.005190311418685,1.6479406555739958e-06,0.0048442906574395,2.4719109833609937e-06,0.0044982698961939,1.1370790523460572e-05,0.0041522491349481,6.097380425623785e-06,0.0062283737024222,3.295881311147992e-06,0.0069204152249136,4.9438219667219874e-06,0.0072664359861591,4.119851638934989e-06,0.0076124567474049,3.625469442262791e-06,0.0079584775086505,8.239703277869979e-07,1,2,1,1,1
1019,0,14:01:00,2,0.0062283737024222,0.0,0.0058823529411764,0.0055363321799308,1.977528786688795e-06,0.005190311418685,1.6479406555739958e-06,0.0048442906574395,2.4719109833609937e-06,0.0044982698961939,1.1370790523460572e-05,0.0041522491349481,6.097380425623785e-06,0.0062283737024222,3.295881311147992e-06,0.0069204152249136,4.9438219667219874e-06,0.0072664359861591,4.119851638934989e-06,0.0076124567474049,3.625469442262791e-06,0.0079584775086505,8.239703277869979e-07,2,2,1,1,1
1020,0,14:01:03,2,0.0062283737024222,0.0,0.0058823529411764,0.0055363321799308,1.977528786688795e-06,0.005190311418685,1.6479406555739958e-06,0.0048442906574395,2.4719109833609937e-06,0.0044982698961939,1.1370790523460572e-05,0.0041522491349481,6.097380425623785e-06,0.0062283737024222,3.295881311147992e-06,0.0069204152249136,4.9438219667219874e-06,0.0072664359861591,4.119851638934989e-06,0.0076124567474049,3.625469442262791e-06,0.0079584775086505,8.239703277869979e-07,2,2,1,1,1
1021,0,14:01:06,2,0.0062283737024222,0.0,0.0058823529411764,0.0055363321799308,1.977528786688795e-06,0.005190311418685,1.6479406555739958e-06,0.0048442906574395,2.4719109833609937e-06,0.0044982698961939,1.1370790523460572e-05,0.0041522491349481,6.097380425623785e-06,0.0062283737024222,3.295881311147992e-06,0.0069204152249136,4.9438219667219874e-06,0.0072664359861591,4.119851638934989e-06,0.0076124567474049,3.625469442262791e-06,0.0079584775086505,8.239703277869979e-07,2,2,1,1,1
1022,0,14:01:09,2,0.0062283737024222,0.0,0.0058823529411764,0.0055363321799308,4.449439770049789e-06,0.005190311418685,1.6479406555739958e-06,0.0048442906574395,2.4719109833609937e-06,0.0044982698961939,1.1370790523460572e-05,0.0041522491349481,6.097380425623785e-06,0.0062283737024222,3.295881311147992e-06,0.0069204152249136,4.9438219667219874e-06,0.0072664359861591,4.119851638934989e-06,0.0076124567474049,3.625469442262791e-06,0.0079584775086505,8.239703277869979e-07,2,2,1,1,1
1023,0,14:01:12,2,0.0062283737024222,0.0,0.0058823529411764,0.0055363321799308,4.449439770049789e-06,0.005190311418685,1.6479406555739958e-06,0.0048442906574395,2.4719109833609937e-06,0.0044982698961939,1.1370790523460572e-05,0.0041522491349481,6.097380425623785e-06,0.0062283737024222,3.295881311147992e-06,0.0069204152249136,4.9438219667219874e-06,0.0072664359861591,4.119851638934989e-06,0.0076124567474049,3.625469442262791e-06,0.0079584775086505,8.239703277869979e-07,2,2,1,1,1
1024,0,14:01:15,2,0.0062283737024222,61068.0,0.0065743944636678,0.0062283737024222,1.8127347211313956e-06,0.0055363321799308,4.449439770049789e-06,0.005190311418685,1.6479406555739958e-06,0.0048442906574395,2.4719109833609937e-06,0.0044982698961939,1.1370790523460572e-05,0.0069204152249136,4.9438219667219874e-06,0.0072664359861591,4.119851638934989e-06,0.0076124567474049,3.625469442262791e-06,0.0079584775086505,8.239703277869979e-07,0.0083044982698963,6.921350753410782e-06,1,1,1,1,1
1025,0,14:01:18,2,0.0062283737024222,0.0,0.0065743944636678,0.0062283737024222,2.1423228522461945e-06,0.0055363321799308,4.449439770049789e-06,0.005190311418685,1.6479406555739958e-06,0.0048442906574395,2.4719109833609937e-06,0.0044982698961939,1.1370790523460572e-05,0.0069204152249136,4.9438219667219874e-06,0.0072664359861591,4.119851638934989e-06,0.0076124567474049,3.625469442262791e-06,0.0079584775086505,8.239703277869979e-07,0.0083044982698963,6.921350753410782e-06,1,1,1,1,1
1026,0,14:01:21,2,0.0062283737024222,0.0,0.0065743944636678,0.0062283737024222,2.1423228522461945e-06,0.0055363321799308,4.449439770049789e-06,0.005190311418685,1.6479406555739958e-06,0.0048442906574395,2.4719109833609937e-06,0.0044982698961939,1.1370790523460572e-05,0.0069204152249136,4.9438219667219874e-06,0.0072664359861591,4.119851638934989e-06,0.0076124567474049,3.625469442262791e-06,0.0079584775086505,8.239703277869979e-07,0.0083044982698963,6.921350753410782e-06,1,1,1,1,1
1027,0,14:01:24,2,0.0069204152249136,23278.0,0.0065743944636678,0.0062283737024222,1.977528786688795e-06,0.0055363321799308,4.449439770049789e-06,0.005190311418685,1.6479406555739958e-06,0.0048442906574395,2.4719109833609937e-06,0.0044982698961939,1.1370790523460572e-05,0.0069204152249136,3.7902635078201903e-06,0.0072664359861591,4.119851638934989e-06,0.0076124567474049,3.625469442262791e-06,0.0079584775086505,8.239703277869979e-07,0.0083044982698963,6.921350753410782e-06,1,1,1,1,1
1028,0,14:01:27,2,0.0069204152249136,8730.0,0.0065743944636678,0.0062283737024222,1.977528786688795e-06,0.0055363321799308,4.449439770049789e-06,0.005190311418685,1.6479406555739958e-06,0.0048442906574395,2.4719109833609937e-06,0.0044982698961939,1.1370790523460572e-05,0.0069204152249136,1.2524348982362367e-05,0.0072664359861591,4.119851638934989e-06,0.0076124567474049,3.625469442262791e-06,0.0079584775086505,6.591762622295983e-06,0.0083044982698963,6.921350753410782e-06,1,1,1,1,1
1029,0,14:01:30,2,0.0069204152249136,0.0,0.0065743944636678,0.0062283737024222,1.977528786688795e-06,0.0055363321799308,4.449439770049789e-06,0.005190311418685,1.6479406555739958e-06,0.0048442906574395,2.4719109833609937e-06,0.0044982698961939,1.1370790523460572e-05,0.0069204152249136,1.2524348982362367e-05,0.0072664359861591,4.119851638934989e-06,0.0076124567474049,3.625469442262791e-06,0.0079584775086505,6.591762622295983e-06,0.0083044982698963,6.921350753410782e-06,1,1,1,1,1
1030,0,14:01:33,2,0.0069204152249136,0.0,0.0065743944636678,0.0062283737024222,1.977528786688795e-06,0.0055363321799308,1.977528786688795e-06,0.005190311418685,1.6479406555739958e-06,0.0048442906574395,2.4719109833609937e-06,0.0044982698961939,1.1370790523460572e-05,0.0069204152249136,1.2524348982362367e-05,0.0072664359861591,4.119851638934989e-06,0.0076124567474049,3.625469442262791e-06,0.0079584775086505,6.591762622295983e-06,0.0083044982698963,6.921350753410782e-06,1,1,1,1,1
1031,0,14:01:36,2,0.0069204152249136,0.0,0.0065743944636678,0.0062283737024222,1.977528786688795e-06,0.0055363321799308,1.977528786688795e-06,0.005190311418685,1.6479406555739958e-06,0.0048442906574395,2.4719109833609937e-06,0.0044982698961939,1.1370790523460572e-05,0.0069204152249136,1.2524348982362367e-05,0.0072664359861591,4.119851638934989e-06,0.0076124567474049,3.625469442262791e-06,0.0079584775086505,6.591762622295983e-06,0.0083044982698963,6.921350753410782e-06,1,1,1,1,1
1032,0,14:01:39,2,0.0069204152249136,116400.0,0.006401384083045,0.0062283737024222,1.977528786688795e-06,0.0055363321799308,1.977528786688795e-06,0.005190311418685,8.239703277869979e-07,0.0048442906574395,2.4719109833609937e-06,0.0044982698961939,1.1370790523460572e-05,0.0065743944636678,8.239703277869979e-07,0.0069204152249136,5.932586360066385e-06,0.0072664359861591,4.119851638934989e-06,0.0076124567474049,3.625469442262791e-06,0.0079584775086505,6.591762622295983e-06,1,1,1,1,1
1033,0,14:01:42,2,0.0062283737024222,2908.0,0.006401384083045,0.0062283737024222,4.284645704492389e-06,0.0055363321799308,1.977528786688795e-06,0.005190311418685,8.239703277869979e-07,0.0048442906574395,2.4719109833609937e-06,0.0044982698961939,1.1370790523460572e-05,0.0065743944636678,8.239703277869979e-07,0.0069204152249136,5.932586360066385e-06,0.0072664359861591,4.119851638934989e-06,0.0076124567474049,3.625469442262791e-06,0.0079584775086505,6.591762622295983e-06,1,1,1,1,1
1034,0,14:01:45,2,0.0069204152249136,58187.0,0.0065743944636678,0.0062283737024222,3.625469442262791e-06,0.0055363321799308,1.977528786688795e-06,0.005190311418685,8.239703277869979e-07,0.0048442906574395,2.4719109833609937e-06,0.0044982698961939,1.1370790523460572e-05,0.0069204152249136,4.119851638934989e-06,0.0072664359861591,4.119851638934989e-06,0.0076124567474049,3.625469442262791e-06,0.0079584775086505,6.591762622295983e-06,0.0083044982698963,6.921350753410782e-06,1,1,1,1,1
1035,0,14:01:48,2,0.0069204152249136,0.0,0.0067474048442905,0.0065743944636678,1.6479406555739958e-06,0.0062283737024222,3.625469442262791e-06,0.0055363321799308,1.977528786688795e-06,0.005190311418685,8.239703277869979e-07,0.0048442906574395,2.4719109833609937e-06,0.0069204152249136,4.119851638934989e-06,0.0072664359861591,4.119851638934989e-06,0.0076124567474049,3.625469442262791e-06,0.0079584775086505,6.591762622295983e-06,0.0083044982698963,6.921350753410782e-06,1,1,1,1,0
1036,0,14:01:51,2,0.0069204152249136,0.0,0.0067474048442905,0.0065743944636678,1.6479406555739958e-06,0.0062283737024222,3.625469442262791e-06,0.0055363321799308,1.977528786688795e-06,0.005190311418685,8.239703277869979e-07,0.0048442906574395,2.4719109833609937e-06,0.0069204152249136,4.9438219667219874e-06,0.0072664359861591,4.119851638934989e-06,0.0076124567474049,3.625469442262791e-06,0.0079584775086505,6.591762622295983e-06,0.0083044982698963,6.921350753410782e-06,1,1,1,0,0
1037,0,14:01:54,2,0.0069204152249136,0.0,0.0067474048442905,0.0065743944636678,1.6479406555739958e-06,0.0062283737024222,3.625469442262791e-06,0.0055363321799308,1.977528786688795e-06,0.005190311418685,8.239703277869979e-07,0.0048442906574395,2.4719109833609937e-06,0.0069204152249136,4.9438219667219874e-06,0.0072664359861591,4.119851638934989e-06,0.0076124567474049,3.625469442262791e-06,0.0079584775086505,6.591762622295983e-06,0.0083044982698963,6.921350753410782e-06,1,1,1,0,0
1038,0,14:01:57,2,0.0065743944636678,20363.0,0.0067474048442905,0.0065743944636678,4.943821966721988e-07,0.0062283737024222,3.625469442262791e-06,0.0055363321799308,1.977528786688795e-06,0.005190311418685,8.239703277869979e-07,0.0048442906574395,2.4719109833609937e-06,0.0069204152249136,4.9438219667219874e-06,0.0072664359861591,4.119851638934989e-06,0.0076124567474049,3.625469442262791e-06,0.0079584775086505,6.591762622295983e-06,0.0083044982698963,6.921350753410782e-06,1,1,1,0,1
1039,0,14:02:00,2,0.0065743944636678,0.0,0.0067474048442905,0.0065743944636678,4.943821966721988e-07,0.0062283737024222,3.625469442262791e-06,0.0055363321799308,1.977528786688795e-06,0.005190311418685,8.239703277869979e-07,0.0048442906574395,2.4719109833609937e-06,0.0069204152249136,5.602998228951586e-06,0.0072664359861591,4.119851638934989e-06,0.0076124567474049,3.625469442262791e-06,0.0079584775086505,6.591762622295983e-06,0.0083044982698963,6.921350753410782e-06,1,1,1,0,1
1040,0,14:02:03,2,0.0065743944636678,5818.0,0.0067474048442905,0.0065743944636678,1.6479406555739957e-07,0.0062283737024222,3.625469442262791e-06,0.0055363321799308,1.977528786688795e-06,0.005190311418685,8.239703277869979e-07,0.0048442906574395,2.4719109833609937e-06,0.0069204152249136,5.602998228951586e-06,0.0072664359861591,4.119851638934989e-06,0.0076124567474049,3.625469442262791e-06,0.0079584775086505,6.591762622295983e-06,0.0083044982698963,6.921350753410782e-06,1,1,1,0,1
1041,0,14:02:06,2,0.0065743944636678,0.0,0.0067474048442905,0.0065743944636678,1.6479406555739957e-07,0.0062283737024222,3.625469442262791e-06,0.0055363321799308,1.977528786688795e-06,0.005190311418685,8.239703277869979e-07,0.0048442906574395,2.4719109833609937e-06,0.0069204152249136,5.602998228951586e-06,0.0072664359861591,4.119851638934989e-06,0.0076124567474049,1.977528786688795e-06,0.0079584775086505,6.591762622295983e-06,0.0083044982698963,6.921350753410782e-06,1,1,1,0,0
1042,0,14:02:09,2,0.0065743944636678,0.0,0.0067474048442905,0.0065743944636678,1.6479406555739957e-07,0.0062283737024222,3.625469442262791e-06,0.0055363321799308,1.977528786688795e-06,0.005190311418685,8.239703277869979e-07,0.0048442906574395,2.4719109833609937e-06,0.0069204152249136,5.602998228951586e-06,0.0072664359861591,4.119851638934989e-06,0.0076124567474049,1.977528786688795e-06,0.0079584775086505,6.591762622295983e-06,0.0083044982698963,6.921350753410782e-06,1,1,1,0,0
1043,0,14:02:12,2,0.0069204152249136,5820.0,0.0067474048442905,0.0065743944636678,1.6479406555739957e-07,0.0062283737024222,3.625469442262791e-06,0.0055363321799308,1.977528786688795e-06,0.005190311418685,8.239703277869979e-07,0.0048442906574395,2.4719109833609937e-06,0.0069204152249136,4.449439770049789e-06,0.0072664359861591,4.119851638934989e-06,0.0076124567474049,1.977528786688795e-06,0.0079584775086505,6.591762622295983e-06,0.0083044982698963,6.921350753410782e-06,1,1,1,0,0
1044,0,14:02:15,2,0.0069204152249136,0.0,0.0067474048442905,0.0065743944636678,1.6479406555739957e-07,0.0062283737024222,3.625469442262791e-06,0.0055363321799308,1.977528786688795e-06,0.005190311418685,8.239703277869979e-07,0.0048442906574395,2.4719109833609937e-06,0.0069204152249136,4.614233835607189e-06,0.0072664359861591,4.119851638934989e-06,0.0076124567474049,1.977528786688795e-06,0.0079584775086505,6.591762622295983e-06,0.0083044982698963,6.921350753410782e-06,1,1,1,0,0
1045,0,14:02:18,2,0.0069204152249136,0.0,0.0067474048442905,0.0065743944636678,1.6479406555739957e-07,0.0062283737024222,3.625469442262791e-06,0.0055363321799308,1.977528786688795e-06,0.005190311418685,8.239703277869979e-07,0.0048442906574395,2.4719109833609937e-06,0.0069204152249136,4.614233835607189e-06,0.0072664359861591,4.119851638934989e-06,0.0076124567474049,1.977528786688795e-06,0.0079584775086505,6.591762622295983e-06,0.0083044982698963,6.921350753410782e-06,1,1,1,0,0
1046,0,14:02:21,2,0.0069204152249136,2910.0,0.0067474048442905,0.0065743944636678,1.6479406555739957e-07,0.0062283737024222,3.625469442262791e-06,0.0055363321799308,1.977528786688795e-06,0.005190311418685,8.239703277869979e-07,0.0048442906574395,2.4719109833609937e-06,0.0069204152249136,4.449439770049789e-06,0.0072664359861591,4.119851638934989e-06,0.0076124567474049,1.977528786688795e-06,0.0079584775086505,6.591762622295983e-06,0.0083044982698963,6.921350753410782e-06,1,1,1,0,0
1047,0,14:02:24,2,0.0069204152249136,0.0,0.0067474048442905,0.0065743944636678,1.6479406555739957e-07,0.0062283737024222,3.625469442262791e-06,0.0055363321799308,1.977528786688795e-06,0.005190311418685,8.239703277869979e-07,0.0048442906574395,2.4719109833609937e-06,0.0069204152249136,4.449439770049789e-06,0.0072664359861591,4.119851638934989e-06,0.0076124567474049,1.977528786688795e-06,0.0079584775086505,6.591762622295983e-06,0.0083044982698963,6.921350753410782e-06,1,1,1,0,0
1048,0,14:02:27,2,0.0069204152249136,0.0,0.0067474048442905,0.0065743944636678,6.591762622295983e-07,0.0062283737024222,3.625469442262791e-06,0.0055363321799308,1.977528786688795e-06,0.005190311418685,8.239703277869979e-07,0.0048442906574395,2.4719109833609937e-06,0.0069204152249136,6.097380425623785e-06,0.0072664359861591,4.119851638934989e-06,0.0076124567474049,1.977528786688795e-06,0.0079584775086505,6.591762622295983e-06,0.0083044982698963,6.921350753410782e-06,1,1,1,0,0
1049,0,14:02:30,2,0.0065743944636678,8727.0,0.0067474048442905,0.0065743944636678,3.295881311147992e-07,0.0062283737024222,3.625469442262791e-06,0.0055363321799308,1.977528786688795e-06,0.005190311418685,8.239703277869979e-07,0.0048442906574395,2.4719109833609937e-06,0.0069204152249136,6.097380425623785e-06,0.0072664359861591,4.119851638934989e-06,0.0076124567474049,1.977528786688795e-06,0.0079584775086505,6.591762622295983e-06,0.0083044982698963,6.921350753410782e-06,1,1,1,0,0
1050,0,14:02:33,2,0.0069204152249136,17460.0,0.0067474048442905,0.0065743944636678,3.295881311147992e-07,0.0062283737024222,3.625469442262791e-06,0.0055363321799308,1.977528786688795e-06,0.005190311418685,8.239703277869979e-07,0.0048442906574395,2.4719109833609937e-06,0.0069204152249136,5.108616032279387e-06,0.0072664359861591,4.119851638934989e-06,0.0076124567474049,1.977528786688795e-06,0.0079584775086505,6.591762622295983e-06,0.0083044982698963,6.921350753410782e-06,1,1,1,0,0
1051,0,14:02:36,2,0.0065743944636678,5818.0,0.0065743944636678,0.0062283737024222,3.625469442262791e-06,0.0055363321799308,1.977528786688795e-06,0.005190311418685,8.239703277869979e-07,0.0048442906574395,2.4719109833609937e-06,0.0044982698961939,1.1370790523460572e-05,0.0069204152249136,5.108616032279387e-06,0.0072664359861591,4.119851638934989e-06,0.0076124567474049,1.977528786688795e-06,0.0079584775086505,6.591762622295983e-06,0.0083044982698963,6.921350753410782e-06,1,1,1,1,0
1052,0,14:02:39,2,0.0069204152249136,20370.0,0.006401384083045,0.0062283737024222,3.625469442262791e-06,0.0055363321799308,1.977528786688795e-06,0.005190311418685,8.239703277869979e-07,0.0048442906574395,2.4719109833609937e-06,0.0044982698961939,1.1370790523460572e-05,0.0065743944636678,6.591762622295983e-07,0.0069204152249136,3.95505757337759e-06,0.0072664359861591,4.119851638934989e-06,0.0076124567474049,1.977528786688795e-06,0.0079584775086505,6.591762622295983e-06,1,1,1,1,0
1053,0,14:02:42,2,0.0065743944636678,11636.0,0.0067474048442905,0.0065743944636678,1.4337083703493764e-05,0.0062283737024222,3.625469442262791e-06,0.0055363321799308,1.977528786688795e-06,0.005190311418685,8.239703277869979e-07,0.0048442906574395,2.4719109833609937e-06,0.0069204152249136,3.95505757337759e-06,0.0072664359861591,4.119851638934989e-06,0.0076124567474049,1.977528786688795e-06,0.0079584775086505,6.591762622295983e-06,0.0083044982698963,6.921350753410782e-06,1,1,1,0,0
1054,0,14:02:45,2,0.0065743944636678,0.0,0.0067474048442905,0.0065743944636678,1.4666671834608563e-05,0.0062283737024222,3.625469442262791e-06,0.0055363321799308,1.977528786688795e-06,0.005190311418685,8.239703277869979e-07,0.0048442906574395,2.4719109833609937e-06,0.0069204152249136,3.295881311147992e-06,0.0072664359861591,4.119851638934989e-06,0.0076124567474049,1.977528786688795e-06,0.0079584775086505,6.591762622295983e-06,0.0083044982698963,6.921350753410782e-06,1,0,1,0,0
1055,0,14:02:48,2,0.0065743944636678,0.0,0.0067474048442905,0.0065743944636678,1.4666671834608563e-05,0.0062283737024222,3.625469442262791e-06,0.0055363321799308,1.977528786688795e-06,0.005190311418685,8.239703277869979e-07,0.0048442906574395,2.4719109833609937e-06,0.0069204152249136,3.295881311147992e-06,0.0072664359861591,4.119851638934989e-06,0.0076124567474049,1.977528786688795e-06,0.0079584775086505,6.591762622295983e-06,0.0083044982698963,6.921350753410782e-06,1,0,1,0,1
1056,0,14:02:51,2,0.0069204152249136,23280.0,0.0067474048442905,0.0065743944636678,1.6314612490182558e-05,0.0062283737024222,3.625469442262791e-06,0.0055363321799308,1.977528786688795e-06,0.005190311418685,8.239703277869979e-07,0.0048442906574395,2.4719109833609937e-06,0.0069204152249136,1.977528786688795e-06,0.0072664359861591,4.119851638934989e-06,0.0076124567474049,1.977528786688795e-06,0.0079584775086505,6.591762622295983e-06,0.0083044982698963,6.921350753410782e-06,1,0,0,0,1
1057,0,14:02:54,2,0.0069204152249136,0.0,0.0067474048442905,0.0065743944636678,1.6314612490182558e-05,0.0062283737024222,3.625469442262791e-06,0.0055363321799308,1.977528786688795e-06,0.005190311418685,8.239703277869979e-07,0.0048442906574395,2.4719109833609937e-06,0.0069204152249136,1.977528786688795e-06,0.0072664359861591,4.119851638934989e-06,0.0076124567474049,1.977528786688795e-06,0.0079584775086505,6.097380425623785e-06,0.0083044982698963,6.921350753410782e-06,1,0,0,0,1
1058,0,14:02:57,2,0.0069204152249136,0.0,0.0067474048442905,0.0065743944636678,1.6314612490182558e-05,0.0062283737024222,3.625469442262791e-06,0.0055363321799308,1.977528786688795e-06,0.005190311418685,8.239703277869979e-07,0.0048442906574395,2.4719109833609937e-06,0.0069204152249136,1.977528786688795e-06,0.0072664359861591,4.119851638934989e-06,0.0076124567474049,1.977528786688795e-06,0.0079584775086505,6.097380425623785e-06,0.0083044982698963,6.921350753410782e-06,1,1,0,1,1
1059,0,14:03:00,2,0.0065743944636678,317091.0,0.006401384083045,0.0062283737024222,3.625469442262791e-06,0.0055363321799308,1.977528786688795e-06,0.005190311418685,8.239703277869979e-07,0.0048442906574395,2.4719109833609937e-06,0.0044982698961939,1.1370790523460572e-05,0.0065743944636678,2.1423228522461945e-06,0.0069204152249136,3.295881311147992e-07,0.0072664359861591,4.119851638934989e-06,0.0076124567474049,1.977528786688795e-06,0.0079584775086505,6.097380425623785e-06,0,1,1,1,1
1060,0,14:03:03,2,0.0065743944636678,20363.0,0.006401384083045,0.0062283737024222,3.625469442262791e-06,0.0055363321799308,1.977528786688795e-06,0.005190311418685,8.239703277869979e-07,0.0048442906574395,2.4719109833609937e-06,0.0044982698961939,1.1370790523460572e-05,0.0065743944636678,9.887643933443975e-07,0.0069204152249136,3.295881311147992e-07,0.0072664359861591,4.119851638934989e-06,0.0076124567474049,1.977528786688795e-06,0.0079584775086505,6.097380425623785e-06,0,1,1,1,2
1061,0,14:03:06,2,0.0065743944636678,0.0,0.006401384083045,0.0062283737024222,3.625469442262791e-06,0.0055363321799308,1.977528786688795e-06,0.005190311418685,8.239703277869979e-07,0.0048442906574395,2.4719109833609937e-06,0.0044982698961939,1.1370790523460572e-05,0.0065743944636678,9.887643933443975e-07,0.0069204152249136,3.295881311147992e-07,0.0072664359861591,4.119851638934989e-06,0.0076124567474049,1.977528786688795e-06,0.0079584775086505,6.097380425623785e-06,0,1,1,1,2
1062,0,14:03:09,2,0.0065743944636678,0.0,0.006401384083045,0.0062283737024222,3.625469442262791e-06,0.0055363321799308,1.977528786688795e-06,0.005190311418685,8.239703277869979e-07,0.0048442906574395,2.4719109833609937e-06,0.0044982698961939,1.1370790523460572e-05,0.0065743944636678,9.887643933443975e-07,0.0069204152249136,3.295881311147992e-07,0.0072664359861591,4.119851638934989e-06,0.0076124567474049,1.977528786688795e-06,0.0079584775086505,6.097380425623785e-06,1,1,1,1,2
1063,0,14:03:12,2,0.0062283737024222,58160.0,0.006401384083045,0.0062283737024222,3.295881311147992e-07,0.0055363321799308,1.977528786688795e-06,0.005190311418685,8.239703277869979e-07,0.0048442906574395,2.4719109833609937e-06,0.0044982698961939,1.1370790523460572e-05,0.0065743944636678,9.887643933443975e-07,0.0069204152249136,3.295881311147992e-07,0.0072664359861591,4.119851638934989e-06,0.0076124567474049,1.977528786688795e-06,0.0079584775086505,6.097380425623785e-06,1,1,1,0,2
1064,0,14:03:15,2,0.0062283737024222,5816.0,0.0058823529411764,0.0055363321799308,1.977528786688795e-06,0.005190311418685,8.239703277869979e-07,0.0048442906574395,2.4719109833609937e-06,0.0044982698961939,1.1370790523460572e-05,0.0041522491349481,6.097380425623785e-06,0.0062283737024222,2.3071169178035943e-06,0.0065743944636678,9.887643933443975e-07,0.0069204152249136,5.438204163394186e-06,0.0072664359861591,4.119851638934989e-06,0.0076124567474049,1.977528786688795e-06,2,1,1,1,2
1065,0,14:03:18,2,0.0062283737024222,0.0,0.0058823529411764,0.0055363321799308,1.977528786688795e-06,0.005190311418685,8.239703277869979e-07,0.0048442906574395,2.4719109833609937e-06,0.0044982698961939,1.1370790523460572e-05,0.0041522491349481,6.097380425623785e-06,0.0062283737024222,2.3071169178035943e-06,0.0065743944636678,9.887643933443975e-07,0.0069204152249136,5.438204163394186e-06,0.0072664359861591,4.119851638934989e-06,0.0076124567474049,1.977528786688795e-06,2,1,1,1,2
1066,0,14:03:21,2,0.0062283737024222,0.0,0.0058823529411764,0.0055363321799308,1.977528786688795e-06,0.005190311418685,8.239703277869979e-07,0.0048442906574395,2.4719109833609937e-06,0.0044982698961939,1.1370790523460572e-05,0.0041522491349481,6.097380425623785e-06,0.0062283737024222,2.3071169178035943e-06,0.0065743944636678,9.887643933443975e-07,0.0069204152249136,5.438204163394186e-06,0.0072664359861591,4.119851638934989e-06,0.0076124567474049,1.977528786688795e-06,2,1,1,1,2
1067,0,14:03:24,2,0.0062283737024222,17448.0,0.0060553633217992,0.0058823529411764,4.943821966721988e-07,0.0055363321799308,1.977528786688795e-06,0.005190311418685,8.239703277869979e-07,0.0048442906574395,2.4719109833609937e-06,0.0044982698961939,1.1370790523460572e-05,0.0062283737024222,1.3183525244591966e-06,0.0065743944636678,9.887643933443975e-07,0.0069204152249136,5.438204163394186e-06,0.0072664359861591,5.108616032279387e-06,0.0076124567474049,1.977528786688795e-06,1,1,1,0,2
1068,0,14:03:27,2,0.0065743944636678,40718.0,0.0067474048442905,0.0065743944636678,2.636705048918393e-06,0.0058823529411764,4.943821966721988e-07,0.0055363321799308,1.977528786688795e-06,0.005190311418685,8.239703277869979e-07,0.0048442906574395,2.4719109833609937e-06,0.0069204152249136,5.438204163394186e-06,0.0072664359861591,5.108616032279387e-06,0.0076124567474049,1.977528786688795e-06,0.0079584775086505,5.767792294508985e-06,0.0083044982698963,6.921350753410782e-06,0,0,0,0,2
1069,0,14:03:30,2,0.0065743944636678,0.0,0.0067474048442905,0.0065743944636678,2.636705048918393e-06,0.0058823529411764,4.943821966721988e-07,0.0055363321799308,1.977528786688795e-06,0.005190311418685,8.239703277869979e-07,0.0048442906574395,2.4719109833609937e-06,0.0069204152249136,5.438204163394186e-06,0.0072664359861591,5.108616032279387e-06,0.0076124567474049,1.977528786688795e-06,0.0083044982698963,6.921350753410782e-06,0.0086505190311418,6.756556687853383e-06,0,0,0,0,2
1070,0,14:03:33,2,0.0065743944636678,8727.0,0.0067474048442905,0.0065743944636678,2.1423228522461945e-06,0.0058823529411764,4.943821966721988e-07,0.0055363321799308,1.977528786688795e-06,0.005190311418685,8.239703277869979e-07,0.0048442906574395,2.4719109833609937e-06,0.0069204152249136,5.438204163394186e-06,0.0072664359861591,7.250938884525582e-06,0.0076124567474049,1.977528786688795e-06,0.0083044982698963,6.921350753410782e-06,0.0086505190311418,6.756556687853383e-06,0,0,0,0,2
1071,0,14:03:36,2,0.0065743944636678,14545.0,0.0067474048442905,0.0065743944636678,1.3183525244591966e-06,0.0058823529411764,4.943821966721988e-07,0.0055363321799308,1.977528786688795e-06,0.005190311418685,8.239703277869979e-07,0.0048442906574395,2.4719109833609937e-06,0.0069204152249136,5.438204163394186e-06,0.0072664359861591,7.74532108119778e-06,0.0076124567474049,1.977528786688795e-06,0.0083044982698963,6.921350753410782e-06,0.0086505190311418,6.756556687853383e-06,0,0,0,0,2
1072,0,14:03:39,2,0.0065743944636678,23272.0,0.0062283737024222,0.0058823529411764,4.943821966721988e-07,0.0055363321799308,1.977528786688795e-06,0.005190311418685,8.239703277869979e-07,0.0048442906574395,2.4719109833609937e-06,0.0044982698961939,1.1205996457903172e-05,0.0065743944636678,4.449439770049789e-06,0.0069204152249136,5.438204163394186e-06,0.0072664359861591,7.74532108119778e-06,0.0076124567474049,1.977528786688795e-06,0.0083044982698963,6.921350753410782e-06,0,0,1,0,2
1073,0,14:03:42,2,0.0065743944636678,0.0,0.0062283737024222,0.0058823529411764,4.943821966721988e-07,0.005190311418685,8.239703277869979e-07,0.0048442906574395,2.4719109833609937e-06,0.0044982698961939,1.1205996457903172e-05,0.0041522491349481,6.097380425623785e-06,0.0065743944636678,2.4224727636937737e-05,0.0069204152249136,5.438204163394186e-06,0.0072664359861591,7.74532108119778e-06,0.0076124567474049,1.977528786688795e-06,0.0083044982698963,6.921350753410782e-06,0,0,1,0,2
1074,0,14:03:45,2,0.0065743944636678,0.0,0.0062283737024222,0.0058823529411764,4.943821966721988e-07,0.005190311418685,8.239703277869979e-07,0.0048442906574395,9.887643933443975e-07,0.0044982698961939,1.1205996457903172e-05,0.0041522491349481,6.097380425623785e-06,0.0065743944636678,2.4224727636937737e-05,0.0069204152249136,5.438204163394186e-06,0.0072664359861591,7.74532108119778e-06,0.0076124567474049,1.977528786688795e-06,0.0083044982698963,6.921350753410782e-06,0,0,1,1,2
1075,0,14:03:48,2,0.0065743944636678,0.0,0.0062283737024222,0.0058823529411764,4.943821966721988e-07,0.005190311418685,8.239703277869979e-07,0.0048442906574395,9.887643933443975e-07,0.0044982698961939,1.1205996457903172e-05,0.0041522491349481,6.097380425623785e-06,0.0065743944636678,2.4224727636937737e-05,0.0069204152249136,5.438204163394186e-06,0.0072664359861591,7.74532108119778e-06,0.0076124567474049,1.977528786688795e-06,0.0083044982698963,6.921350753410782e-06,0,0,1,1,2
1076,0,14:03:51,2,0.0065743944636678,0.0,0.0057093425605536,0.005190311418685,8.239703277869979e-07,0.0048442906574395,9.887643933443975e-07,0.0044982698961939,1.1205996457903172e-05,0.0041522491349481,6.097380425623785e-06,0.0038062283737025,1.582023029351036e-05,0.0062283737024222,2.3071169178035943e-06,0.0065743944636678,2.4224727636937737e-05,0.0069204152249136,7.086144818968182e-06,0.0072664359861591,7.74532108119778e-06,0.0076124567474049,1.977528786688795e-06,1,1,1,1,2
1077,0,14:03:54,2,0.0065743944636678,0.0,0.0057093425605536,0.005190311418685,8.239703277869979e-07,0.0048442906574395,9.887643933443975e-07,0.0044982698961939,1.1205996457903172e-05,0.0041522491349481,6.097380425623785e-06,0.0038062283737025,1.582023029351036e-05,0.0062283737024222,2.3071169178035943e-06,0.0065743944636678,2.438952170249514e-05,0.0069204152249136,7.086144818968182e-06,0.0072664359861591,7.74532108119778e-06,0.0076124567474049,1.977528786688795e-06,1,1,1,1,2
1078,0,14:03:57,2,0.005190311418685,2905.0,0.0057093425605536,0.005190311418685,6.591762622295983e-07,0.0048442906574395,1.3183525244591966e-06,0.0044982698961939,1.1205996457903172e-05,0.0041522491349481,6.097380425623785e-06,0.0038062283737025,1.582023029351036e-05,0.0062283737024222,2.3071169178035943e-06,0.0065743944636678,2.4719109833609935e-05,0.0069204152249136,7.086144818968182e-06,0.0072664359861591,7.74532108119778e-06,0.0076124567474049,1.977528786688795e-06,1,1,1,2,2
1079,0,14:04:00,2,0.005190311418685,0.0,0.0057093425605536,0.005190311418685,6.591762622295983e-07,0.0048442906574395,1.3183525244591966e-06,0.0044982698961939,1.1205996457903172e-05,0.0041522491349481,6.097380425623785e-06,0.0038062283737025,1.582023029351036e-05,0.0062283737024222,2.3071169178035943e-06,0.0065743944636678,2.4719109833609935e-05,0.0069204152249136,7.086144818968182e-06,0.0072664359861591,7.74532108119778e-06,0.0076124567474049,1.977528786688795e-06,1,1,1,2,2
1080,0,14:04:03,2,0.0062283737024222,2908.0,0.0057093425605536,0.005190311418685,6.591762622295983e-07,0.0048442906574395,1.3183525244591966e-06,0.0044982698961939,1.1205996457903172e-05,0.0041522491349481,6.097380425623785e-06,0.0038062283737025,1.582023029351036e-05,0.0062283737024222,2.1423228522461945e-06,0.0065743944636678,2.4719109833609935e-05,0.0069204152249136,7.086144818968182e-06,0.0072664359861591,7.74532108119778e-06,0.0076124567474049,1.977528786688795e-06,1,1,1,2,2
1081,0,14:04:06,2,0.0062283737024222,0.0,0.0057093425605536,0.005190311418685,6.591762622295983e-07,0.0048442906574395,1.3183525244591966e-06,0.0044982698961939,1.1205996457903172e-05,0.0041522491349481,6.097380425623785e-06,0.0038062283737025,1.582023029351036e-05,0.0062283737024222,2.1423228522461945e-06,0.0065743944636678,2.4719109833609935e-05,0.0069204152249136,7.086144818968182e-06,0.0072664359861591,7.74532108119778e-06,0.0076124567474049,1.977528786688795e-06,1,1,1,2,2
1082,0,14:04:09,2,0.0062283737024222,0.0,0.0057093425605536,0.005190311418685,6.591762622295983e-07,0.0048442906574395,1.3183525244591966e-06,0.0044982698961939,1.1205996457903172e-05,0.0041522491349481,6.097380425623785e-06,0.0038062283737025,1.582023029351036e-05,0.0062283737024222,2.1423228522461945e-06,0.0065743944636678,2.4719109833609935e-05,0.0069204152249136,7.086144818968182e-06,0.0072664359861591,7.74532108119778e-06,0.0076124567474049,1.977528786688795e-06,1,1,1,2,2
1083,0,14:04:12,2,0.0062283737024222,0.0,0.0057093425605536,0.005190311418685,6.591762622295983e-07,0.0048442906574395,1.3183525244591966e-06,0.0044982698961939,1.1205996457903172e-05,0.0041522491349481,6.097380425623785e-06,0.0038062283737025,1.582023029351036e-05,0.0062283737024222,2.1423228522461945e-06,0.0065743944636678,2.4719109833609935e-05,0.0069204152249136,7.086144818968182e-06,0.0072664359861591,7.74532108119778e-06,0.0076124567474049,1.977528786688795e-06,1,1,1,2,2
1084,0,14:04:15,2,0.0062283737024222,0.0,0.0057093425605536,0.005190311418685,6.591762622295983e-07,0.0048442906574395,1.3183525244591966e-06,0.0041522491349481,6.097380425623785e-06,0.0038062283737025,1.582023029351036e-05,0.0034602076124568,4.284645704492389e-06,0.0062283737024222,2.1423228522461945e-06,0.0065743944636678,2.4719109833609935e-05,0.0069204152249136,7.086144818968182e-06,0.0072664359861591,7.74532108119778e-06,0.0076124567474049,1.977528786688795e-06,1,1,1,2,2
1085,0,14:04:18,2,0.0062283737024222,0.0,0.0057093425605536,0.005190311418685,6.591762622295983e-07,0.0048442906574395,2.4719109833609937e-06,0.0041522491349481,6.097380425623785e-06,0.0038062283737025,1.582023029351036e-05,0.0034602076124568,4.284645704492389e-06,0.0062283737024222,2.1423228522461945e-06,0.0065743944636678,2.4719109833609935e-05,0.0069204152249136,6.921350753410782e-06,0.0072664359861591,7.74532108119778e-06,0.0076124567474049,1.977528786688795e-06,1,1,1,2,2
1086,0,14:04:21,2,0.0062283737024222,0.0,0.0057093425605536,0.005190311418685,6.591762622295983e-07,0.0048442906574395,2.4719109833609937e-06,0.0041522491349481,6.097380425623785e-06,0.0038062283737025,1.582023029351036e-05,0.0034602076124568,4.284645704492389e-06,0.0062283737024222,2.1423228522461945e-06,0.0065743944636678,2.4719109833609935e-05,0.0069204152249136,6.921350753410782e-06,0.0072664359861591,7.74532108119778e-06,0.0076124567474049,1.977528786688795e-06,1,1,1,2,2
1087,0,14:04:24,2,0.0062283737024222,0.0,0.0057093425605536,0.005190311418685,6.591762622295983e-07,0.0048442906574395,2.4719109833609937e-06,0.0041522491349481,6.097380425623785e-06,0.0038062283737025,1.582023029351036e-05,0.0034602076124568,5.932586360066385e-06,0.0062283737024222,2.1423228522461945e-06,0.0065743944636678,2.4719109833609935e-05,0.0069204152249136,6.921350753410782e-06,0.0072664359861591,7.74532108119778e-06,0.0076124567474049,1.977528786688795e-06,1,1,1,2,2
1088,0,14:04:27,2,0.0062283737024222,20356.0,0.0057093425605536,0.005190311418685,6.591762622295983e-07,0.0048442906574395,2.4719109833609937e-06,0.0041522491349481,6.097380425623785e-06,0.0038062283737025,1.582023029351036e-05,0.0034602076124568,5.932586360066385e-06,0.0062283737024222,9.887643933443975e-07,0.0065743944636678,2.4719109833609935e-05,0.0069204152249136,6.921350753410782e-06,0.0072664359861591,7.74532108119778e-06,0.0076124567474049,1.977528786688795e-06,1,2,1,2,2
1089,0,14:04:30,2,0.0062283737024222,0.0,0.0057093425605536,0.005190311418685,6.591762622295983e-07,0.0048442906574395,2.4719109833609937e-06,0.0041522491349481,6.097380425623785e-06,0.0038062283737025,1.582023029351036e-05,0.0034602076124568,5.932586360066385e-06,0.0062283737024222,9.887643933443975e-07,0.0065743944636678,2.4719109833609935e-05,0.0069204152249136,6.921350753410782e-06,0.0072664359861591,7.74532108119778e-06,0.0076124567474049,1.977528786688795e-06,1,2,1,2,2
1090,0,14:04:33,2,0.0062283737024222,0.0,0.0057093425605536,0.005190311418685,6.591762622295983e-07,0.0048442906574395,2.4719109833609937e-06,0.0041522491349481,6.097380425623785e-06,0.0038062283737025,1.582023029351036e-05,0.0034602076124568,5.932586360066385e-06,0.0062283737024222,9.887643933443975e-07,0.0065743944636678,2.4719109833609935e-05,0.0069204152249136,6.921350753410782e-06,0.0072664359861591,7.74532108119778e-06,0.0076124567474049,1.977528786688795e-06,1,2,1,2,2
1091,0,14:04:36,2,0.0062283737024222,0.0,0.0057093425605536,0.005190311418685,6.591762622295983e-07,0.0048442906574395,3.7902635078201903e-06,0.0041522491349481,6.097380425623785e-06,0.0038062283737025,1.582023029351036e-05,0.0034602076124568,5.932586360066385e-06,0.0062283737024222,9.887643933443975e-07,0.0065743944636678,2.4554315768052537e-05,0.0069204152249136,6.921350753410782e-06,0.0072664359861591,7.74532108119778e-06,0.0076124567474049,1.977528786688795e-06,1,1,1,2,2
1092,0,14:04:39,2,0.0062283737024222,0.0,0.0057093425605536,0.005190311418685,6.591762622295983e-07,0.0048442906574395,3.7902635078201903e-06,0.0041522491349481,6.097380425623785e-06,0.0038062283737025,1.582023029351036e-05,0.0034602076124568,5.932586360066385e-06,0.0062283737024222,9.887643933443975e-07,0.0065743944636678,2.4554315768052537e-05,0.0069204152249136,6.921350753410782e-06,0.0072664359861591,7.74532108119778e-06,0.0076124567474049,1.977528786688795e-06,1,1,1,2,2
1093,0,14:04:42,2,0.0062283737024222,0.0,0.0057093425605536,0.005190311418685,6.591762622295983e-07,0.0048442906574395,3.7902635078201903e-06,0.0041522491349481,6.097380425623785e-06,0.0038062283737025,1.582023029351036e-05,0.0034602076124568,5.932586360066385e-06,0.0062283737024222,1.3183525244591966e-06,0.0065743944636678,2.4554315768052537e-05,0.0069204152249136,6.921350753410782e-06,0.0072664359861591,7.74532108119778e-06,0.0076124567474049,1.977528786688795e-06,2,0,1,2,2
1094,0,14:04:45,2,0.0062283737024222,0.0,0.0057093425605536,0.005190311418685,9.887643933443975e-07,0.0048442906574395,3.7902635078201903e-06,0.0041522491349481,6.097380425623785e-06,0.0038062283737025,1.582023029351036e-05,0.0034602076124568,5.932586360066385e-06,0.0062283737024222,1.3183525244591966e-06,0.0065743944636678,2.4554315768052537e-05,0.0069204152249136,6.921350753410782e-06,0.0072664359861591,7.74532108119778e-06,0.0076124567474049,1.977528786688795e-06,2,0,1,2,2
1095,0,14:04:48,2,0.0062283737024222,0.0,0.0057093425605536,0.005190311418685,9.887643933443975e-07,0.0048442906574395,3.7902635078201903e-06,0.0041522491349481,6.097380425623785e-06,0.0038062283737025,1.582023029351036e-05,0.0034602076124568,5.932586360066385e-06,0.0062283737024222,1.3183525244591966e-06,0.0065743944636678,2.4554315768052537e-05,0.0069204152249136,6.921350753410782e-06,0.0072664359861591,7.74532108119778e-06,0.0076124567474049,1.977528786688795e-06,2,0,1,2,2
1096,0,14:04:51,2,0.0062283737024222,0.0,0.0057093425605536,0.005190311418685,9.887643933443975e-07,0.0048442906574395,3.7902635078201903e-06,0.0041522491349481,6.097380425623785e-06,0.0038062283737025,1.582023029351036e-05,0.0034602076124568,5.932586360066385e-06,0.0062283737024222,1.3183525244591966e-06,0.0065743944636678,2.4554315768052537e-05,0.0069204152249136,6.921350753410782e-06,0.0072664359861591,7.74532108119778e-06,0.0076124567474049,1.977528786688795e-06,1,0,1,2,2
1097,0,14:04:54,2,0.0062283737024222,0.0,0.0057093425605536,0.005190311418685,9.887643933443975e-07,0.0048442906574395,3.7902635078201903e-06,0.0041522491349481,6.097380425623785e-06,0.0038062283737025,1.582023029351036e-05,0.0034602076124568,5.932586360066385e-06,0.0062283737024222,1.3183525244591966e-06,0.0065743944636678,2.4554315768052537e-05,0.0069204152249136,6.921350753410782e-06,0.0072664359861591,7.74532108119778e-06,0.0076124567474049,1.977528786688795e-06,1,0,1,2,2
1098,0,14:04:57,2,0.0062283737024222,26169.0,0.006401384083045,0.0062283737024222,2.3071169178035943e-06,0.005190311418685,8.239703277869979e-07,0.0048442906574395,4.9438219667219874e-06,0.0041522491349481,6.097380425623785e-06,0.0038062283737025,1.582023029351036e-05,0.0065743944636678,2.4554315768052537e-05,0.0069204152249136,6.921350753410782e-06,0.0072664359861591,7.74532108119778e-06,0.0076124567474049,1.977528786688795e-06,0.0083044982698963,6.921350753410782e-06,0,0,1,2,2
1099,0,14:05:00,2,0.0062283737024222,8724.0,0.006401384083045,0.0062283737024222,1.8127347211313956e-06,0.005190311418685,8.239703277869979e-07,0.0048442906574395,4.9438219667219874e-06,0.0041522491349481,6.097380425623785e-06,0.0038062283737025,1.582023029351036e-05,0.0065743944636678,2.4554315768052537e-05,0.0069204152249136,6.921350753410782e-06,0.0072664359861591,7.74532108119778e-06,0.0076124567474049,1.977528786688795e-06,0.0083044982698963,6.921350753410782e-06,0,0,1,2,2
1100,0,14:05:03,2,0.0062283737024222,0.0,0.006401384083045,0.0062283737024222,1.8127347211313956e-06,0.005190311418685,8.239703277869979e-07,0.0048442906574395,4.9438219667219874e-06,0.0041522491349481,6.097380425623785e-06,0.0038062283737025,1.582023029351036e-05,0.0065743944636678,2.4554315768052537e-05,0.0069204152249136,5.273410097836786e-06,0.0072664359861591,7.74532108119778e-06,0.0076124567474049,1.977528786688795e-06,0.0083044982698963,6.921350753410782e-06,0,0,2,2,2
1101,0,14:05:06,2,0.0062283737024222,31988.0,0.0057093425605536,0.005190311418685,8.239703277869979e-07,0.0048442906574395,4.9438219667219874e-06,0.0041522491349481,6.097380425623785e-06,0.0038062283737025,1.582023029351036e-05,0.0034602076124568,5.932586360066385e-06,0.0062283737024222,1.4831465900165962e-06,0.0065743944636678,2.4554315768052537e-05,0.0069204152249136,5.273410097836786e-06,0.0072664359861591,7.74532108119778e-06,0.0076124567474049,1.977528786688795e-06,0,0,2,2,2
1102,0,14:05:09,2,0.0062283737024222,0.0,0.0057093425605536,0.005190311418685,8.239703277869979e-07,0.0048442906574395,4.9438219667219874e-06,0.0041522491349481,6.097380425623785e-06,0.0038062283737025,1.582023029351036e-05,0.0034602076124568,5.932586360066385e-06,0.0062283737024222,1.4831465900165962e-06,0.0065743944636678,2.4554315768052537e-05,0.0069204152249136,5.273410097836786e-06,0.0072664359861591,7.74532108119778e-06,0.0076124567474049,1.977528786688795e-06,0,0,2,2,2
1103,0,14:05:12,2,0.005190311418685,20335.0,0.0050173010380623,0.0048442906574395,4.9438219667219874e-06,0.0041522491349481,6.097380425623785e-06,0.0038062283737025,1.582023029351036e-05,0.0034602076124568,5.932586360066385e-06,0.0027681660899654,1.6479406555739957e-07,0.005190311418685,2.1423228522461945e-06,0.0062283737024222,1.6479406555739958e-06,0.0065743944636678,2.4554315768052537e-05,0.0069204152249136,5.273410097836786e-06,0.0072664359861591,7.74532108119778e-06,1,1,2,2,2
1104,0,14:05:15,2,0.005190311418685,0.0,0.0050173010380623,0.0048442906574395,4.9438219667219874e-06,0.0041522491349481,6.097380425623785e-06,0.0038062283737025,1.582023029351036e-05,0.0034602076124568,5.932586360066385e-06,0.0027681660899654,1.6479406555739957e-07,0.005190311418685,2.1423228522461945e-06,0.0062283737024222,1.6479406555739958e-06,0.0065743944636678,2.4554315768052537e-05,0.0069204152249136,5.273410097836786e-06,0.0072664359861591,7.74532108119778e-06,1,2,2,2,2
1105,0,14:05:18,2,0.005190311418685,8715.0,0.0050173010380623,0.0048442906574395,4.9438219667219874e-06,0.0041522491349481,6.097380425623785e-06,0.0038062283737025,1.582023029351036e-05,0.0034602076124568,5.932586360066385e-06,0.0027681660899654,1.6479406555739957e-07,0.005190311418685,1.6479406555739958e-06,0.0062283737024222,1.6479406555739958e-06,0.0065743944636678,2.4554315768052537e-05,0.0069204152249136,5.273410097836786e-06,0.0072664359861591,7.74532108119778e-06,1,2,2,2,2
1106,0,14:05:21,2,0.005190311418685,0.0,0.0050173010380623,0.0048442906574395,4.9438219667219874e-06,0.0041522491349481,6.097380425623785e-06,0.0038062283737025,1.582023029351036e-05,0.0034602076124568,5.932586360066385e-06,0.0027681660899654,1.6479406555739957e-07,0.005190311418685,1.6479406555739958e-06,0.0062283737024222,1.6479406555739958e-06,0.0065743944636678,2.4554315768052537e-05,0.0069204152249136,5.273410097836786e-06,0.0072664359861591,7.74532108119778e-06,1,2,2,2,2
1107,0,14:05:24,2,0.0048442906574395,2904.0,0.0050173010380623,0.0048442906574395,4.779027901164588e-06,0.0041522491349481,6.097380425623785e-06,0.0038062283737025,1.582023029351036e-05,0.0034602076124568,5.932586360066385e-06,0.0027681660899654,1.6479406555739957e-07,0.005190311418685,1.6479406555739958e-06,0.0062283737024222,1.6479406555739958e-06,0.0065743944636678,2.4554315768052537e-05,0.0069204152249136,5.273410097836786e-06,0.0072664359861591,7.74532108119778e-06,1,2,2,2,2
1108,0,14:05:27,2,0.0048442906574395,0.0,0.0050173010380623,0.0048442906574395,4.779027901164588e-06,0.0041522491349481,6.097380425623785e-06,0.0038062283737025,1.582023029351036e-05,0.0034602076124568,5.932586360066385e-06,0.0027681660899654,1.6479406555739957e-07,0.005190311418685,1.6479406555739958e-06,0.0062283737024222,1.6479406555739958e-06,0.0065743944636678,2.4554315768052537e-05,0.0069204152249136,5.273410097836786e-06,0.0072664359861591,7.74532108119778e-06,1,2,2,2,2
1109,0,14:05:30,2,0.0048442906574395,0.0,0.0050173010380623,0.0048442906574395,4.779027901164588e-06,0.0041522491349481,6.097380425623785e-06,0.0038062283737025,1.582023029351036e-05,0.0034602076124568,5.932586360066385e-06,0.0027681660899654,1.6479406555739957e-07,0.005190311418685,1.6479406555739958e-06,0.0062283737024222,1.6479406555739958e-06,0.0065743944636678,2.4554315768052537e-05,0.0069204152249136,6.426968556738583e-06,0.0072664359861591,7.74532108119778e-06,2,2,2,2,2
1110,0,14:05:33,2,0.0048442906574395,0.0,0.0050173010380623,0.0048442906574395,3.460675376705391e-06,0.0041522491349481,6.097380425623785e-06,0.0038062283737025,1.582023029351036e-05,0.0034602076124568,5.932586360066385e-06,0.0027681660899654,1.6479406555739957e-07,0.005190311418685,1.6479406555739958e-06,0.0062283737024222,1.6479406555739958e-06,0.0065743944636678,2.4554315768052537e-05,0.0069204152249136,6.426968556738583e-06,0.0072664359861591,7.74532108119778e-06,2,2,2,2,2
1111,0,14:05:36,2,0.0048442906574395,0.0,0.0050173010380623,0.0048442906574395,3.460675376705391e-06,0.0041522491349481,6.097380425623785e-06,0.0038062283737025,1.582023029351036e-05,0.0034602076124568,5.932586360066385e-06,0.0027681660899654,1.6479406555739957e-07,0.005190311418685,1.6479406555739958e-06,0.0062283737024222,1.6479406555739958e-06,0.0065743944636678,2.4554315768052537e-05,0.0069204152249136,6.426968556738583e-06,0.0072664359861591,7.74532108119778e-06,2,2,2,2,2
1112,0,14:05:39,2,0.005190311418685,2905.0,0.0050173010380623,0.0048442906574395,3.460675376705391e-06,0.0041522491349481,6.097380425623785e-06,0.0038062283737025,1.582023029351036e-05,0.0034602076124568,5.932586360066385e-06,0.0027681660899654,1.6479406555739957e-07,0.005190311418685,1.4831465900165962e-06,0.0062283737024222,1.6479406555739958e-06,0.0065743944636678,2.4554315768052537e-05,0.0069204152249136,6.426968556738583e-06,0.0072664359861591,7.74532108119778e-06,2,2,2,2,2
1113,0,14:05:42,2,0.005190311418685,23240.0,0.0050173010380623,0.0048442906574395,3.460675376705391e-06,0.0041522491349481,6.097380425623785e-06,0.0038062283737025,1.582023029351036e-05,0.0034602076124568,5.932586360066385e-06,0.0027681660899654,1.6479406555739957e-07,0.005190311418685,1.6479406555739957e-07,0.0062283737024222,1.6479406555739958e-06,0.0065743944636678,2.4554315768052537e-05,0.0069204152249136,6.426968556738583e-06,0.0072664359861591,7.74532108119778e-06,2,2,2,2,2
1114,0,14:05:45,2,0.005190311418685,2905.0,0.0055363321799308,0.0048442906574395,3.460675376705391e-06,0.0041522491349481,6.097380425623785e-06,0.0038062283737025,1.582023029351036e-05,0.0034602076124568,5.932586360066385e-06,0.0027681660899654,1.6479406555739957e-07,0.0062283737024222,1.6479406555739958e-06,0.0065743944636678,2.4554315768052537e-05,0.0069204152249136,6.426968556738583e-06,0.0072664359861591,7.74532108119778e-06,0.0076124567474049,3.625469442262791e-06,2,2,2,2,2
1115,0,14:05:48,2,0.0062283737024222,58123.0,0.0058823529411764,0.005190311418685,9.558055802329175e-06,0.0048442906574395,2.3071169178035943e-06,0.0041522491349481,6.097380425623785e-06,0.0038062283737025,1.582023029351036e-05,0.0034602076124568,5.932586360066385e-06,0.0065743944636678,2.4554315768052537e-05,0.0069204152249136,6.426968556738583e-06,0.0072664359861591,7.74532108119778e-06,0.0076124567474049,3.625469442262791e-06,0.0083044982698963,6.921350753410782e-06,2,2,2,2,2
1116,0,14:05:51,2,0.0062283737024222,0.0,0.0058823529411764,0.0055363321799308,1.6479406555739957e-07,0.005190311418685,1.1370790523460572e-05,0.0048442906574395,2.3071169178035943e-06,0.0041522491349481,6.097380425623785e-06,0.0038062283737025,1.582023029351036e-05,0.0062283737024222,4.943821966721988e-07,0.0065743944636678,2.4224727636937737e-05,0.0069204152249136,1.1041202392345772e-05,0.0072664359861591,7.74532108119778e-06,0.0076124567474049,3.625469442262791e-06,2,2,2,2,2
1117,0,14:05:54,2,0.0065743944636678,180355.0,0.0060553633217992,0.0055363321799308,5.108616032279387e-06,0.005190311418685,1.2524348982362367e-05,0.0048442906574395,2.3071169178035943e-06,0.0041522491349481,6.097380425623785e-06,0.0038062283737025,1.582023029351036e-05,0.0065743944636678,1.4501877769051163e-05,0.0069204152249136,7.250938884525582e-06,0.0072664359861591,7.74532108119778e-06,0.0076124567474049,3.625469442262791e-06,0.0083044982698963,6.921350753410782e-06,2,2,2,2,2
1118,0,14:05:57,2,0.0069204152249136,375302.0,0.0067474048442905,0.0065743944636678,2.3071169178035943e-06,0.0055363321799308,5.108616032279387e-06,0.005190311418685,1.2524348982362367e-05,0.0048442906574395,2.3071169178035943e-06,0.0041522491349481,6.097380425623785e-06,0.0069204152249136,9.887643933443975e-07,0.0072664359861591,7.74532108119778e-06,0.0076124567474049,3.625469442262791e-06,0.0083044982698963,6.921350753410782e-06,0.0086505190311418,8.569291408984778e-06,2,2,2,2,2
1119,0,14:06:00,2,0.0072664359861591,119345.0,0.0070934256055363,0.0069204152249136,4.943821966721988e-07,0.0055363321799308,5.108616032279387e-06,0.005190311418685,1.2524348982362367e-05,0.0048442906574395,2.3071169178035943e-06,0.0041522491349481,6.097380425623785e-06,0.0072664359861591,1.977528786688795e-06,0.0076124567474049,3.625469442262791e-06,0.0083044982698963,6.921350753410782e-06,0.0086505190311418,8.569291408984778e-06,0.0089965397923876,1.598502435906776e-05,2,2,2,2,2
1120,0,14:06:03,2,0.0076124567474049,90263.0,0.0081314878892733,0.0079584775086505,1.3183525244591966e-06,0.0069204152249136,3.295881311147992e-07,0.0055363321799308,5.108616032279387e-06,0.005190311418685,1.2524348982362367e-05,0.0048442906574395,2.3071169178035943e-06,0.0083044982698963,6.921350753410782e-06,0.0086505190311418,8.569291408984778e-06,0.0089965397923876,1.598502435906776e-05,0.0093425605536332,1.2853937113477169e-05,0.009688581314879,4.779027901164588e-06,1,1,2,1,2
1121,0,14:06:06,2,0.0076124567474049,0.0,0.0081314878892733,0.0079584775086505,1.3183525244591966e-06,0.0055363321799308,6.921350753410782e-06,0.005190311418685,1.3183525244591966e-06,0.0048442906574395,2.3071169178035943e-06,0.0041522491349481,6.097380425623785e-06,0.0083044982698963,6.921350753410782e-06,0.0086505190311418,8.569291408984778e-06,0.0089965397923876,1.598502435906776e-05,0.0093425605536332,1.2853937113477169e-05,0.009688581314879,4.779027901164588e-06,1,1,2,1,2
1122,0,14:06:09,2,0.0076124567474049,0.0,0.0081314878892733,0.0079584775086505,1.3183525244591966e-06,0.0072664359861591,1.6479406555739957e-07,0.0055363321799308,1.977528786688795e-06,0.005190311418685,1.3183525244591966e-06,0.0048442906574395,2.3071169178035943e-06,0.0083044982698963,6.921350753410782e-06,0.0086505190311418,8.404497343427378e-06,0.0089965397923876,1.598502435906776e-05,0.0093425605536332,1.2853937113477169e-05,0.009688581314879,4.779027901164588e-06,1,1,2,1,2
1123,0,14:06:12,2,0.0079584775086505,5826.0,0.0081314878892733,0.0079584775086505,9.887643933443975e-07,0.0072664359861591,2.3071169178035943e-06,0.0065743944636678,1.6479406555739957e-07,0.0055363321799308,1.977528786688795e-06,0.005190311418685,1.3183525244591966e-06,0.0083044982698963,6.921350753410782e-06,0.0086505190311418,8.404497343427378e-06,0.0089965397923876,1.598502435906776e-05,0.0093425605536332,1.2853937113477169e-05,0.009688581314879,4.779027901164588e-06,1,1,2,1,2
1124,0,14:06:15,2,0.0079584775086505,46618.0,0.0076124567474047,0.0072664359861591,2.3071169178035943e-06,0.0065743944636678,1.6479406555739957e-07,0.0055363321799308,1.8127347211313956e-06,0.005190311418685,1.3183525244591966e-06,0.0048442906574395,1.1535584589017972e-06,0.0079584775086505,6.591762622295983e-07,0.0083044982698963,5.273410097836786e-06,0.0086505190311418,8.404497343427378e-06,0.0089965397923876,1.598502435906776e-05,0.0093425605536332,1.2853937113477169e-05,2,2,2,2,2
1125,0,14:06:18,2,0.0076124567474049,5825.0,0.0077854671280277,0.0076124567474049,3.295881311147992e-07,0.0072664359861591,2.3071169178035943e-06,0.0065743944636678,1.6479406555739957e-07,0.0055363321799308,1.8127347211313956e-06,0.005190311418685,1.3183525244591966e-06,0.0079584775086505,4.943821966721988e-07,0.0083044982698963,5.273410097836786e-06,0.0086505190311418,8.404497343427378e-06,0.0089965397923876,1.598502435906776e-05,0.0093425605536332,1.2853937113477169e-05,1,2,2,2,2
1126,0,14:06:21,2,0.0083044982698963,14567.0,0.0081314878892733,0.0079584775086505,3.295881311147992e-07,0.0076124567474049,3.295881311147992e-07,0.0072664359861591,2.3071169178035943e-06,0.0065743944636678,3.295881311147992e-07,0.0055363321799308,1.8127347211313956e-06,0.0083044982698963,4.9438219667219874e-06,0.0086505190311418,8.734085474542178e-06,0.0089965397923876,1.598502435906776e-05,0.0093425605536332,1.2853937113477169e-05,0.009688581314879,4.779027901164588e-06,1,2,2,1,2
1127,0,14:06:24,2,0.0083044982698963,0.0,0.0081314878892733,0.0079584775086505,3.295881311147992e-07,0.0072664359861591,2.3071169178035943e-06,0.0065743944636678,1.6479406555739957e-07,0.0055363321799308,1.8127347211313956e-06,0.005190311418685,1.3183525244591966e-06,0.0083044982698963,4.9438219667219874e-06,0.0086505190311418,8.734085474542178e-06,0.0089965397923876,1.598502435906776e-05,0.0093425605536332,1.2853937113477169e-05,0.009688581314879,4.779027901164588e-06,1,2,2,1,2
1128,0,14:06:27,2,0.0083044982698963,49538.0,0.0081314878892733,0.0079584775086505,3.295881311147992e-07,0.0072664359861591,2.3071169178035943e-06,0.0065743944636678,1.6479406555739957e-07,0.0055363321799308,1.8127347211313956e-06,0.005190311418685,1.3183525244591966e-06,0.0083044982698963,2.1423228522461945e-06,0.0086505190311418,8.734085474542178e-06,0.0089965397923876,1.598502435906776e-05,0.0093425605536332,1.2853937113477169e-05,0.009688581314879,4.779027901164588e-06,1,2,2,1,2
1129,0,14:06:30,2,0.0083044982698963,0.0,0.0081314878892733,0.0079584775086505,3.295881311147992e-07,0.0072664359861591,2.3071169178035943e-06,0.0065743944636678,1.6479406555739957e-07,0.0055363321799308,1.8127347211313956e-06,0.005190311418685,1.3183525244591966e-06,0.0083044982698963,2.1423228522461945e-06,0.0086505190311418,1.0382026130116173e-05,0.0089965397923876,1.598502435906776e-05,0.0093425605536332,1.2853937113477169e-05,0.009688581314879,4.779027901164588e-06,1,2,2,2,2
1130,0,14:06:33,2,0.0083044982698963,5828.0,0.0081314878892733,0.0079584775086505,3.295881311147992e-07,0.0072664359861591,2.3071169178035943e-06,0.0065743944636678,1.6479406555739957e-07,0.0055363321799308,1.8127347211313956e-06,0.005190311418685,1.3183525244591966e-06,0.0083044982698963,1.8127347211313956e-06,0.0086505190311418,1.0382026130116173e-05,0.0089965397923876,1.598502435906776e-05,0.0093425605536332,1.2853937113477169e-05,0.009688581314879,4.779027901164588e-06,1,2,1,2,2
1131,0,14:06:36,2,0.0083044982698963,32051.0,0.0077854671280277,0.0072664359861591,2.3071169178035943e-06,0.0065743944636678,1.6479406555739957e-07,0.0055363321799308,1.8127347211313956e-06,0.005190311418685,1.3183525244591966e-06,0.0048442906574395,2.801499114475793e-06,0.0083044982698963,4.943821966721988e-07,0.0086505190311418,1.0382026130116173e-05,0.0089965397923876,1.598502435906776e-05,0.0093425605536332,1.2853937113477169e-05,0.009688581314879,4.779027901164588e-06,2,2,2,2,2
1132,0,14:06:39,2,0.0083044982698963,8742.0,0.0084775086505191,0.0083044982698963,2.4719109833609937e-06,0.0076124567474049,1.6479406555739957e-07,0.0072664359861591,4.119851638934989e-06,0.0065743944636678,1.6479406555739957e-07,0.005190311418685,1.3183525244591966e-06,0.0086505190311418,1.0382026130116173e-05,0.0089965397923876,1.598502435906776e-05,0.0093425605536332,1.2853937113477169e-05,0.009688581314879,4.779027901164588e-06,0.0100346020761246,1.977528786688795e-05,1,2,1,2,1
1133,0,14:06:42,2,0.0086505190311418,14575.0,0.0084775086505191,0.0083044982698963,3.460675376705391e-06,0.0076124567474049,1.6479406555739957e-07,0.0072664359861591,4.119851638934989e-06,0.0065743944636678,1.6479406555739957e-07,0.005190311418685,1.3183525244591966e-06,0.0086505190311418,9.558055802329175e-06,0.0089965397923876,1.598502435906776e-05,0.0093425605536332,1.2853937113477169e-05,0.009688581314879,4.779027901164588e-06,0.0100346020761246,1.977528786688795e-05,1,2,1,2,1
1134,0,14:06:45,2,0.0086505190311418,81620.0,0.0084775086505191,0.0083044982698963,4.119851638934989e-06,0.0076124567474049,1.6479406555739957e-07,0.0072664359861591,4.119851638934989e-06,0.0065743944636678,1.6479406555739957e-07,0.005190311418685,1.3183525244591966e-06,0.0086505190311418,4.9438219667219874e-06,0.0089965397923876,1.598502435906776e-05,0.0093425605536332,1.2853937113477169e-05,0.009688581314879,4.779027901164588e-06,0.0100346020761246,1.977528786688795e-05,2,2,1,2,1
1135,0,14:06:48,2,0.0086505190311418,75790.0,0.0084775086505191,0.0083044982698963,2.5213492030282136e-05,0.0076124567474049,1.6479406555739957e-07,0.0072664359861591,4.119851638934989e-06,0.0065743944636678,1.6479406555739957e-07,0.005190311418685,1.3183525244591966e-06,0.0086505190311418,6.591762622295983e-07,0.0089965397923876,1.549064216239556e-05,0.0093425605536332,1.2853937113477169e-05,0.009688581314879,4.779027901164588e-06,0.0100346020761246,1.977528786688795e-05,2,2,1,2,1
1136,0,14:06:51,2,0.0086505190311418,11660.0,0.0088235294117648,0.0086505190311418,1.1535584589017972e-06,0.0083044982698963,2.702622675141353e-05,0.0065743944636678,1.6479406555739957e-07,0.005190311418685,1.3183525244591966e-06,0.0048442906574395,2.801499114475793e-06,0.0089965397923876,1.549064216239556e-05,0.0093425605536332,1.2853937113477169e-05,0.009688581314879,4.779027901164588e-06,0.0100346020761246,1.977528786688795e-05,0.0103806228373701,2.2576786981363745e-05,1,1,1,1,1
1137,0,14:06:54,2,0.0089965397923876,128304.0,0.0088235294117648,0.0086505190311418,4.614233835607189e-06,0.0083044982698963,2.702622675141353e-05,0.0065743944636678,1.6479406555739957e-07,0.0058823529411764,1.6479406555739957e-07,0.005190311418685,1.3183525244591966e-06,0.0089965397923876,8.239703277869978e-06,0.0093425605536332,1.2853937113477169e-05,0.009688581314879,4.779027901164588e-06,0.0100346020761246,1.977528786688795e-05,0.0103806228373701,2.2576786981363745e-05,2,1,1,1,1
1138,0,14:06:57,2,0.0086505190311418,72875.0,0.0088235294117648,0.0086505190311418,3.295881311147992e-06,0.0083044982698963,2.5213492030282136e-05,0.0065743944636678,1.6479406555739957e-07,0.0058823529411764,1.6479406555739957e-07,0.005190311418685,1.3183525244591966e-06,0.0089965397923876,8.239703277869978e-06,0.0093425605536332,1.2853937113477169e-05,0.009688581314879,4.779027901164588e-06,0.0100346020761246,1.977528786688795e-05,0.0103806228373701,2.2576786981363745e-05,2,1,1,1,1
1139,0,14:07:00,2,0.0089965397923876,145800.0,0.0091695501730104,0.0089965397923876,1.3183525244591966e-06,0.0086505190311418,5.602998228951586e-06,0.0083044982698963,2.5213492030282136e-05,0.0065743944636678,1.6479406555739957e-07,0.0058823529411764,1.6479406555739957e-07,0.0093425605536332,1.2853937113477169e-05,0.009688581314879,4.779027901164588e-06,0.0100346020761246,1.977528786688795e-05,0.0103806228373701,2.2576786981363745e-05,0.0107266435986159,2.2082404784691544e-05,1,1,1,1,1
1140,0,14:07:03,2,0.0089965397923876,11664.0,0.0091695501730104,0.0089965397923876,2.4719109833609937e-06,0.0086505190311418,3.7902635078201903e-06,0.0083044982698963,2.5213492030282136e-05,0.0065743944636678,1.6479406555739957e-07,0.0058823529411764,1.6479406555739957e-07,0.0093425605536332,1.2853937113477169e-05,0.009688581314879,4.779027901164588e-06,0.0100346020761246,1.977528786688795e-05,0.0103806228373701,2.2576786981363745e-05,0.0107266435986159,2.2082404784691544e-05,1,1,1,1,1
1141,0,14:07:06,2,0.0093425605536332,107929.0,0.0091695501730104,0.0089965397923876,3.295881311147992e-06,0.0086505190311418,3.7902635078201903e-06,0.0083044982698963,2.5213492030282136e-05,0.0065743944636678,1.6479406555739957e-07,0.0058823529411764,1.6479406555739957e-07,0.0093425605536332,6.756556687853383e-06,0.009688581314879,4.779027901164588e-06,0.0100346020761246,1.977528786688795e-05,0.0103806228373701,2.2247198850248946e-05,0.0107266435986159,2.2082404784691544e-05,1,1,1,1,1
1142,0,14:07:09,2,0.0093425605536332,119597.0,0.009515570934256,0.0093425605536332,1.4831465900165962e-06,0.0089965397923876,3.295881311147992e-06,0.0086505190311418,3.95505757337759e-06,0.0083044982698963,2.5213492030282136e-05,0.0065743944636678,1.6479406555739957e-07,0.009688581314879,4.779027901164588e-06,0.0100346020761246,1.977528786688795e-05,0.0103806228373701,2.1917610719134143e-05,0.0107266435986159,2.2082404784691544e-05,0.0110726643598615,7.74532108119778e-06,1,0,1,1,1
1143,0,14:07:12,2,0.0093425605536332,2917.0,0.009515570934256,0.0093425605536332,1.3183525244591966e-06,0.0089965397923876,3.295881311147992e-06,0.0086505190311418,3.95505757337759e-06,0.0083044982698963,2.5213492030282136e-05,0.0065743944636678,1.6479406555739957e-07,0.009688581314879,4.779027901164588e-06,0.0100346020761246,2.1917610719134143e-05,0.0103806228373701,2.1917610719134143e-05,0.0107266435986159,2.2082404784691544e-05,0.0110726643598615,7.74532108119778e-06,1,0,1,1,1
1144,0,14:07:15,2,0.0089965397923876,32086.0,0.0093425605536332,0.0089965397923876,2.9662931800331924e-06,0.0086505190311418,3.95505757337759e-06,0.0083044982698963,2.5213492030282136e-05,0.0065743944636678,1.6479406555739957e-07,0.0058823529411764,1.6479406555739957e-07,0.009688581314879,6.262174491181184e-06,0.0100346020761246,2.1917610719134143e-05,0.0103806228373701,2.1917610719134143e-05,0.0107266435986159,2.2082404784691544e-05,0.0110726643598615,7.74532108119778e-06,1,1,1,1,1
1145,0,14:07:18,2,0.009688581314879,58360.0,0.0093425605536332,0.0089965397923876,2.9662931800331924e-06,0.0086505190311418,3.95505757337759e-06,0.0083044982698963,2.5213492030282136e-05,0.0065743944636678,1.6479406555739957e-07,0.0058823529411764,1.6479406555739957e-07,0.009688581314879,2.9662931800331924e-06,0.0100346020761246,2.1917610719134143e-05,0.0103806228373701,2.1917610719134143e-05,0.0107266435986159,2.2082404784691544e-05,0.0110726643598615,7.74532108119778e-06,1,1,1,1,1
1146,0,14:07:21,2,0.009688581314879,0.0,0.0091695501730104,0.0089965397923876,2.9662931800331924e-06,0.0086505190311418,3.95505757337759e-06,0.0083044982698963,2.5213492030282136e-05,0.0065743944636678,1.6479406555739957e-07,0.0055363321799308,6.591762622295983e-07,0.0093425605536332,8.239703277869979e-07,0.009688581314879,2.9662931800331924e-06,0.0100346020761246,2.1917610719134143e-05,0.0103806228373701,2.2411992915806344e-05,0.0107266435986159,2.2082404784691544e-05,1,1,1,1,1
1147,0,14:07:24,2,0.009688581314879,0.0,0.0091695501730104,0.0089965397923876,2.9662931800331924e-06,0.0086505190311418,3.95505757337759e-06,0.0083044982698963,2.5213492030282136e-05,0.0065743944636678,1.6479406555739957e-07,0.0058823529411764,3.295881311147992e-07,0.0093425605536332,8.239703277869979e-07,0.009688581314879,3.95505757337759e-06,0.0100346020761246,2.1917610719134143e-05,0.0103806228373701,2.2411992915806344e-05,0.0107266435986159,2.2082404784691544e-05,1,1,1,1,1
1148,0,14:07:27,2,0.0093425605536332,11668.0,0.0091695501730104,0.0089965397923876,2.9662931800331924e-06,0.0086505190311418,3.95505757337759e-06,0.0083044982698963,2.5213492030282136e-05,0.0065743944636678,1.6479406555739957e-07,0.0058823529411764,3.295881311147992e-07,0.0093425605536332,1.6479406555739957e-07,0.009688581314879,3.95505757337759e-06,0.0100346020761246,2.1917610719134143e-05,0.0103806228373701,2.2411992915806344e-05,0.0107266435986159,2.2082404784691544e-05,1,1,1,1,1
1149,0,14:07:30,2,0.0093425605536332,0.0,0.0091695501730104,0.0089965397923876,2.9662931800331924e-06,0.0086505190311418,3.95505757337759e-06,0.0083044982698963,2.5213492030282136e-05,0.0065743944636678,1.6479406555739957e-07,0.0058823529411764,3.295881311147992e-07,0.0093425605536332,1.6479406555739957e-07,0.009688581314879,8.898879540099578e-06,0.0100346020761246,2.1917610719134143e-05,0.0103806228373701,2.2411992915806344e-05,0.0107266435986159,2.2082404784691544e-05,1,1,1,1,1
1150,0,14:07:33,2,0.0086505190311418,67070.0,0.0089965397923876,0.0086505190311418,3.7902635078201903e-06,0.0083044982698963,2.4554315768052537e-05,0.0065743944636678,1.6479406555739957e-07,0.0058823529411764,3.295881311147992e-07,0.0055363321799308,6.591762622295983e-07,0.0093425605536332,6.591762622295983e-06,0.009688581314879,1.0382026130116173e-05,0.0100346020761246,2.1917610719134143e-05,0.0103806228373701,2.2576786981363745e-05,0.0107266435986159,2.2082404784691544e-05,1,1,1,1,1
1151,0,14:07:36,2,0.0093425605536332,2917.0,0.0089965397923876,0.0086505190311418,3.7902635078201903e-06,0.0083044982698963,2.4554315768052537e-05,0.0065743944636678,1.6479406555739957e-07,0.0058823529411764,3.295881311147992e-07,0.0055363321799308,6.591762622295983e-07,0.0093425605536332,6.426968556738583e-06,0.009688581314879,1.0382026130116173e-05,0.0100346020761246,2.1917610719134143e-05,0.0103806228373701,2.2576786981363745e-05,0.0107266435986159,2.2082404784691544e-05,1,1,1,1,1
1152,0,14:07:39,2,0.0093425605536332,0.0,0.0089965397923876,0.0086505190311418,3.625469442262791e-06,0.0083044982698963,2.4554315768052537e-05,0.0065743944636678,1.6479406555739957e-07,0.0058823529411764,3.295881311147992e-07,0.0055363321799308,6.591762622295983e-07,0.0093425605536332,6.426968556738583e-06,0.009688581314879,1.0382026130116173e-05,0.0100346020761246,2.1917610719134143e-05,0.0103806228373701,2.2576786981363745e-05,0.0107266435986159,2.2082404784691544e-05,1,1,1,1,1
1153,0,14:07:42,2,0.0093425605536332,58340.0,0.0089965397923876,0.0086505190311418,3.625469442262791e-06,0.0083044982698963,2.4554315768052537e-05,0.0065743944636678,1.6479406555739957e-07,0.0058823529411764,3.295881311147992e-07,0.0055363321799308,6.591762622295983e-07,0.0093425605536332,3.131087245590592e-06,0.009688581314879,1.0382026130116173e-05,0.0100346020761246,2.1917610719134143e-05,0.0103806228373701,2.2247198850248946e-05,0.0107266435986159,2.2082404784691544e-05,1,1,1,1,1
1154,0,14:07:45,2,0.0093425605536332,0.0,0.0089965397923876,0.0086505190311418,3.625469442262791e-06,0.0083044982698963,2.4554315768052537e-05,0.0058823529411764,3.295881311147992e-07,0.0055363321799308,6.591762622295983e-07,0.005190311418685,1.3183525244591966e-06,0.0093425605536332,8.07490921231258e-06,0.009688581314879,9.558055802329175e-06,0.0100346020761246,2.1917610719134143e-05,0.0103806228373701,2.2247198850248946e-05,0.0107266435986159,2.2082404784691544e-05,1,1,1,1,1
1155,0,14:07:48,2,0.0093425605536332,35004.0,0.0089965397923876,0.0086505190311418,3.625469442262791e-06,0.0083044982698963,2.4554315768052537e-05,0.0079584775086505,1.6479406555739957e-07,0.0058823529411764,3.295881311147992e-07,0.0055363321799308,6.591762622295983e-07,0.0093425605536332,6.097380425623785e-06,0.009688581314879,9.558055802329175e-06,0.0100346020761246,2.0269670063560148e-05,0.0103806228373701,2.2411992915806344e-05,0.0107266435986159,2.2082404784691544e-05,1,1,1,1,1
1156,0,14:07:51,2,0.0093425605536332,0.0,0.0089965397923876,0.0086505190311418,3.625469442262791e-06,0.0083044982698963,2.4554315768052537e-05,0.0079584775086505,1.6479406555739957e-07,0.0058823529411764,3.295881311147992e-07,0.0055363321799308,6.591762622295983e-07,0.0093425605536332,6.097380425623785e-06,0.009688581314879,9.558055802329175e-06,0.0100346020761246,2.0269670063560148e-05,0.0103806228373701,2.2741581046921143e-05,0.0107266435986159,2.2082404784691544e-05,1,1,1,1,1
1157,0,14:07:54,2,0.0093425605536332,14585.0,0.0089965397923876,0.0086505190311418,4.614233835607189e-06,0.0083044982698963,2.4554315768052537e-05,0.0079584775086505,1.6479406555739957e-07,0.0058823529411764,3.295881311147992e-07,0.0055363321799308,6.591762622295983e-07,0.0093425605536332,5.273410097836786e-06,0.009688581314879,9.558055802329175e-06,0.0100346020761246,2.0269670063560148e-05,0.0103806228373701,2.2741581046921143e-05,0.0107266435986159,2.2082404784691544e-05,1,1,1,1,1
1158,0,14:07:57,2,0.0093425605536332,5834.0,0.0091695501730104,0.0089965397923876,1.8127347211313956e-06,0.0086505190311418,3.625469442262791e-06,0.0083044982698963,2.4554315768052537e-05,0.0079584775086505,1.6479406555739957e-07,0.0058823529411764,3.295881311147992e-07,0.0093425605536332,5.108616032279387e-06,0.009688581314879,9.558055802329175e-06,0.0100346020761246,2.0269670063560148e-05,0.0103806228373701,2.2741581046921143e-05,0.0107266435986159,2.2082404784691544e-05,1,1,1,1,1
1159,0,14:08:00,2,0.0086505190311418,93291.0,0.0089965397923876,0.0086505190311418,1.6479406555739957e-07,0.0083044982698963,2.6037462358069133e-05,0.0079584775086505,1.6479406555739957e-07,0.0058823529411764,3.295881311147992e-07,0.0055363321799308,6.591762622295983e-07,0.0093425605536332,5.108616032279387e-06,0.009688581314879,9.887643933443977e-06,0.0100346020761246,2.0269670063560148e-05,0.0103806228373701,2.2741581046921143e-05,0.0107266435986159,2.2082404784691544e-05,1,2,1,1,1
1160,0,14:08:03,2,0.0093425605536332,23336.0,0.0089965397923876,0.0086505190311418,1.6479406555739957e-07,0.0083044982698963,2.6037462358069133e-05,0.0079584775086505,1.6479406555739957e-07,0.0058823529411764,3.295881311147992e-07,0.0055363321799308,6.591762622295983e-07,0.0093425605536332,3.95505757337759e-06,0.009688581314879,9.887643933443977e-06,0.0100346020761246,2.0269670063560148e-05,0.0103806228373701,2.2741581046921143e-05,0.0107266435986159,2.2082404784691544e-05,1,1,1,1,1
1161,0,14:08:06,2,0.0083044982698963,5829.0,0.0088235294117648,0.0083044982698963,2.5872668292511732e-05,0.0079584775086505,1.6479406555739957e-07,0.0058823529411764,3.295881311147992e-07,0.0055363321799308,6.591762622295983e-07,0.005190311418685,1.3183525244591966e-06,0.0093425605536332,3.95505757337759e-06,0.009688581314879,9.887643933443977e-06,0.0100346020761246,2.0269670063560148e-05,0.0103806228373701,2.2741581046921143e-05,0.0107266435986159,2.2082404784691544e-05,1,1,1,1,1
1162,0,14:08:09,2,0.0083044982698963,0.0,0.0088235294117648,0.0083044982698963,2.5872668292511732e-05,0.0079584775086505,1.6479406555739957e-07,0.0058823529411764,3.295881311147992e-07,0.0055363321799308,6.591762622295983e-07,0.005190311418685,1.3183525244591966e-06,0.0093425605536332,3.95505757337759e-06,0.009688581314879,9.887643933443977e-06,0.0100346020761246,2.0269670063560148e-05,0.0103806228373701,2.2741581046921143e-05,0.0107266435986159,2.2082404784691544e-05,1,2,1,1,1
1163,0,14:08:12,2,0.0093425605536332,8751.0,0.0088235294117648,0.0083044982698963,2.5872668292511732e-05,0.0079584775086505,1.6479406555739957e-07,0.0058823529411764,3.295881311147992e-07,0.0055363321799308,6.591762622295983e-07,0.005190311418685,1.3183525244591966e-06,0.0093425605536332,3.460675376705391e-06,0.009688581314879,9.887643933443977e-06,0.0100346020761246,2.0269670063560148e-05,0.0103806228373701,2.2741581046921143e-05,0.0107266435986159,2.2082404784691544e-05,1,2,1,1,1
1164,0,14:08:15,2,0.0093425605536332,5834.0,0.0089965397923876,0.0086505190311418,6.921350753410782e-06,0.0083044982698963,2.5872668292511732e-05,0.0079584775086505,1.6479406555739957e-07,0.0058823529411764,3.295881311147992e-07,0.0055363321799308,6.591762622295983e-07,0.0093425605536332,3.131087245590592e-06,0.009688581314879,9.887643933443977e-06,0.0100346020761246,2.0269670063560148e-05,0.0103806228373701,2.2741581046921143e-05,0.0107266435986159,2.2082404784691544e-05,2,2,1,1,1
1165,0,14:08:18,2,0.0093425605536332,0.0,0.0089965397923876,0.0086505190311418,6.921350753410782e-06,0.0083044982698963,2.5872668292511732e-05,0.0079584775086505,1.6479406555739957e-07,0.0058823529411764,3.295881311147992e-07,0.0055363321799308,6.591762622295983e-07,0.0093425605536332,6.591762622295983e-06,0.009688581314879,9.887643933443977e-06,0.0100346020761246,2.0269670063560148e-05,0.0103806228373701,2.2741581046921143e-05,0.0107266435986159,2.2082404784691544e-05,1,2,1,1,1
1166,0,14:08:21,2,0.0093425605536332,0.0,0.0089965397923876,0.0086505190311418,6.921350753410782e-06,0.0083044982698963,2.5872668292511732e-05,0.0079584775086505,1.6479406555739957e-07,0.0058823529411764,3.295881311147992e-07,0.0055363321799308,6.591762622295983e-07,0.0093425605536332,6.756556687853383e-06,0.009688581314879,4.9438219667219874e-06,0.0100346020761246,2.0269670063560148e-05,0.0103806228373701,2.2741581046921143e-05,0.0107266435986159,2.2082404784691544e-05,1,2,1,1,1
1167,0,14:08:24,2,0.0093425605536332,0.0,0.0089965397923876,0.0086505190311418,7.086144818968182e-06,0.0083044982698963,2.5872668292511732e-05,0.0079584775086505,1.6479406555739957e-07,0.0055363321799308,6.591762622295983e-07,0.005190311418685,1.3183525244591966e-06,0.0093425605536332,6.756556687853383e-06,0.009688581314879,4.9438219667219874e-06,0.0100346020761246,2.0269670063560148e-05,0.0103806228373701,2.2741581046921143e-05,0.0107266435986159,2.2082404784691544e-05,2,2,1,1,1
1168,0,14:08:27,2,0.0093425605536332,0.0,0.0089965397923876,0.0086505190311418,7.086144818968182e-06,0.0083044982698963,2.5872668292511732e-05,0.0079584775086505,1.6479406555739957e-07,0.0055363321799308,6.591762622295983e-07,0.005190311418685,1.3183525244591966e-06,0.0093425605536332,6.756556687853383e-06,0.009688581314879,4.9438219667219874e-06,0.0100346020761246,2.0269670063560148e-05,0.0103806228373701,2.2741581046921143e-05,0.0107266435986159,2.2082404784691544e-05,2,1,1,1,1
1169,0,14:08:30,2,0.0093425605536332,134182.0,0.009515570934256,0.0093425605536332,6.591762622295983e-07,0.0086505190311418,7.086144818968182e-06,0.0083044982698963,2.5872668292511732e-05,0.0079584775086505,1.6479406555739957e-07,0.0055363321799308,6.591762622295983e-07,0.009688581314879,4.9438219667219874e-06,0.0100346020761246,2.0269670063560148e-05,0.0103806228373701,2.356555137470814e-05,0.0107266435986159,2.2082404784691544e-05,0.0110726643598615,7.086144818968182e-06,1,1,1,1,1
1170,0,14:08:33,2,0.0086505190311418,20415.0,0.0091695501730104,0.0086505190311418,7.91011514675518e-06,0.0083044982698963,2.5872668292511732e-05,0.0079584775086505,1.6479406555739957e-07,0.0055363321799308,6.591762622295983e-07,0.005190311418685,1.3183525244591966e-06,0.009688581314879,4.9438219667219874e-06,0.0100346020761246,2.0269670063560148e-05,0.0103806228373701,2.356555137470814e-05,0.0107266435986159,2.2082404784691544e-05,0.0110726643598615,7.086144818968182e-06,1,1,1,1,1
1171,0,14:08:36,2,0.0086505190311418,0.0,0.0091695501730104,0.0086505190311418,7.91011514675518e-06,0.0083044982698963,2.5872668292511732e-05,0.0079584775086505,1.6479406555739957e-07,0.0055363321799308,6.591762622295983e-07,0.005190311418685,1.3183525244591966e-06,0.009688581314879,4.9438219667219874e-06,0.0100346020761246,2.0269670063560148e-05,0.0103806228373701,2.356555137470814e-05,0.0107266435986159,2.2082404784691544e-05,0.0110726643598615,7.086144818968182e-06,1,1,1,1,1
1172,0,14:08:39,2,0.0086505190311418,0.0,0.009515570934256,0.0093425605536332,1.6479406555739957e-07,0.0086505190311418,7.91011514675518e-06,0.0083044982698963,2.5872668292511732e-05,0.0079584775086505,1.6479406555739957e-07,0.0055363321799308,6.591762622295983e-07,0.009688581314879,4.9438219667219874e-06,0.0100346020761246,2.0269670063560148e-05,0.0103806228373701,2.356555137470814e-05,0.0107266435986159,2.2082404784691544e-05,0.0110726643598615,7.086144818968182e-06,1,1,1,1,1
1173,0,14:08:42,2,0.0086505190311418,0.0,0.009515570934256,0.0093425605536332,1.6479406555739957e-07,0.0086505190311418,7.91011514675518e-06,0.0083044982698963,2.5872668292511732e-05,0.0079584775086505,1.6479406555739957e-07,0.0055363321799308,6.591762622295983e-07,0.009688581314879,4.9438219667219874e-06,0.0100346020761246,2.0269670063560148e-05,0.0103806228373701,1.8621729407986156e-05,0.0107266435986159,2.2082404784691544e-05,0.0110726643598615,7.086144818968182e-06,1,1,1,1,1
1174,0,14:08:45,2,0.0086505190311418,0.0,0.009515570934256,0.0093425605536332,1.6479406555739957e-07,0.0089965397923876,6.426968556738583e-06,0.0086505190311418,7.91011514675518e-06,0.0083044982698963,2.5872668292511732e-05,0.0079584775086505,1.6479406555739957e-07,0.009688581314879,4.9438219667219874e-06,0.0100346020761246,1.7962553145756553e-05,0.0103806228373701,1.8621729407986156e-05,0.0107266435986159,2.2082404784691544e-05,0.0110726643598615,7.086144818968182e-06,1,1,1,1,1
1175,0,14:08:48,2,0.0086505190311418,0.0,0.009515570934256,0.0093425605536332,3.295881311147992e-07,0.0089965397923876,9.722849867886577e-06,0.0086505190311418,7.91011514675518e-06,0.0083044982698963,2.5872668292511732e-05,0.0079584775086505,1.6479406555739957e-07,0.009688581314879,6.097380425623785e-06,0.0100346020761246,1.7962553145756553e-05,0.0103806228373701,1.8621729407986156e-05,0.0107266435986159,2.2082404784691544e-05,0.0110726643598615,7.086144818968182e-06,1,1,1,1,1
1176,0,14:08:51,2,0.0086505190311418,0.0,0.009515570934256,0.0093425605536332,3.295881311147992e-07,0.0089965397923876,9.722849867886577e-06,0.0086505190311418,7.91011514675518e-06,0.0083044982698963,2.5872668292511732e-05,0.0079584775086505,1.6479406555739957e-07,0.009688581314879,6.097380425623785e-06,0.0100346020761246,1.7962553145756553e-05,0.0103806228373701,1.8621729407986156e-05,0.0107266435986159,2.2082404784691544e-05,0.0110726643598615,7.086144818968182e-06,1,1,1,1,1
1177,0,14:08:54,2,0.0093425605536332,2917.0,0.009515570934256,0.0093425605536332,1.6479406555739957e-07,0.0089965397923876,9.722849867886577e-06,0.0086505190311418,7.91011514675518e-06,0.0083044982698963,2.4224727636937737e-05,0.0079584775086505,1.6479406555739957e-07,0.009688581314879,6.262174491181184e-06,0.0100346020761246,1.7962553145756553e-05,0.0103806228373701,1.8621729407986156e-05,0.0107266435986159,2.2082404784691544e-05,0.0110726643598615,7.086144818968182e-06,1,1,1,1,1
1178,0,14:08:57,2,0.0093425605536332,5835.0,0.0091695501730104,0.0089965397923876,9.722849867886577e-06,0.0086505190311418,7.91011514675518e-06,0.0083044982698963,2.4224727636937737e-05,0.0079584775086505,1.8127347211313956e-06,0.0055363321799308,6.591762622295983e-07,0.0093425605536332,2.9662931800331924e-06,0.009688581314879,7.74532108119778e-06,0.0100346020761246,1.7962553145756553e-05,0.0103806228373701,1.8621729407986156e-05,0.0107266435986159,2.2082404784691544e-05,1,1,1,1,1
1179,0,14:09:00,2,0.0093425605536332,0.0,0.0091695501730104,0.0089965397923876,9.722849867886577e-06,0.0086505190311418,7.91011514675518e-06,0.0083044982698963,2.4224727636937737e-05,0.0079584775086505,1.8127347211313956e-06,0.0055363321799308,6.591762622295983e-07,0.0093425605536332,1.1205996457903172e-05,0.009688581314879,1.2689143047919769e-05,0.0100346020761246,1.7962553145756553e-05,0.0103806228373701,1.8621729407986156e-05,0.0107266435986159,2.2082404784691544e-05,1,1,1,1,1
1180,0,14:09:03,2,0.0089965397923876,2916.0,0.0091695501730104,0.0089965397923876,9.558055802329175e-06,0.0086505190311418,7.91011514675518e-06,0.0083044982698963,2.4224727636937737e-05,0.0079584775086505,1.8127347211313956e-06,0.0055363321799308,6.591762622295983e-07,0.0093425605536332,1.1205996457903172e-05,0.009688581314879,1.2689143047919769e-05,0.0100346020761246,1.7962553145756553e-05,0.0103806228373701,1.8621729407986156e-05,0.0107266435986159,2.2082404784691544e-05,1,1,1,1,1
1181,0,14:09:06,2,0.0093425605536332,11668.0,0.0091695501730104,0.0089965397923876,9.558055802329175e-06,0.0086505190311418,7.91011514675518e-06,0.0083044982698963,2.4224727636937737e-05,0.0079584775086505,1.8127347211313956e-06,0.0055363321799308,6.591762622295983e-07,0.0093425605536332,1.0546820195673573e-05,0.009688581314879,1.2689143047919769e-05,0.0100346020761246,1.7962553145756553e-05,0.0103806228373701,1.6644200621297358e-05,0.0107266435986159,2.2082404784691544e-05,1,1,1,1,1
1182,0,14:09:09,2,0.0093425605536332,26253.0,0.0091695501730104,0.0089965397923876,9.558055802329175e-06,0.0086505190311418,7.91011514675518e-06,0.0083044982698963,2.4224727636937737e-05,0.0079584775086505,1.8127347211313956e-06,0.0055363321799308,6.591762622295983e-07,0.0093425605536332,9.063673605656976e-06,0.009688581314879,1.2689143047919769e-05,0.0100346020761246,1.7962553145756553e-05,0.0103806228373701,1.614981842462516e-05,0.0107266435986159,2.2082404784691544e-05,1,1,1,1,1
1183,0,14:09:12,2,0.0093425605536332,0.0,0.0091695501730104,0.0089965397923876,9.558055802329175e-06,0.0086505190311418,7.91011514675518e-06,0.0083044982698963,2.4224727636937737e-05,0.0079584775086505,1.8127347211313956e-06,0.0055363321799308,6.591762622295983e-07,0.0093425605536332,9.228467671214376e-06,0.009688581314879,1.2689143047919769e-05,0.0100346020761246,1.7962553145756553e-05,0.0103806228373701,1.614981842462516e-05,0.0107266435986159,2.2082404784691544e-05,1,1,1,1,1
1184,0,14:09:15,2,0.0093425605536332,29170.0,0.0091695501730104,0.0089965397923876,9.558055802329175e-06,0.0086505190311418,7.91011514675518e-06,0.0083044982698963,2.4224727636937737e-05,0.0079584775086505,1.8127347211313956e-06,0.0055363321799308,6.591762622295983e-07,0.0093425605536332,7.5805270156403806e-06,0.009688581314879,1.2689143047919769e-05,0.0100346020761246,1.7468170949084355e-05,0.0103806228373701,1.614981842462516e-05,0.0107266435986159,2.2082404784691544e-05,1,1,1,1,1
1185,0,14:09:18,2,0.0093425605536332,0.0,0.0091695501730104,0.0089965397923876,9.558055802329175e-06,0.0086505190311418,7.91011514675518e-06,0.0083044982698963,2.4224727636937737e-05,0.0079584775086505,1.8127347211313956e-06,0.0055363321799308,6.591762622295983e-07,0.0093425605536332,7.5805270156403806e-06,0.009688581314879,1.3513113375706766e-05,0.0100346020761246,1.7468170949084355e-05,0.0103806228373701,1.614981842462516e-05,0.0107266435986159,2.2082404784691544e-05,1,1,1,1,1
1186,0,14:09:21,2,0.0089965397923876,5832.0,0.0091695501730104,0.0089965397923876,9.228467671214376e-06,0.0086505190311418,7.91011514675518e-06,0.0083044982698963,2.4224727636937737e-05,0.0079584775086505,1.8127347211313956e-06,0.0055363321799308,6.591762622295983e-07,0.0093425605536332,7.5805270156403806e-06,0.009688581314879,1.3183525244591968e-05,0.0100346020761246,1.7468170949084355e-05,0.0103806228373701,1.614981842462516e-05,0.0107266435986159,2.2082404784691544e-05,1,1,1,1,1
1187,0,14:09:24,2,0.0089965397923876,0.0,0.0091695501730104,0.0089965397923876,9.228467671214376e-06,0.0086505190311418,6.756556687853383e-06,0.0083044982698963,2.4224727636937737e-05,0.0079584775086505,1.8127347211313956e-06,0.0055363321799308,6.591762622295983e-07,0.0093425605536332,7.5805270156403806e-06,0.009688581314879,1.2853937113477169e-05,0.0100346020761246,1.7468170949084355e-05,0.0103806228373701,1.614981842462516e-05,0.0107266435986159,2.2082404784691544e-05,1,1,1,1,1
1188,0,14:09:27,2,0.0089965397923876,0.0,0.0091695501730104,0.0089965397923876,9.228467671214376e-06,0.0086505190311418,6.756556687853383e-06,0.0083044982698963,2.4224727636937737e-05,0.0079584775086505,1.8127347211313956e-06,0.0055363321799308,6.591762622295983e-07,0.0093425605536332,7.5805270156403806e-06,0.009688581314879,1.2853937113477169e-05,0.0100346020761246,1.7468170949084355e-05,0.0103806228373701,1.614981842462516e-05,0.0107266435986159,2.2082404784691544e-05,1,1,1,1,1
1189,0,14:09:30,2,0.0089965397923876,0.0,0.0091695501730104,0.0089965397923876,9.228467671214376e-06,0.0086505190311418,6.756556687853383e-06,0.0083044982698963,2.4224727636937737e-05,0.0079584775086505,1.8127347211313956e-06,0.0055363321799308,6.591762622295983e-07,0.0093425605536332,7.5805270156403806e-06,0.009688581314879,1.2853937113477169e-05,0.0100346020761246,1.7468170949084355e-05,0.0103806228373701,1.614981842462516e-05,0.0107266435986159,2.2082404784691544e-05,1,1,1,1,1
1190,0,14:09:33,2,0.0089965397923876,0.0,0.0091695501730104,0.0089965397923876,9.228467671214376e-06,0.0086505190311418,6.756556687853383e-06,0.0083044982698963,2.4224727636937737e-05,0.0079584775086505,1.8127347211313956e-06,0.0055363321799308,6.591762622295983e-07,0.0093425605536332,7.91011514675518e-06,0.009688581314879,1.2853937113477169e-05,0.0100346020761246,1.7468170949084355e-05,0.0103806228373701,1.614981842462516e-05,0.0107266435986159,2.2247198850248946e-05,1,1,1,1,1
1191,0,14:09:36,2,0.0089965397923876,0.0,0.0091695501730104,0.0089965397923876,9.228467671214376e-06,0.0086505190311418,6.756556687853383e-06,0.0083044982698963,2.4224727636937737e-05,0.0079584775086505,1.8127347211313956e-06,0.0058823529411764,2.3071169178035943e-06,0.0093425605536332,7.91011514675518e-06,0.009688581314879,1.2853937113477169e-05,0.0100346020761246,1.7468170949084355e-05,0.0103806228373701,1.614981842462516e-05,0.0107266435986159,2.389513950582294e-05,1,1,1,1,1
1192,0,14:09:39,2,0.0093425605536332,11668.0,0.0091695501730104,0.0089965397923876,9.228467671214376e-06,0.0086505190311418,6.756556687853383e-06,0.0083044982698963,2.4224727636937737e-05,0.0079584775086505,1.8127347211313956e-06,0.0058823529411764,2.3071169178035943e-06,0.0093425605536332,7.250938884525582e-06,0.009688581314879,1.2853937113477169e-05,0.0100346020761246,1.7468170949084355e-05,0.0103806228373701,1.614981842462516e-05,0.0107266435986159,2.389513950582294e-05,1,1,1,1,1
1193,0,14:09:42,2,0.0089965397923876,58320.0,0.0091695501730104,0.0089965397923876,5.932586360066385e-06,0.0086505190311418,6.756556687853383e-06,0.0083044982698963,2.4224727636937737e-05,0.0079584775086505,1.8127347211313956e-06,0.0058823529411764,2.3071169178035943e-06,0.0093425605536332,7.250938884525582e-06,0.009688581314879,1.2853937113477169e-05,0.0100346020761246,1.7468170949084355e-05,0.0103806228373701,1.614981842462516e-05,0.0107266435986159,2.389513950582294e-05,1,1,1,1,1
1194,0,14:09:45,2,0.0089965397923876,0.0,0.0091695501730104,0.0089965397923876,5.932586360066385e-06,0.0086505190311418,6.756556687853383e-06,0.0083044982698963,2.4224727636937737e-05,0.0079584775086505,1.8127347211313956e-06,0.0058823529411764,2.3071169178035943e-06,0.0093425605536332,7.250938884525582e-06,0.009688581314879,1.2853937113477169e-05,0.0100346020761246,1.7468170949084355e-05,0.0103806228373701,1.614981842462516e-05,0.0107266435986159,2.389513950582294e-05,1,1,1,1,1
1195,0,14:09:48,2,0.0089965397923876,0.0,0.0091695501730104,0.0089965397923876,5.932586360066385e-06,0.0086505190311418,6.756556687853383e-06,0.0083044982698963,2.4224727636937737e-05,0.0079584775086505,1.8127347211313956e-06,0.0058823529411764,2.3071169178035943e-06,0.0093425605536332,7.250938884525582e-06,0.009688581314879,1.2853937113477169e-05,0.0100346020761246,1.7468170949084355e-05,0.0103806228373701,1.614981842462516e-05,0.0107266435986159,2.389513950582294e-05,1,1,1,1,1
1196,0,14:09:51,2,0.0089965397923876,0.0,0.0091695501730104,0.0089965397923876,5.932586360066385e-06,0.0086505190311418,6.756556687853383e-06,0.0083044982698963,2.4224727636937737e-05,0.0079584775086505,1.8127347211313956e-06,0.0058823529411764,2.3071169178035943e-06,0.0093425605536332,7.250938884525582e-06,0.009688581314879,1.3677907441264164e-05,0.0100346020761246,1.7468170949084355e-05,0.0103806228373701,1.614981842462516e-05,0.0107266435986159,2.389513950582294e-05,1,1,1,1,1
1197,0,14:09:54,2,0.0089965397923876,0.0,0.0091695501730104,0.0089965397923876,6.262174491181184e-06,0.0086505190311418,6.756556687853383e-06,0.0083044982698963,2.4224727636937737e-05,0.0079584775086505,1.8127347211313956e-06,0.0058823529411764,2.3071169178035943e-06,0.0093425605536332,7.086144818968182e-06,0.009688581314879,1.3677907441264164e-05,0.0100346020761246,1.7468170949084355e-05,0.0103806228373701,1.614981842462516e-05,0.0107266435986159,2.389513950582294e-05,1,1,1,1,1
1198,0,14:09:57,2,0.0089965397923876,0.0,0.0091695501730104,0.0089965397923876,6.262174491181184e-06,0.0086505190311418,6.756556687853383e-06,0.0083044982698963,2.4224727636937737e-05,0.0079584775086505,1.8127347211313956e-06,0.0058823529411764,2.3071169178035943e-06,0.0093425605536332,7.086144818968182e-06,0.009688581314879,1.3677907441264164e-05,0.0100346020761246,1.7468170949084355e-05,0.0103806228373701,1.614981842462516e-05,0.0107266435986159,2.389513950582294e-05,1,1,1,1,1
1199,0,14:10:00,2,0.0089965397923876,0.0,0.0091695501730104,0.0089965397923876,6.262174491181184e-06,0.0086505190311418,6.756556687853383e-06,0.0083044982698963,2.4224727636937737e-05,0.0079584775086505,1.8127347211313956e-06,0.0058823529411764,2.3071169178035943e-06,0.0093425605536332,8.404497343427378e-06,0.009688581314879,1.3677907441264164e-05,0.0100346020761246,1.7468170949084355e-05,0.0103806228373701,1.614981842462516e-05,0.0107266435986159,2.389513950582294e-05,1,1,1,1,1
1200,0,14:10:03,2,0.0093425605536332,29170.0,0.0091695501730104,0.0089965397923876,6.262174491181184e-06,0.0086505190311418,6.756556687853383e-06,0.0083044982698963,2.4224727636937737e-05,0.0079584775086505,1.8127347211313956e-06,0.0058823529411764,2.3071169178035943e-06,0.0093425605536332,6.756556687853383e-06,0.009688581314879,1.2689143047919769e-05,0.0100346020761246,1.7468170949084355e-05,0.0103806228373701,1.614981842462516e-05,0.0107266435986159,2.389513950582294e-05,1,1,1,1,1
1201,0,14:10:06,2,0.0093425605536332,0.0,0.0091695501730104,0.0089965397923876,6.262174491181184e-06,0.0086505190311418,6.756556687853383e-06,0.0083044982698963,2.4224727636937737e-05,0.0079584775086505,1.8127347211313956e-06,0.0058823529411764,2.3071169178035943e-06,0.0093425605536332,6.756556687853383e-06,0.009688581314879,1.2689143047919769e-05,0.0100346020761246,1.7468170949084355e-05,0.0103806228373701,1.614981842462516e-05,0.0107266435986159,2.389513950582294e-05,1,1,1,1,1
1202,0,14:10:09,2,0.0089965397923876,5832.0,0.0091695501730104,0.0089965397923876,5.932586360066385e-06,0.0086505190311418,6.756556687853383e-06,0.0083044982698963,2.4224727636937737e-05,0.0079584775086505,1.8127347211313956e-06,0.0058823529411764,2.3071169178035943e-06,0.0093425605536332,6.921350753410782e-06,0.009688581314879,1.2689143047919769e-05,0.0100346020761246,1.7468170949084355e-05,0.0103806228373701,1.614981842462516e-05,0.0107266435986159,2.389513950582294e-05,1,1,1,1,1
1203,0,14:10:12,2,0.0089965397923876,0.0,0.0091695501730104,0.0089965397923876,5.932586360066385e-06,0.0086505190311418,6.756556687853383e-06,0.0083044982698963,2.4224727636937737e-05,0.0079584775086505,1.8127347211313956e-06,0.0058823529411764,2.3071169178035943e-06,0.0093425605536332,6.921350753410782e-06,0.009688581314879,1.219476085124757e-05,0.0100346020761246,1.7468170949084355e-05,0.0103806228373701,1.614981842462516e-05,0.0107266435986159,2.389513950582294e-05,1,1,1,1,1
1204,0,14:10:15,2,0.0093425605536332,2917.0,0.0091695501730104,0.0089965397923876,5.932586360066385e-06,0.0086505190311418,6.756556687853383e-06,0.0083044982698963,2.4224727636937737e-05,0.0079584775086505,1.8127347211313956e-06,0.0058823529411764,2.3071169178035943e-06,0.0093425605536332,6.756556687853383e-06,0.009688581314879,1.219476085124757e-05,0.0100346020761246,1.7468170949084355e-05,0.0103806228373701,1.614981842462516e-05,0.0107266435986159,2.389513950582294e-05,1,1,1,1,1
1205,0,14:10:18,2,0.0093425605536332,0.0,0.0091695501730104,0.0089965397923876,5.932586360066385e-06,0.0086505190311418,6.756556687853383e-06,0.0083044982698963,2.4224727636937737e-05,0.0079584775086505,1.8127347211313956e-06,0.0058823529411764,2.3071169178035943e-06,0.0093425605536332,6.756556687853383e-06,0.009688581314879,1.219476085124757e-05,0.0100346020761246,1.7468170949084355e-05,0.0103806228373701,1.614981842462516e-05,0.0107266435986159,2.389513950582294e-05,1,1,1,1,1
1206,0,14:10:21,2,0.0093425605536332,8751.0,0.0091695501730104,0.0089965397923876,5.932586360066385e-06,0.0086505190311418,6.756556687853383e-06,0.0083044982698963,2.4224727636937737e-05,0.0079584775086505,1.8127347211313956e-06,0.0058823529411764,2.3071169178035943e-06,0.0093425605536332,4.9438219667219874e-06,0.009688581314879,1.219476085124757e-05,0.0100346020761246,1.7468170949084355e-05,0.0103806228373701,1.614981842462516e-05,0.0107266435986159,2.389513950582294e-05,1,1,1,1,1
1207,0,14:10:24,2,0.0089965397923876,90396.0,0.0091695501730104,0.0089965397923876,8.239703277869979e-07,0.0086505190311418,6.756556687853383e-06,0.0083044982698963,2.4224727636937737e-05,0.0079584775086505,1.8127347211313956e-06,0.0058823529411764,2.3071169178035943e-06,0.0093425605536332,4.9438219667219874e-06,0.009688581314879,1.219476085124757e-05,0.0100346020761246,1.7468170949084355e-05,0.0103806228373701,1.614981842462516e-05,0.0107266435986159,2.389513950582294e-05,1,1,1,1,1
1208,0,14:10:27,2,0.0093425605536332,81673.0,0.0091695501730104,0.0089965397923876,4.943821966721988e-07,0.0086505190311418,6.756556687853383e-06,0.0083044982698963,2.4224727636937737e-05,0.0079584775086505,1.8127347211313956e-06,0.0058823529411764,2.3071169178035943e-06,0.0093425605536332,8.239703277869979e-07,0.009688581314879,1.219476085124757e-05,0.0100346020761246,1.7468170949084355e-05,0.0103806228373701,1.614981842462516e-05,0.0107266435986159,2.389513950582294e-05,1,1,1,1,1
1209,0,14:10:30,2,0.0093425605536332,0.0,0.0091695501730104,0.0089965397923876,4.943821966721988e-07,0.0086505190311418,6.756556687853383e-06,0.0083044982698963,2.4224727636937737e-05,0.0079584775086505,1.8127347211313956e-06,0.0058823529411764,2.3071169178035943e-06,0.0093425605536332,5.932586360066385e-06,0.009688581314879,1.219476085124757e-05,0.0100346020761246,1.7468170949084355e-05,0.0103806228373701,1.614981842462516e-05,0.0107266435986159,2.389513950582294e-05,1,1,1,1,1
1210,0,14:10:33,2,0.0089965397923876,23328.0,0.0088235294117648,0.0086505190311418,6.756556687853383e-06,0.0083044982698963,3.131087245590592e-06,0.0079584775086505,1.8127347211313956e-06,0.0058823529411764,2.3071169178035943e-06,0.0055363321799308,6.591762622295983e-07,0.0089965397923876,9.887643933443975e-07,0.0093425605536332,5.932586360066385e-06,0.009688581314879,1.219476085124757e-05,0.0100346020761246,1.7468170949084355e-05,0.0103806228373701,1.614981842462516e-05,1,2,1,1,1
1211,0,14:10:36,2,0.0093425605536332,37915.0,0.0088235294117648,0.0086505190311418,6.756556687853383e-06,0.0083044982698963,3.131087245590592e-06,0.0079584775086505,1.8127347211313956e-06,0.0058823529411764,2.3071169178035943e-06,0.0055363321799308,6.591762622295983e-07,0.0089965397923876,1.6479406555739958e-06,0.0093425605536332,4.779027901164588e-06,0.009688581314879,1.219476085124757e-05,0.0100346020761246,1.7468170949084355e-05,0.0103806228373701,1.614981842462516e-05,2,2,1,1,1
1212,0,14:10:39,2,0.0093425605536332,0.0,0.0088235294117648,0.0086505190311418,6.756556687853383e-06,0.0083044982698963,3.131087245590592e-06,0.0079584775086505,1.8127347211313956e-06,0.0058823529411764,2.3071169178035943e-06,0.0055363321799308,6.591762622295983e-07,0.0089965397923876,1.8127347211313956e-06,0.0093425605536332,4.779027901164588e-06,0.009688581314879,1.219476085124757e-05,0.0100346020761246,1.7468170949084355e-05,0.0103806228373701,1.614981842462516e-05,2,2,1,1,1
1213,0,14:10:42,2,0.0093425605536332,0.0,0.0088235294117648,0.0086505190311418,6.756556687853383e-06,0.0083044982698963,3.131087245590592e-06,0.0079584775086505,1.8127347211313956e-06,0.0058823529411764,2.3071169178035943e-06,0.0055363321799308,6.591762622295983e-07,0.0089965397923876,1.8127347211313956e-06,0.0093425605536332,4.779027901164588e-06,0.009688581314879,1.219476085124757e-05,0.0100346020761246,1.7468170949084355e-05,0.0103806228373701,1.614981842462516e-05,2,1,1,1,1
1214,0,14:10:45,2,0.0093425605536332,0.0,0.0088235294117648,0.0086505190311418,6.756556687853383e-06,0.0083044982698963,3.131087245590592e-06,0.0079584775086505,1.8127347211313956e-06,0.0058823529411764,2.3071169178035943e-06,0.0055363321799308,6.591762622295983e-07,0.0089965397923876,1.8127347211313956e-06,0.0093425605536332,4.779027901164588e-06,0.009688581314879,1.219476085124757e-05,0.0100346020761246,1.7468170949084355e-05,0.0103806228373701,1.614981842462516e-05,2,1,1,1,1
1215,0,14:10:48,2,0.0089965397923876,2916.0,0.0088235294117648,0.0086505190311418,6.756556687853383e-06,0.0083044982698963,3.131087245590592e-06,0.0079584775086505,1.8127347211313956e-06,0.0058823529411764,2.3071169178035943e-06,0.0055363321799308,6.591762622295983e-07,0.0089965397923876,1.6479406555739958e-06,0.0093425605536332,5.767792294508985e-06,0.009688581314879,1.219476085124757e-05,0.0100346020761246,1.7468170949084355e-05,0.0103806228373701,1.614981842462516e-05,2,1,1,1,1
1216,0,14:10:51,2,0.0093425605536332,145840.0,0.009515570934256,0.0093425605536332,1.4337083703493764e-05,0.0086505190311418,6.756556687853383e-06,0.0083044982698963,3.131087245590592e-06,0.0079584775086505,1.8127347211313956e-06,0.0058823529411764,2.3071169178035943e-06,0.009688581314879,1.219476085124757e-05,0.0100346020761246,1.7468170949084355e-05,0.0103806228373701,1.614981842462516e-05,0.0107266435986159,2.389513950582294e-05,0.0110726643598615,7.086144818968182e-06,1,0,1,0,0
1217,0,14:10:54,2,0.0093425605536332,23336.0,0.009515570934256,0.0093425605536332,1.3018731179034568e-05,0.0086505190311418,6.756556687853383e-06,0.0083044982698963,3.131087245590592e-06,0.0079584775086505,1.8127347211313956e-06,0.0058823529411764,2.3071169178035943e-06,0.009688581314879,1.1370790523460572e-05,0.0100346020761246,1.7468170949084355e-05,0.0103806228373701,1.614981842462516e-05,0.0107266435986159,2.389513950582294e-05,0.0110726643598615,7.086144818968182e-06,1,0,1,0,0
1218,0,14:10:57,2,0.009688581314879,14590.0,0.009515570934256,0.0093425605536332,1.3018731179034568e-05,0.0086505190311418,6.756556687853383e-06,0.0083044982698963,3.131087245590592e-06,0.0079584775086505,1.8127347211313956e-06,0.0069204152249136,1.6479406555739958e-06,0.009688581314879,1.0546820195673573e-05,0.0100346020761246,1.7468170949084355e-05,0.0103806228373701,1.614981842462516e-05,0.0107266435986159,2.389513950582294e-05,0.0110726643598615,7.086144818968182e-06,0,0,1,0,0
1219,0,14:11:00,2,0.009688581314879,0.0,0.009515570934256,0.0093425605536332,1.3018731179034568e-05,0.0086505190311418,6.756556687853383e-06,0.0083044982698963,3.131087245590592e-06,0.0079584775086505,1.8127347211313956e-06,0.0069204152249136,1.6479406555739958e-06,0.009688581314879,1.0546820195673573e-05,0.0100346020761246,1.7468170949084355e-05,0.0103806228373701,1.614981842462516e-05,0.0107266435986159,2.389513950582294e-05,0.0110726643598615,7.086144818968182e-06,0,0,1,0,0
1220,0,14:11:03,2,0.009688581314879,0.0,0.009515570934256,0.0093425605536332,1.3018731179034568e-05,0.0086505190311418,6.756556687853383e-06,0.0083044982698963,3.131087245590592e-06,0.0079584775086505,1.8127347211313956e-06,0.0069204152249136,1.6479406555739958e-06,0.009688581314879,1.0546820195673573e-05,0.0100346020761246,1.7468170949084355e-05,0.0103806228373701,1.614981842462516e-05,0.0107266435986159,2.389513950582294e-05,0.0110726643598615,7.086144818968182e-06,0,0,0,0,0
1221,0,14:11:06,2,0.009688581314879,0.0,0.009515570934256,0.0093425605536332,1.3018731179034568e-05,0.0086505190311418,6.756556687853383e-06,0.0083044982698963,3.131087245590592e-06,0.0079584775086505,1.8127347211313956e-06,0.0069204152249136,1.6479406555739958e-06,0.009688581314879,1.0546820195673573e-05,0.0100346020761246,1.7468170949084355e-05,0.0103806228373701,1.614981842462516e-05,0.0107266435986159,2.389513950582294e-05,0.0110726643598615,7.086144818968182e-06,0,0,0,0,0
1222,0,14:11:09,2,0.0093425605536332,67091.0,0.009515570934256,0.0093425605536332,9.228467671214376e-06,0.0086505190311418,6.756556687853383e-06,0.0083044982698963,3.131087245590592e-06,0.0079584775086505,1.8127347211313956e-06,0.0069204152249136,1.6479406555739958e-06,0.009688581314879,1.3183525244591968e-05,0.0100346020761246,1.7468170949084355e-05,0.0103806228373701,1.614981842462516e-05,0.0107266435986159,2.389513950582294e-05,0.0110726643598615,7.086144818968182e-06,0,0,0,0,0
1223,0,14:11:12,2,0.0093425605536332,163352.0,0.0089965397923876,0.0086505190311418,6.756556687853383e-06,0.0083044982698963,3.131087245590592e-06,0.0079584775086505,1.8127347211313956e-06,0.0069204152249136,1.6479406555739958e-06,0.0058823529411764,2.3071169178035943e-06,0.0093425605536332,3.295881311147992e-07,0.009688581314879,1.3183525244591968e-05,0.0100346020761246,1.7468170949084355e-05,0.0103806228373701,1.614981842462516e-05,0.0107266435986159,2.389513950582294e-05,1,1,1,1,1
1224,0,14:11:15,2,0.0093425605536332,0.0,0.0089965397923876,0.0086505190311418,7.91011514675518e-06,0.0083044982698963,3.131087245590592e-06,0.0079584775086505,1.8127347211313956e-06,0.0069204152249136,1.6479406555739958e-06,0.0058823529411764,2.3071169178035943e-06,0.0093425605536332,3.295881311147992e-07,0.009688581314879,1.3183525244591968e-05,0.0100346020761246,1.7468170949084355e-05,0.0103806228373701,1.614981842462516e-05,0.0107266435986159,2.389513950582294e-05,1,1,1,1,1
1225,0,14:11:18,2,0.0093425605536332,0.0,0.0089965397923876,0.0086505190311418,7.91011514675518e-06,0.0083044982698963,3.131087245590592e-06,0.0079584775086505,1.8127347211313956e-06,0.0069204152249136,1.6479406555739958e-06,0.0058823529411764,2.3071169178035943e-06,0.0093425605536332,3.295881311147992e-07,0.009688581314879,1.3183525244591968e-05,0.0100346020761246,1.7468170949084355e-05,0.0103806228373701,1.614981842462516e-05,0.0107266435986159,2.389513950582294e-05,1,1,1,1,1
1226,0,14:11:21,2,0.0093425605536332,0.0,0.0089965397923876,0.0086505190311418,7.91011514675518e-06,0.0083044982698963,3.131087245590592e-06,0.0079584775086505,1.8127347211313956e-06,0.0069204152249136,1.6479406555739958e-06,0.0058823529411764,2.3071169178035943e-06,0.0093425605536332,3.295881311147992e-07,0.009688581314879,1.3183525244591968e-05,0.0100346020761246,1.7468170949084355e-05,0.0103806228373701,1.614981842462516e-05,0.0107266435986159,2.389513950582294e-05,1,1,1,1,1
1227,0,14:11:24,2,0.0093425605536332,2917.0,0.0089965397923876,0.0086505190311418,7.250938884525582e-06,0.0083044982698963,3.131087245590592e-06,0.0079584775086505,1.8127347211313956e-06,0.0069204152249136,1.6479406555739958e-06,0.0058823529411764,2.3071169178035943e-06,0.0093425605536332,8.239703277869979e-07,0.009688581314879,1.483146590016596e-05,0.0100346020761246,1.7468170949084355e-05,0.0103806228373701,1.614981842462516e-05,0.0107266435986159,2.389513950582294e-05,1,1,1,1,1
1228,0,14:11:27,2,0.0093425605536332,0.0,0.0089965397923876,0.0086505190311418,7.250938884525582e-06,0.0083044982698963,3.131087245590592e-06,0.0079584775086505,1.8127347211313956e-06,0.0069204152249136,1.6479406555739958e-06,0.0058823529411764,2.3071169178035943e-06,0.0093425605536332,8.239703277869979e-07,0.009688581314879,1.483146590016596e-05,0.0100346020761246,1.7468170949084355e-05,0.0103806228373701,1.614981842462516e-05,0.0107266435986159,2.389513950582294e-05,1,1,1,1,1
1229,0,14:11:30,2,0.0093425605536332,0.0,0.0089965397923876,0.0086505190311418,7.250938884525582e-06,0.0083044982698963,3.131087245590592e-06,0.0079584775086505,1.8127347211313956e-06,0.0069204152249136,1.6479406555739958e-06,0.0058823529411764,2.3071169178035943e-06,0.0093425605536332,8.239703277869979e-07,0.009688581314879,1.532584809683816e-05,0.0100346020761246,1.7468170949084355e-05,0.0103806228373701,1.614981842462516e-05,0.0107266435986159,2.389513950582294e-05,1,1,1,1,1
1230,0,14:11:33,2,0.0093425605536332,23322.0,0.0089965397923876,0.0086505190311418,6.097380425623785e-06,0.0083044982698963,3.625469442262791e-06,0.0079584775086505,1.8127347211313956e-06,0.0069204152249136,1.6479406555739958e-06,0.0058823529411764,2.3071169178035943e-06,0.0093425605536332,1.0382026130116173e-05,0.009688581314879,1.532584809683816e-05,0.0100346020761246,1.7468170949084355e-05,0.0103806228373701,1.614981842462516e-05,0.0107266435986159,2.389513950582294e-05,1,0,1,1,1
1231,0,14:11:36,2,0.0093425605536332,0.0,0.0089965397923876,0.0086505190311418,6.097380425623785e-06,0.0083044982698963,3.625469442262791e-06,0.0079584775086505,1.8127347211313956e-06,0.0069204152249136,1.6479406555739958e-06,0.0058823529411764,2.3071169178035943e-06,0.0093425605536332,1.0382026130116173e-05,0.009688581314879,1.532584809683816e-05,0.0100346020761246,1.7468170949084355e-05,0.0103806228373701,1.614981842462516e-05,0.0107266435986159,2.389513950582294e-05,1,0,1,1,1
1232,0,14:11:39,2,0.0093425605536332,0.0,0.0089965397923876,0.0086505190311418,6.097380425623785e-06,0.0083044982698963,3.625469442262791e-06,0.0079584775086505,1.8127347211313956e-06,0.0069204152249136,1.6479406555739958e-06,0.0058823529411764,2.3071169178035943e-06,0.0093425605536332,1.0711614261230972e-05,0.009688581314879,1.582023029351036e-05,0.0100346020761246,1.7468170949084355e-05,0.0103806228373701,1.614981842462516e-05,0.0107266435986159,2.389513950582294e-05,1,0,1,1,1
1233,0,14:11:42,2,0.0093425605536332,0.0,0.0088235294117648,0.0086505190311418,6.097380425623785e-06,0.0083044982698963,3.625469442262791e-06,0.0079584775086505,1.8127347211313956e-06,0.0069204152249136,1.6479406555739958e-06,0.0058823529411764,2.3071169178035943e-06,0.0089965397923876,3.295881311147992e-07,0.0093425605536332,1.0711614261230972e-05,0.009688581314879,1.582023029351036e-05,0.0100346020761246,1.7468170949084355e-05,0.0103806228373701,1.614981842462516e-05,1,1,1,1,1
1234,0,14:11:45,2,0.0089965397923876,23328.0,0.0088235294117648,0.0086505190311418,6.097380425623785e-06,0.0083044982698963,3.625469442262791e-06,0.0079584775086505,1.8127347211313956e-06,0.0069204152249136,1.6479406555739958e-06,0.0058823529411764,2.3071169178035943e-06,0.0089965397923876,3.295881311147992e-07,0.0093425605536332,1.0382026130116173e-05,0.009688581314879,1.582023029351036e-05,0.0100346020761246,1.7468170949084355e-05,0.0103806228373701,1.614981842462516e-05,1,1,1,1,1
1235,0,14:11:48,2,0.0089965397923876,0.0,0.0088235294117648,0.0086505190311418,6.097380425623785e-06,0.0083044982698963,3.625469442262791e-06,0.0079584775086505,1.8127347211313956e-06,0.0069204152249136,1.6479406555739958e-06,0.0058823529411764,2.3071169178035943e-06,0.0089965397923876,3.295881311147992e-07,0.0093425605536332,1.1370790523460572e-05,0.009688581314879,1.582023029351036e-05,0.0100346020761246,1.7468170949084355e-05,0.0103806228373701,1.614981842462516e-05,1,1,1,1,0
1236,0,14:11:51,2,0.0089965397923876,0.0,0.0088235294117648,0.0086505190311418,6.097380425623785e-06,0.0083044982698963,3.625469442262791e-06,0.0079584775086505,1.8127347211313956e-06,0.0069204152249136,1.6479406555739958e-06,0.0058823529411764,2.3071169178035943e-06,0.0089965397923876,3.295881311147992e-07,0.0093425605536332,1.1370790523460572e-05,0.009688581314879,1.582023029351036e-05,0.0100346020761246,1.7468170949084355e-05,0.0103806228373701,1.614981842462516e-05,1,1,1,1,0
1237,0,14:11:54,2,0.0089965397923876,2916.0,0.0088235294117648,0.0086505190311418,6.097380425623785e-06,0.0083044982698963,3.625469442262791e-06,0.0079584775086505,1.8127347211313956e-06,0.0069204152249136,1.6479406555739958e-06,0.0058823529411764,2.3071169178035943e-06,0.0089965397923876,2.1423228522461945e-06,0.0093425605536332,1.1370790523460572e-05,0.009688581314879,1.582023029351036e-05,0.0100346020761246,1.7468170949084355e-05,0.0103806228373701,1.614981842462516e-05,1,1,1,1,0
1238,0,14:11:57,2,0.0089965397923876,0.0,0.0088235294117648,0.0086505190311418,6.097380425623785e-06,0.0083044982698963,3.625469442262791e-06,0.0079584775086505,1.8127347211313956e-06,0.0069204152249136,1.6479406555739958e-06,0.0058823529411764,2.3071169178035943e-06,0.0089965397923876,2.1423228522461945e-06,0.0093425605536332,1.1370790523460572e-05,0.009688581314879,1.582023029351036e-05,0.0100346020761246,1.7468170949084355e-05,0.0103806228373701,1.614981842462516e-05,1,1,1,1,0
1239,0,14:12:00,2,0.0089965397923876,29160.0,0.0088235294117648,0.0086505190311418,6.097380425623785e-06,0.0083044982698963,3.625469442262791e-06,0.0079584775086505,1.8127347211313956e-06,0.0069204152249136,1.6479406555739958e-06,0.0058823529411764,2.9662931800331924e-06,0.0089965397923876,4.943821966721988e-07,0.0093425605536332,1.1370790523460572e-05,0.009688581314879,1.582023029351036e-05,0.0100346020761246,1.7468170949084355e-05,0.0103806228373701,1.614981842462516e-05,1,1,1,1,0
1240,0,14:12:03,2,0.0086505190311418,107855.0,0.0084775086505191,0.0083044982698963,3.625469442262791e-06,0.0079584775086505,1.8127347211313956e-06,0.0069204152249136,1.6479406555739958e-06,0.0058823529411764,2.9662931800331924e-06,0.0055363321799308,6.591762622295983e-07,0.0086505190311418,9.722849867886577e-06,0.0089965397923876,1.4831465900165962e-06,0.0093425605536332,1.1370790523460572e-05,0.009688581314879,1.582023029351036e-05,0.0100346020761246,1.7468170949084355e-05,1,1,1,1,0
1241,0,14:12:06,2,0.0086505190311418,2915.0,0.0084775086505191,0.0083044982698963,3.625469442262791e-06,0.0079584775086505,1.8127347211313956e-06,0.0069204152249136,1.6479406555739958e-06,0.0058823529411764,2.9662931800331924e-06,0.0055363321799308,6.591762622295983e-07,0.0086505190311418,9.558055802329175e-06,0.0089965397923876,1.4831465900165962e-06,0.0093425605536332,1.1370790523460572e-05,0.009688581314879,1.582023029351036e-05,0.0100346020761246,1.7468170949084355e-05,1,1,1,1,0
1242,0,14:12:09,2,0.0086505190311418,40810.0,0.0084775086505191,0.0083044982698963,3.625469442262791e-06,0.0079584775086505,1.8127347211313956e-06,0.0069204152249136,1.6479406555739958e-06,0.0058823529411764,2.9662931800331924e-06,0.0055363321799308,6.591762622295983e-07,0.0086505190311418,7.250938884525582e-06,0.0089965397923876,1.4831465900165962e-06,0.0093425605536332,1.1370790523460572e-05,0.009688581314879,1.582023029351036e-05,0.0100346020761246,1.8292141276871356e-05,1,1,1,1,0
1243,0,14:12:12,2,0.0086505190311418,0.0,0.0084775086505191,0.0083044982698963,3.625469442262791e-06,0.0079584775086505,1.8127347211313956e-06,0.0069204152249136,1.6479406555739958e-06,0.0058823529411764,2.9662931800331924e-06,0.0055363321799308,6.591762622295983e-07,0.0086505190311418,7.250938884525582e-06,0.0089965397923876,1.1535584589017972e-06,0.0093425605536332,1.1370790523460572e-05,0.009688581314879,1.582023029351036e-05,0.0100346020761246,1.8292141276871356e-05,1,1,1,1,0
1244,0,14:12:15,2,0.0086505190311418,0.0,0.0084775086505191,0.0083044982698963,3.625469442262791e-06,0.0079584775086505,1.8127347211313956e-06,0.0069204152249136,1.6479406555739958e-06,0.0058823529411764,2.9662931800331924e-06,0.0055363321799308,6.591762622295983e-07,0.0086505190311418,7.5805270156403806e-06,0.0089965397923876,1.6479406555739957e-07,0.0093425605536332,1.1370790523460572e-05,0.009688581314879,1.582023029351036e-05,0.0100346020761246,1.8292141276871356e-05,1,1,1,1,0
1245,0,14:12:18,2,0.0083044982698963,5828.0,0.0084775086505191,0.0083044982698963,3.295881311147992e-06,0.0079584775086505,1.8127347211313956e-06,0.0069204152249136,1.6479406555739958e-06,0.0058823529411764,2.9662931800331924e-06,0.0055363321799308,6.591762622295983e-07,0.0086505190311418,7.5805270156403806e-06,0.0089965397923876,1.6479406555739957e-07,0.0093425605536332,1.1370790523460572e-05,0.009688581314879,1.582023029351036e-05,0.0100346020761246,1.8292141276871356e-05,1,1,1,1,0
1246,0,14:12:21,2,0.0083044982698963,0.0,0.0084775086505191,0.0083044982698963,3.295881311147992e-06,0.0079584775086505,1.8127347211313956e-06,0.0069204152249136,1.6479406555739958e-06,0.0058823529411764,2.9662931800331924e-06,0.0055363321799308,6.591762622295983e-07,0.0086505190311418,8.07490921231258e-06,0.0089965397923876,1.6479406555739957e-07,0.0093425605536332,1.0711614261230972e-05,0.009688581314879,1.582023029351036e-05,0.0100346020761246,2.0764052260232345e-05,1,1,1,1,1
1247,0,14:12:24,2,0.0083044982698963,0.0,0.0084775086505191,0.0083044982698963,3.295881311147992e-06,0.0079584775086505,1.8127347211313956e-06,0.0069204152249136,1.6479406555739958e-06,0.0058823529411764,2.9662931800331924e-06,0.0055363321799308,6.591762622295983e-07,0.0086505190311418,8.07490921231258e-06,0.0089965397923876,1.6479406555739957e-07,0.0093425605536332,1.0711614261230972e-05,0.009688581314879,1.582023029351036e-05,0.0100346020761246,2.0764052260232345e-05,1,1,1,1,1
1248,0,14:12:27,2,0.0083044982698963,0.0,0.0084775086505191,0.0083044982698963,3.295881311147992e-06,0.0079584775086505,1.8127347211313956e-06,0.0069204152249136,1.6479406555739958e-06,0.0058823529411764,2.9662931800331924e-06,0.0055363321799308,6.591762622295983e-07,0.0086505190311418,8.07490921231258e-06,0.0089965397923876,1.6479406555739957e-07,0.0093425605536332,1.0711614261230972e-05,0.009688581314879,1.582023029351036e-05,0.0100346020761246,2.0764052260232345e-05,1,1,1,1,1
1249,0,14:12:30,2,0.0086505190311418,55385.0,0.0084775086505191,0.0083044982698963,3.295881311147992e-06,0.0079584775086505,1.8127347211313956e-06,0.0069204152249136,1.6479406555739958e-06,0.0058823529411764,2.9662931800331924e-06,0.0055363321799308,6.591762622295983e-07,0.0086505190311418,4.9438219667219874e-06,0.0089965397923876,1.6479406555739957e-07,0.0093425605536332,1.0711614261230972e-05,0.009688581314879,1.582023029351036e-05,0.0100346020761246,2.0764052260232345e-05,1,1,1,1,0
1250,0,14:12:33,2,0.0083044982698963,29140.0,0.0084775086505191,0.0083044982698963,1.6479406555739958e-06,0.0079584775086505,1.8127347211313956e-06,0.0069204152249136,1.6479406555739958e-06,0.0058823529411764,2.9662931800331924e-06,0.0055363321799308,6.591762622295983e-07,0.0086505190311418,4.9438219667219874e-06,0.0089965397923876,1.6479406555739957e-07,0.0093425605536332,1.0711614261230972e-05,0.009688581314879,1.582023029351036e-05,0.0100346020761246,2.0764052260232345e-05,1,1,1,1,0
1251,0,14:12:36,2,0.0083044982698963,0.0,0.0084775086505191,0.0083044982698963,1.6479406555739958e-06,0.0079584775086505,1.8127347211313956e-06,0.0069204152249136,1.6479406555739958e-06,0.0058823529411764,2.9662931800331924e-06,0.0055363321799308,6.591762622295983e-07,0.0086505190311418,4.9438219667219874e-06,0.0089965397923876,1.6479406555739957e-07,0.0093425605536332,1.0711614261230972e-05,0.009688581314879,1.582023029351036e-05,0.0100346020761246,2.0764052260232345e-05,1,1,1,1,0
1252,0,14:12:39,2,0.0083044982698963,0.0,0.0084775086505191,0.0083044982698963,1.6479406555739958e-06,0.0079584775086505,1.8127347211313956e-06,0.0069204152249136,1.6479406555739958e-06,0.0058823529411764,2.9662931800331924e-06,0.0055363321799308,6.591762622295983e-07,0.0086505190311418,4.9438219667219874e-06,0.0089965397923876,1.6479406555739957e-07,0.0093425605536332,1.0711614261230972e-05,0.009688581314879,1.582023029351036e-05,0.0100346020761246,2.0764052260232345e-05,1,1,1,1,0
1253,0,14:12:42,2,0.0083044982698963,0.0,0.0084775086505191,0.0083044982698963,1.6479406555739958e-06,0.0079584775086505,1.8127347211313956e-06,0.0069204152249136,1.6479406555739958e-06,0.0058823529411764,2.9662931800331924e-06,0.0055363321799308,6.591762622295983e-07,0.0086505190311418,4.9438219667219874e-06,0.0089965397923876,1.6479406555739957e-07,0.0093425605536332,1.0711614261230972e-05,0.009688581314879,1.582023029351036e-05,0.0100346020761246,2.0764052260232345e-05,1,1,1,1,0
1254,0,14:12:45,2,0.0083044982698963,52468.0,0.0084775086505191,0.0083044982698963,1.3183525244591966e-06,0.0079584775086505,1.8127347211313956e-06,0.0069204152249136,1.6479406555739958e-06,0.0058823529411764,2.9662931800331924e-06,0.0055363321799308,6.591762622295983e-07,0.0086505190311418,2.3071169178035943e-06,0.0089965397923876,1.6479406555739957e-07,0.0093425605536332,1.1205996457903172e-05,0.009688581314879,1.582023029351036e-05,0.0100346020761246,2.0764052260232345e-05,1,1,1,1,0
1255,0,14:12:48,2,0.0083044982698963,0.0,0.0084775086505191,0.0083044982698963,1.3183525244591966e-06,0.0079584775086505,1.8127347211313956e-06,0.0069204152249136,1.6479406555739958e-06,0.0058823529411764,2.9662931800331924e-06,0.0055363321799308,6.591762622295983e-07,0.0086505190311418,2.3071169178035943e-06,0.0089965397923876,1.6479406555739957e-07,0.0093425605536332,1.1205996457903172e-05,0.009688581314879,1.582023029351036e-05,0.0100346020761246,2.0764052260232345e-05,1,1,1,0,0
1256,0,14:12:51,2,0.0083044982698963,0.0,0.0084775086505191,0.0083044982698963,1.3183525244591966e-06,0.0079584775086505,1.8127347211313956e-06,0.0069204152249136,1.6479406555739958e-06,0.0058823529411764,2.9662931800331924e-06,0.0055363321799308,6.591762622295983e-07,0.0086505190311418,2.3071169178035943e-06,0.0089965397923876,1.6479406555739957e-07,0.0093425605536332,1.1205996457903172e-05,0.009688581314879,1.582023029351036e-05,0.0100346020761246,2.0764052260232345e-05,1,1,1,0,0
1257,0,14:12:54,2,0.0083044982698963,0.0,0.0084775086505191,0.0083044982698963,1.3183525244591966e-06,0.0079584775086505,1.8127347211313956e-06,0.0069204152249136,1.6479406555739958e-06,0.0058823529411764,2.9662931800331924e-06,0.0055363321799308,6.591762622295983e-07,0.0086505190311418,2.3071169178035943e-06,0.0089965397923876,1.6479406555739957e-07,0.0093425605536332,1.1205996457903172e-05,0.009688581314879,1.582023029351036e-05,0.0100346020761246,2.0764052260232345e-05,1,1,1,0,0
1258,0,14:12:57,2,0.0086505190311418,11660.0,0.0084775086505191,0.0083044982698963,1.3183525244591966e-06,0.0079584775086505,1.8127347211313956e-06,0.0069204152249136,1.6479406555739958e-06,0.0058823529411764,2.9662931800331924e-06,0.0055363321799308,6.591762622295983e-07,0.0086505190311418,1.6479406555739958e-06,0.0089965397923876,1.6479406555739957e-07,0.0093425605536332,1.1205996457903172e-05,0.009688581314879,1.582023029351036e-05,0.0100346020761246,2.0764052260232345e-05,1,1,1,0,0
1259,0,14:13:00,2,0.0086505190311418,0.0,0.0084775086505191,0.0083044982698963,1.3183525244591966e-06,0.0079584775086505,1.8127347211313956e-06,0.0069204152249136,1.6479406555739958e-06,0.0058823529411764,2.9662931800331924e-06,0.0055363321799308,6.591762622295983e-07,0.0086505190311418,1.6479406555739958e-06,0.0089965397923876,1.8127347211313956e-06,0.0093425605536332,1.1205996457903172e-05,0.009688581314879,1.582023029351036e-05,0.0100346020761246,2.0764052260232345e-05,1,1,1,0,0
1260,0,14:13:03,2,0.0086505190311418,0.0,0.0084775086505191,0.0083044982698963,1.3183525244591966e-06,0.0079584775086505,3.295881311147992e-06,0.0069204152249136,1.6479406555739958e-06,0.0058823529411764,2.9662931800331924e-06,0.0055363321799308,6.591762622295983e-07,0.0086505190311418,3.460675376705391e-06,0.0089965397923876,1.8127347211313956e-06,0.0093425605536332,1.1205996457903172e-05,0.009688581314879,1.582023029351036e-05,0.0100346020761246,2.0764052260232345e-05,1,1,1,0,0
1261,0,14:13:06,2,0.0086505190311418,0.0,0.0084775086505191,0.0083044982698963,1.3183525244591966e-06,0.0079584775086505,3.295881311147992e-06,0.0069204152249136,1.6479406555739958e-06,0.0058823529411764,2.9662931800331924e-06,0.0055363321799308,6.591762622295983e-07,0.0086505190311418,3.95505757337759e-06,0.0089965397923876,1.8127347211313956e-06,0.0093425605536332,1.1205996457903172e-05,0.009688581314879,1.598502435906776e-05,0.0100346020761246,2.0764052260232345e-05,1,1,1,0,0
1262,0,14:13:09,2,0.0086505190311418,0.0,0.0084775086505191,0.0083044982698963,1.3183525244591966e-06,0.0079584775086505,3.295881311147992e-06,0.0069204152249136,1.6479406555739958e-06,0.0058823529411764,2.9662931800331924e-06,0.0055363321799308,6.591762622295983e-07,0.0086505190311418,3.95505757337759e-06,0.0089965397923876,1.8127347211313956e-06,0.0093425605536332,1.0711614261230972e-05,0.009688581314879,1.598502435906776e-05,0.0100346020761246,2.0764052260232345e-05,1,1,1,0,0
1263,0,14:13:12,2,0.0083044982698963,2914.0,0.0084775086505191,0.0083044982698963,1.1535584589017972e-06,0.0079584775086505,3.295881311147992e-06,0.0069204152249136,1.6479406555739958e-06,0.0058823529411764,2.9662931800331924e-06,0.0055363321799308,6.591762622295983e-07,0.0086505190311418,4.284645704492389e-06,0.0089965397923876,1.8127347211313956e-06,0.0093425605536332,1.0711614261230972e-05,0.009688581314879,1.598502435906776e-05,0.0100346020761246,2.0764052260232345e-05,1,1,1,0,1
1264,0,14:13:15,2,0.0086505190311418,14575.0,0.0084775086505191,0.0083044982698963,1.1535584589017972e-06,0.0079584775086505,3.295881311147992e-06,0.0069204152249136,1.6479406555739958e-06,0.0058823529411764,2.9662931800331924e-06,0.0055363321799308,6.591762622295983e-07,0.0086505190311418,3.460675376705391e-06,0.0089965397923876,1.8127347211313956e-06,0.0093425605536332,1.0711614261230972e-05,0.009688581314879,1.598502435906776e-05,0.0100346020761246,2.0764052260232345e-05,1,1,1,0,1
1265,0,14:13:18,2,0.0086505190311418,0.0,0.0084775086505191,0.0083044982698963,4.614233835607189e-06,0.0079584775086505,3.295881311147992e-06,0.0069204152249136,1.6479406555739958e-06,0.0058823529411764,2.9662931800331924e-06,0.0055363321799308,6.591762622295983e-07,0.0086505190311418,3.460675376705391e-06,0.0089965397923876,1.8127347211313956e-06,0.0093425605536332,1.0711614261230972e-05,0.009688581314879,1.598502435906776e-05,0.0100346020761246,2.0764052260232345e-05,1,1,1,0,1
1266,0,14:13:21,2,0.0086505190311418,0.0,0.0084775086505191,0.0083044982698963,4.614233835607189e-06,0.0079584775086505,3.295881311147992e-06,0.0069204152249136,1.6479406555739958e-06,0.0058823529411764,2.9662931800331924e-06,0.0055363321799308,6.591762622295983e-07,0.0086505190311418,6.591762622295983e-06,0.0089965397923876,1.8127347211313956e-06,0.0093425605536332,9.887643933443975e-07,0.009688581314879,1.6479406555739956e-05,0.0100346020761246,2.0764052260232345e-05,1,1,1,1,0
1267,0,14:13:24,2,0.0086505190311418,0.0,0.0084775086505191,0.0083044982698963,1.1535584589017972e-06,0.0079584775086505,3.295881311147992e-06,0.0069204152249136,1.6479406555739958e-06,0.0058823529411764,2.9662931800331924e-06,0.0055363321799308,6.591762622295983e-07,0.0086505190311418,4.284645704492389e-06,0.0089965397923876,1.8127347211313956e-06,0.0093425605536332,9.887643933443975e-07,0.009688581314879,1.6479406555739956e-05,0.0100346020761246,2.0764052260232345e-05,1,1,1,1,0
1268,0,14:13:27,2,0.0086505190311418,61215.0,0.0084775086505191,0.0083044982698963,1.1535584589017972e-06,0.0079584775086505,3.295881311147992e-06,0.0069204152249136,1.6479406555739958e-06,0.0058823529411764,2.9662931800331924e-06,0.0055363321799308,6.591762622295983e-07,0.0086505190311418,8.239703277869979e-07,0.0089965397923876,1.8127347211313956e-06,0.0093425605536332,9.887643933443975e-07,0.009688581314879,1.6479406555739956e-05,0.0100346020761246,2.0764052260232345e-05,1,1,1,1,0
1269,0,14:13:30,2,0.0086505190311418,0.0,0.0084775086505191,0.0083044982698963,2.636705048918393e-06,0.0079584775086505,3.295881311147992e-06,0.0069204152249136,1.6479406555739958e-06,0.0058823529411764,2.9662931800331924e-06,0.0055363321799308,6.591762622295983e-07,0.0086505190311418,8.239703277869979e-07,0.0089965397923876,1.8127347211313956e-06,0.0093425605536332,9.887643933443975e-07,0.009688581314879,1.6479406555739956e-05,0.0100346020761246,2.0764052260232345e-05,1,1,1,0,1
1270,0,14:13:33,2,0.0086505190311418,0.0,0.0084775086505191,0.0083044982698963,2.636705048918393e-06,0.0079584775086505,3.295881311147992e-06,0.0069204152249136,1.6479406555739958e-06,0.0058823529411764,2.9662931800331924e-06,0.0055363321799308,6.591762622295983e-07,0.0086505190311418,8.239703277869979e-07,0.0089965397923876,1.8127347211313956e-06,0.0093425605536332,9.887643933443975e-07,0.009688581314879,1.6479406555739956e-05,0.0100346020761246,2.0764052260232345e-05,1,1,1,0,1
1271,0,14:13:36,2,0.0086505190311418,361460.0,0.0084775086505191,0.0083044982698963,2.636705048918393e-06,0.0079584775086505,3.625469442262791e-06,0.0069204152249136,1.6479406555739958e-06,0.0058823529411764,2.9662931800331924e-06,0.0055363321799308,6.591762622295983e-07,0.0086505190311418,1.2359554916804967e-05,0.0089965397923876,1.8127347211313956e-06,0.0093425605536332,9.887643933443975e-07,0.009688581314879,1.6479406555739956e-05,0.0100346020761246,2.0764052260232345e-05,1,1,1,0,0
1272,0,14:13:39,2,0.0086505190311418,0.0,0.0084775086505191,0.0083044982698963,6.921350753410782e-06,0.0079584775086505,3.625469442262791e-06,0.0069204152249136,1.6479406555739958e-06,0.0058823529411764,2.9662931800331924e-06,0.0055363321799308,6.591762622295983e-07,0.0086505190311418,1.2359554916804967e-05,0.0089965397923876,1.8127347211313956e-06,0.0093425605536332,9.887643933443975e-07,0.009688581314879,1.6479406555739956e-05,0.0100346020761246,2.0764052260232345e-05,1,1,1,0,0
1273,0,14:13:42,2,0.0083044982698963,26226.0,0.0084775086505191,0.0083044982698963,5.438204163394186e-06,0.0079584775086505,3.625469442262791e-06,0.0069204152249136,1.6479406555739958e-06,0.0058823529411764,2.9662931800331924e-06,0.0055363321799308,6.591762622295983e-07,0.0086505190311418,1.2359554916804967e-05,0.0089965397923876,1.8127347211313956e-06,0.0093425605536332,3.460675376705391e-06,0.009688581314879,1.6479406555739956e-05,0.0100346020761246,2.0764052260232345e-05,1,1,1,0,0
1274,0,14:13:45,2,0.0086505190311418,11660.0,0.0084775086505191,0.0083044982698963,5.438204163394186e-06,0.0079584775086505,3.625469442262791e-06,0.0069204152249136,1.6479406555739958e-06,0.0058823529411764,2.9662931800331924e-06,0.0055363321799308,6.591762622295983e-07,0.0086505190311418,1.3513113375706766e-05,0.0089965397923876,1.8127347211313956e-06,0.0093425605536332,3.625469442262791e-06,0.009688581314879,1.6479406555739956e-05,0.0100346020761246,2.0764052260232345e-05,1,1,1,0,0
1275,0,14:13:48,2,0.0086505190311418,0.0,0.0084775086505191,0.0083044982698963,5.438204163394186e-06,0.0079584775086505,3.625469442262791e-06,0.0069204152249136,1.6479406555739958e-06,0.0058823529411764,2.9662931800331924e-06,0.0055363321799308,6.591762622295983e-07,0.0086505190311418,1.3513113375706766e-05,0.0089965397923876,1.8127347211313956e-06,0.0093425605536332,3.625469442262791e-06,0.009688581314879,1.6479406555739956e-05,0.0100346020761246,2.0764052260232345e-05,1,1,0,0,0
1276,0,14:13:51,2,0.0086505190311418,0.0,0.0084775086505191,0.0083044982698963,5.438204163394186e-06,0.0079584775086505,3.625469442262791e-06,0.0069204152249136,1.6479406555739958e-06,0.0058823529411764,2.9662931800331924e-06,0.0055363321799308,6.591762622295983e-07,0.0086505190311418,1.3513113375706766e-05,0.0089965397923876,1.8127347211313956e-06,0.0093425605536332,3.625469442262791e-06,0.009688581314879,1.6479406555739956e-05,0.0100346020761246,2.0764052260232345e-05,1,1,0,0,0
1277,0,14:13:54,2,0.0086505190311418,0.0,0.0084775086505191,0.0083044982698963,5.438204163394186e-06,0.0079584775086505,3.625469442262791e-06,0.0069204152249136,1.6479406555739958e-06,0.0058823529411764,2.9662931800331924e-06,0.0055363321799308,6.591762622295983e-07,0.0086505190311418,1.3513113375706766e-05,0.0089965397923876,1.8127347211313956e-06,0.0093425605536332,3.625469442262791e-06,0.009688581314879,1.6479406555739956e-05,0.0100346020761246,2.0764052260232345e-05,1,1,0,0,0
1278,0,14:13:57,2,0.0086505190311418,0.0,0.0084775086505191,0.0083044982698963,5.438204163394186e-06,0.0079584775086505,3.625469442262791e-06,0.0069204152249136,1.6479406555739958e-06,0.0058823529411764,2.9662931800331924e-06,0.0055363321799308,6.591762622295983e-07,0.0086505190311418,1.3513113375706766e-05,0.0089965397923876,1.8127347211313956e-06,0.0093425605536332,3.625469442262791e-06,0.009688581314879,1.6479406555739956e-05,0.0100346020761246,2.0764052260232345e-05,1,1,0,0,0
1279,0,14:14:00,2,0.0086505190311418,0.0,0.0084775086505191,0.0083044982698963,5.438204163394186e-06,0.0079584775086505,3.625469442262791e-06,0.0069204152249136,1.6479406555739958e-06,0.0058823529411764,2.9662931800331924e-06,0.0055363321799308,6.591762622295983e-07,0.0086505190311418,1.3513113375706766e-05,0.0089965397923876,1.8127347211313956e-06,0.0093425605536332,3.625469442262791e-06,0.009688581314879,1.6479406555739956e-05,0.0100346020761246,2.0764052260232345e-05,1,1,0,0,0
1280,0,14:14:03,2,0.0086505190311418,0.0,0.0084775086505191,0.0083044982698963,5.438204163394186e-06,0.0079584775086505,3.625469442262791e-06,0.0069204152249136,1.6479406555739958e-06,0.0058823529411764,2.9662931800331924e-06,0.0055363321799308,6.591762622295983e-07,0.0086505190311418,1.3513113375706766e-05,0.0089965397923876,1.8127347211313956e-06,0.0093425605536332,3.625469442262791e-06,0.009688581314879,1.6479406555739956e-05,0.0100346020761246,2.0764052260232345e-05,1,1,0,0,0
1281,0,14:14:06,2,0.0083044982698963,8742.0,0.0084775086505191,0.0083044982698963,4.9438219667219874e-06,0.0079584775086505,3.625469442262791e-06,0.0069204152249136,1.6479406555739958e-06,0.0058823529411764,2.9662931800331924e-06,0.0055363321799308,6.591762622295983e-07,0.0086505190311418,1.516105403128076e-05,0.0089965397923876,1.8127347211313956e-06,0.0093425605536332,3.625469442262791e-06,0.009688581314879,1.6479406555739956e-05,0.0100346020761246,2.0764052260232345e-05,1,1,0,0,0
1282,0,14:14:09,2,0.0083044982698963,0.0,0.0084775086505191,0.0083044982698963,4.9438219667219874e-06,0.0079584775086505,3.625469442262791e-06,0.0069204152249136,1.6479406555739958e-06,0.0058823529411764,2.9662931800331924e-06,0.0055363321799308,6.591762622295983e-07,0.0086505190311418,1.516105403128076e-05,0.0089965397923876,1.8127347211313956e-06,0.0093425605536332,3.7902635078201903e-06,0.009688581314879,1.6479406555739956e-05,0.0100346020761246,2.0764052260232345e-05,1,1,0,0,0
1283,0,14:14:12,2,0.0083044982698963,5828.0,0.0084775086505191,0.0083044982698963,4.614233835607189e-06,0.0079584775086505,3.625469442262791e-06,0.0069204152249136,1.6479406555739958e-06,0.0058823529411764,2.9662931800331924e-06,0.0055363321799308,6.591762622295983e-07,0.0086505190311418,1.516105403128076e-05,0.0089965397923876,1.8127347211313956e-06,0.0093425605536332,3.7902635078201903e-06,0.009688581314879,1.6479406555739956e-05,0.0100346020761246,2.0764052260232345e-05,1,1,0,1,0
1284,0,14:14:15,2,0.0083044982698963,0.0,0.0084775086505191,0.0083044982698963,4.614233835607189e-06,0.0079584775086505,3.625469442262791e-06,0.0069204152249136,1.6479406555739958e-06,0.0058823529411764,2.9662931800331924e-06,0.0055363321799308,6.591762622295983e-07,0.0086505190311418,1.516105403128076e-05,0.0089965397923876,1.8127347211313956e-06,0.0093425605536332,3.7902635078201903e-06,0.009688581314879,1.6479406555739956e-05,0.0100346020761246,2.0764052260232345e-05,1,1,0,1,0
1285,0,14:14:18,2,0.0083044982698963,8742.0,0.0084775086505191,0.0083044982698963,5.273410097836786e-06,0.0079584775086505,3.625469442262791e-06,0.0069204152249136,1.6479406555739958e-06,0.0058823529411764,2.9662931800331924e-06,0.0055363321799308,6.591762622295983e-07,0.0086505190311418,1.516105403128076e-05,0.0089965397923876,1.8127347211313956e-06,0.0093425605536332,3.7902635078201903e-06,0.009688581314879,1.6479406555739956e-05,0.0100346020761246,2.0764052260232345e-05,1,0,0,1,0
1286,0,14:14:21,2,0.0083044982698963,0.0,0.0084775086505191,0.0083044982698963,5.273410097836786e-06,0.0079584775086505,3.625469442262791e-06,0.0069204152249136,1.6479406555739958e-06,0.0058823529411764,2.9662931800331924e-06,0.0055363321799308,6.591762622295983e-07,0.0086505190311418,1.516105403128076e-05,0.0089965397923876,1.8127347211313956e-06,0.0093425605536332,5.932586360066385e-06,0.009688581314879,1.598502435906776e-05,0.0100346020761246,2.0764052260232345e-05,1,0,1,0,0
1287,0,14:14:24,2,0.0083044982698963,0.0,0.0084775086505191,0.0083044982698963,5.273410097836786e-06,0.0079584775086505,3.625469442262791e-06,0.0069204152249136,1.6479406555739958e-06,0.0058823529411764,2.9662931800331924e-06,0.0055363321799308,6.591762622295983e-07,0.0086505190311418,1.3513113375706766e-05,0.0089965397923876,1.8127347211313956e-06,0.0093425605536332,5.932586360066385e-06,0.009688581314879,1.598502435906776e-05,0.0100346020761246,2.0764052260232345e-05,1,0,1,0,0
1288,0,14:14:27,2,0.0083044982698963,0.0,0.0084775086505191,0.0083044982698963,5.602998228951586e-06,0.0079584775086505,3.625469442262791e-06,0.0069204152249136,1.6479406555739958e-06,0.0058823529411764,2.9662931800331924e-06,0.0055363321799308,6.591762622295983e-07,0.0086505190311418,1.3513113375706766e-05,0.0089965397923876,1.8127347211313956e-06,0.0093425605536332,5.932586360066385e-06,0.009688581314879,1.598502435906776e-05,0.0100346020761246,2.0764052260232345e-05,1,0,1,0,0
1289,0,14:14:30,2,0.0083044982698963,0.0,0.0084775086505191,0.0083044982698963,5.602998228951586e-06,0.0079584775086505,3.625469442262791e-06,0.0076124567474049,1.8127347211313956e-06,0.0069204152249136,1.6479406555739958e-06,0.0058823529411764,2.9662931800331924e-06,0.0086505190311418,1.3513113375706766e-05,0.0089965397923876,1.8127347211313956e-06,0.0093425605536332,5.932586360066385e-06,0.009688581314879,1.598502435906776e-05,0.0100346020761246,2.0764052260232345e-05,1,0,0,1,0
1290,0,14:14:33,2,0.0083044982698963,29140.0,0.0084775086505191,0.0083044982698963,3.95505757337759e-06,0.0079584775086505,3.625469442262791e-06,0.0076124567474049,1.977528786688795e-06,0.0069204152249136,1.6479406555739958e-06,0.0058823529411764,2.9662931800331924e-06,0.0086505190311418,1.3513113375706766e-05,0.0089965397923876,1.8127347211313956e-06,0.0093425605536332,5.932586360066385e-06,0.009688581314879,1.598502435906776e-05,0.0100346020761246,2.0764052260232345e-05,0,0,0,1,0
1291,0,14:14:36,2,0.0083044982698963,78678.0,0.0081314878892733,0.0079584775086505,3.625469442262791e-06,0.0076124567474049,1.977528786688795e-06,0.0069204152249136,1.6479406555739958e-06,0.0058823529411764,2.9662931800331924e-06,0.0055363321799308,6.591762622295983e-07,0.0083044982698963,1.6644200621297358e-05,0.0086505190311418,1.3513113375706766e-05,0.0089965397923876,1.8127347211313956e-06,0.0093425605536332,5.932586360066385e-06,0.009688581314879,1.4337083703493764e-05,0,0,1,1,1
1292,0,14:14:39,2,0.0083044982698963,5828.0,0.0081314878892733,0.0079584775086505,3.625469442262791e-06,0.0076124567474049,1.977528786688795e-06,0.0069204152249136,1.6479406555739958e-06,0.0058823529411764,2.9662931800331924e-06,0.0055363321799308,6.591762622295983e-07,0.0083044982698963,1.6314612490182558e-05,0.0086505190311418,1.3513113375706766e-05,0.0089965397923876,1.8127347211313956e-06,0.0093425605536332,5.932586360066385e-06,0.009688581314879,1.4337083703493764e-05,0,0,0,1,1
1293,0,14:14:42,2,0.0083044982698963,0.0,0.0081314878892733,0.0079584775086505,3.625469442262791e-06,0.0076124567474049,5.108616032279387e-06,0.0069204152249136,1.6479406555739958e-06,0.0058823529411764,2.9662931800331924e-06,0.0055363321799308,6.591762622295983e-07,0.0083044982698963,1.6314612490182558e-05,0.0086505190311418,1.3513113375706766e-05,0.0089965397923876,1.8127347211313956e-06,0.0093425605536332,5.932586360066385e-06,0.009688581314879,1.4337083703493764e-05,0,0,0,1,1
1294,0,14:14:45,2,0.0079584775086505,2913.0,0.0081314878892733,0.0079584775086505,3.460675376705391e-06,0.0076124567474049,5.108616032279387e-06,0.0069204152249136,1.6479406555739958e-06,0.0058823529411764,2.9662931800331924e-06,0.0055363321799308,6.591762622295983e-07,0.0083044982698963,1.6314612490182558e-05,0.0086505190311418,1.3513113375706766e-05,0.0089965397923876,1.8127347211313956e-06,0.0093425605536332,5.932586360066385e-06,0.009688581314879,1.4337083703493764e-05,0,0,1,1,0
1295,0,14:14:48,2,0.0076124567474049,101945.0,0.0072664359861591,0.0069204152249136,1.6479406555739958e-06,0.0058823529411764,2.9662931800331924e-06,0.0055363321799308,6.591762622295983e-07,0.005190311418685,1.3183525244591966e-06,0.0048442906574395,1.6479406555739958e-06,0.0076124567474049,1.2853937113477169e-05,0.0083044982698963,1.598502435906776e-05,0.0086505190311418,1.3513113375706766e-05,0.0089965397923876,1.8127347211313956e-06,0.0093425605536332,5.932586360066385e-06,1,1,1,1,1
1296,0,14:14:51,2,0.0076124567474049,0.0,0.0072664359861591,0.0069204152249136,1.6479406555739958e-06,0.0058823529411764,2.9662931800331924e-06,0.0055363321799308,6.591762622295983e-07,0.005190311418685,1.3183525244591966e-06,0.0048442906574395,1.6479406555739958e-06,0.0076124567474049,1.2853937113477169e-05,0.0083044982698963,1.598502435906776e-05,0.0086505190311418,1.3513113375706766e-05,0.0089965397923876,1.8127347211313956e-06,0.0093425605536332,5.932586360066385e-06,1,1,1,1,1
1297,0,14:14:54,2,0.0076124567474049,0.0,0.0072664359861591,0.0069204152249136,1.6479406555739958e-06,0.0058823529411764,2.9662931800331924e-06,0.0055363321799308,6.591762622295983e-07,0.005190311418685,1.3183525244591966e-06,0.0048442906574395,1.6479406555739958e-06,0.0076124567474049,1.2853937113477169e-05,0.0083044982698963,1.598502435906776e-05,0.0086505190311418,1.3513113375706766e-05,0.0089965397923876,1.8127347211313956e-06,0.0093425605536332,5.932586360066385e-06,0,1,1,1,1
1298,0,14:14:57,2,0.0076124567474049,46592.0,0.0072664359861591,0.0069204152249136,1.6479406555739958e-06,0.0058823529411764,2.9662931800331924e-06,0.0055363321799308,6.591762622295983e-07,0.005190311418685,1.3183525244591966e-06,0.0048442906574395,1.6479406555739958e-06,0.0076124567474049,1.0217232064558776e-05,0.0083044982698963,1.598502435906776e-05,0.0086505190311418,1.3513113375706766e-05,0.0089965397923876,1.8127347211313956e-06,0.0093425605536332,5.932586360066385e-06,0,1,1,1,1
1299,0,14:15:00,2,0.0076124567474049,0.0,0.0072664359861591,0.0069204152249136,1.6479406555739958e-06,0.0058823529411764,2.9662931800331924e-06,0.0055363321799308,6.591762622295983e-07,0.005190311418685,1.3183525244591966e-06,0.0048442906574395,1.6479406555739958e-06,0.0076124567474049,1.0217232064558776e-05,0.0083044982698963,1.598502435906776e-05,0.0086505190311418,1.3513113375706766e-05,0.0089965397923876,1.8127347211313956e-06,0.0093425605536332,5.932586360066385e-06,0,1,1,1,1
1300,0,14:15:03,2,0.0069204152249136,23294.0,0.0072664359861591,0.0069204152249136,1.4831465900165962e-06,0.0058823529411764,2.9662931800331924e-06,0.0055363321799308,6.591762622295983e-07,0.005190311418685,1.3183525244591966e-06,0.0048442906574395,1.6479406555739958e-06,0.0076124567474049,9.063673605656976e-06,0.0083044982698963,1.598502435906776e-05,0.0086505190311418,1.3513113375706766e-05,0.0089965397923876,1.8127347211313956e-06,0.0093425605536332,5.932586360066385e-06,1,1,1,1,1
1301,0,14:15:06,2,0.0069204152249136,0.0,0.0072664359861591,0.0069204152249136,1.4831465900165962e-06,0.0058823529411764,2.9662931800331924e-06,0.0055363321799308,6.591762622295983e-07,0.005190311418685,1.3183525244591966e-06,0.0048442906574395,1.6479406555739958e-06,0.0076124567474049,9.063673605656976e-06,0.0083044982698963,1.598502435906776e-05,0.0086505190311418,1.3513113375706766e-05,0.0089965397923876,1.8127347211313956e-06,0.0093425605536332,5.932586360066385e-06,1,1,1,1,1
1302,0,14:15:09,2,0.0069204152249136,55310.0,0.006401384083045,0.0058823529411764,2.9662931800331924e-06,0.0055363321799308,6.591762622295983e-07,0.005190311418685,1.3183525244591966e-06,0.0048442906574395,1.6479406555739958e-06,0.0044982698961939,7.415732950082981e-06,0.0069204152249136,9.887643933443975e-07,0.0076124567474049,7.415732950082981e-06,0.0083044982698963,1.598502435906776e-05,0.0086505190311418,1.3513113375706766e-05,0.0089965397923876,1.8127347211313956e-06,2,2,2,2,1
1303,0,14:15:12,2,0.0069204152249136,0.0,0.006401384083045,0.0058823529411764,2.3071169178035943e-06,0.0055363321799308,6.591762622295983e-07,0.005190311418685,1.3183525244591966e-06,0.0048442906574395,1.6479406555739958e-06,0.0044982698961939,7.415732950082981e-06,0.0069204152249136,9.887643933443975e-07,0.0076124567474049,7.415732950082981e-06,0.0083044982698963,1.598502435906776e-05,0.0086505190311418,1.3513113375706766e-05,0.0089965397923876,1.8127347211313956e-06,2,2,2,2,1
1304,0,14:15:15,2,0.0069204152249136,17460.0,0.0067474048442905,0.0058823529411764,2.3071169178035943e-06,0.0055363321799308,6.591762622295983e-07,0.005190311418685,1.3183525244591966e-06,0.0048442906574395,1.6479406555739958e-06,0.0044982698961939,7.415732950082981e-06,0.0076124567474049,7.415732950082981e-06,0.0083044982698963,1.598502435906776e-05,0.0086505190311418,1.3513113375706766e-05,0.0089965397923876,1.8127347211313956e-06,0.0093425605536332,5.932586360066385e-06,2,2,2,1,1
1305,0,14:15:18,2,0.0058823529411764,136854.0,0.0070934256055363,0.0058823529411764,1.977528786688795e-06,0.0055363321799308,6.591762622295983e-07,0.005190311418685,1.3183525244591966e-06,0.0048442906574395,1.6479406555739958e-06,0.0044982698961939,7.415732950082981e-06,0.0083044982698963,1.598502435906776e-05,0.0086505190311418,1.3513113375706766e-05,0.0089965397923876,1.8127347211313956e-06,0.0093425605536332,5.932586360066385e-06,0.009688581314879,1.4337083703493764e-05,1,1,2,1,1
1306,0,14:15:21,2,0.0058823529411764,0.0,0.0076124567474049,0.0069204152249136,1.6479406555739957e-07,0.0058823529411764,1.977528786688795e-06,0.0055363321799308,6.591762622295983e-07,0.005190311418685,1.3183525244591966e-06,0.0048442906574395,1.6479406555739958e-06,0.0083044982698963,1.614981842462516e-05,0.0086505190311418,1.3513113375706766e-05,0.0089965397923876,1.8127347211313956e-06,0.0093425605536332,5.932586360066385e-06,0.009688581314879,1.4337083703493764e-05,1,1,1,1,1
1307,0,14:15:24,2,0.0058823529411764,0.0,0.0076124567474049,0.0069204152249136,1.6479406555739957e-07,0.0058823529411764,1.977528786688795e-06,0.0055363321799308,6.591762622295983e-07,0.005190311418685,1.3183525244591966e-06,0.0048442906574395,1.6479406555739958e-06,0.0083044982698963,1.614981842462516e-05,0.0086505190311418,1.3513113375706766e-05,0.0089965397923876,1.8127347211313956e-06,0.0093425605536332,5.932586360066385e-06,0.009688581314879,1.4337083703493764e-05,0,1,1,1,1
1308,0,14:15:27,2,0.0069204152249136,29100.0,0.0076124567474049,0.0069204152249136,1.6479406555739957e-07,0.0058823529411764,3.460675376705391e-06,0.005190311418685,2.9662931800331924e-06,0.0048442906574395,1.6479406555739958e-06,0.0044982698961939,7.415732950082981e-06,0.0083044982698963,1.614981842462516e-05,0.0086505190311418,1.3513113375706766e-05,0.0089965397923876,1.8127347211313956e-06,0.0093425605536332,5.932586360066385e-06,0.009688581314879,1.4337083703493764e-05,0,0,1,1,1
1309,0,14:15:30,2,0.0069204152249136,0.0,0.0074394463667821,0.0069204152249136,1.6479406555739957e-07,0.0058823529411764,8.07490921231258e-06,0.005190311418685,2.9662931800331924e-06,0.0044982698961939,7.415732950082981e-06,0.0041522491349481,9.393261736771775e-06,0.0079584775086505,9.887643933443975e-07,0.0083044982698963,1.614981842462516e-05,0.0086505190311418,1.3513113375706766e-05,0.0089965397923876,1.8127347211313956e-06,0.0093425605536332,5.932586360066385e-06,1,0,1,1,1
1310,0,14:15:33,2,0.0069204152249136,0.0,0.0074394463667821,0.0069204152249136,4.943821966721988e-07,0.0058823529411764,8.07490921231258e-06,0.005190311418685,2.9662931800331924e-06,0.0044982698961939,8.239703277869978e-06,0.0041522491349481,1.3183525244591968e-05,0.0079584775086505,9.887643933443975e-07,0.0083044982698963,1.614981842462516e-05,0.0086505190311418,1.3513113375706766e-05,0.0089965397923876,1.8127347211313956e-06,0.0093425605536332,5.932586360066385e-06,1,0,1,1,1
1311,0,14:15:36,2,0.0069204152249136,0.0,0.0074394463667821,0.0069204152249136,4.943821966721988e-07,0.0058823529411764,2.2411992915806344e-05,0.005190311418685,2.9662931800331924e-06,0.0044982698961939,8.239703277869978e-06,0.0041522491349481,1.3183525244591968e-05,0.0079584775086505,9.887643933443975e-07,0.0083044982698963,1.614981842462516e-05,0.0086505190311418,1.3513113375706766e-05,0.0089965397923876,1.8127347211313956e-06,0.0093425605536332,5.932586360066385e-06,1,1,1,1,1
1312,0,14:15:39,2,0.0069204152249136,8730.0,0.0069204152249136,0.0058823529411764,2.2411992915806344e-05,0.005190311418685,2.9662931800331924e-06,0.0044982698961939,8.239703277869978e-06,0.0041522491349481,1.3183525244591968e-05,0.0038062283737025,1.582023029351036e-05,0.0079584775086505,9.887643933443975e-07,0.0083044982698963,1.614981842462516e-05,0.0086505190311418,1.3513113375706766e-05,0.0089965397923876,1.8127347211313956e-06,0.0093425605536332,5.932586360066385e-06,2,2,1,1,1
1313,0,14:15:42,2,0.0069204152249136,0.0,0.0070934256055361,0.0062283737024222,6.591762622295983e-07,0.0058823529411764,2.2411992915806344e-05,0.005190311418685,2.9662931800331924e-06,0.0044982698961939,8.239703277869978e-06,0.0041522491349481,1.3183525244591968e-05,0.0079584775086505,9.887643933443975e-07,0.0083044982698963,1.614981842462516e-05,0.0086505190311418,1.3513113375706766e-05,0.0089965397923876,1.8127347211313956e-06,0.0093425605536332,5.932586360066385e-06,0,2,1,2,1
1314,0,14:15:45,2,0.0069204152249136,0.0,0.0074394463667821,0.0069204152249136,1.6479406555739957e-07,0.0062283737024222,6.591762622295983e-07,0.0058823529411764,2.2411992915806344e-05,0.005190311418685,2.9662931800331924e-06,0.0044982698961939,8.239703277869978e-06,0.0079584775086505,1.1535584589017972e-06,0.0083044982698963,1.614981842462516e-05,0.0086505190311418,1.3513113375706766e-05,0.0089965397923876,1.8127347211313956e-06,0.0093425605536332,5.932586360066385e-06,0,2,1,1,0
1315,0,14:15:48,2,0.0069204152249136,0.0,0.0074394463667821,0.0069204152249136,1.6479406555739957e-07,0.0062283737024222,4.943821966721988e-07,0.0058823529411764,2.2411992915806344e-05,0.005190311418685,2.9662931800331924e-06,0.0044982698961939,8.239703277869978e-06,0.0079584775086505,1.1535584589017972e-06,0.0083044982698963,1.614981842462516e-05,0.0086505190311418,1.3513113375706766e-05,0.0089965397923876,1.8127347211313956e-06,0.0093425605536332,5.932586360066385e-06,0,2,1,1,0
1316,0,14:15:51,2,0.0069204152249136,0.0,0.0074394463667821,0.0069204152249136,1.6479406555739957e-07,0.0062283737024222,1.1535584589017972e-06,0.0058823529411764,2.2411992915806344e-05,0.005190311418685,2.9662931800331924e-06,0.0044982698961939,8.239703277869978e-06,0.0079584775086505,1.1535584589017972e-06,0.0083044982698963,1.614981842462516e-05,0.0086505190311418,1.3513113375706766e-05,0.0089965397923876,1.8127347211313956e-06,0.0093425605536332,5.932586360066385e-06,1,1,1,1,1
1317,0,14:15:54,2,0.0069204152249136,0.0,0.0074394463667821,0.0069204152249136,1.6479406555739957e-07,0.0062283737024222,6.591762622295983e-07,0.0058823529411764,2.2411992915806344e-05,0.005190311418685,2.9662931800331924e-06,0.0044982698961939,8.239703277869978e-06,0.0079584775086505,1.1535584589017972e-06,0.0083044982698963,1.614981842462516e-05,0.0086505190311418,1.3513113375706766e-05,0.0089965397923876,1.8127347211313956e-06,0.0093425605536332,5.932586360066385e-06,1,1,1,1,1
1318,0,14:15:57,2,0.0069204152249136,2910.0,0.0065743944636678,0.0062283737024222,6.591762622295983e-07,0.0058823529411764,2.2411992915806344e-05,0.005190311418685,2.9662931800331924e-06,0.0044982698961939,8.239703277869978e-06,0.0041522491349481,1.3183525244591968e-05,0.0069204152249136,1.4831465900165962e-06,0.0079584775086505,1.1535584589017972e-06,0.0083044982698963,1.614981842462516e-05,0.0086505190311418,1.3513113375706766e-05,0.0089965397923876,1.8127347211313956e-06,2,2,1,2,1
1319,0,14:16:00,2,0.0069204152249136,8730.0,0.0065743944636678,0.0062283737024222,6.591762622295983e-07,0.0058823529411764,2.2411992915806344e-05,0.005190311418685,2.9662931800331924e-06,0.0044982698961939,8.239703277869978e-06,0.0041522491349481,1.3183525244591968e-05,0.0069204152249136,9.887643933443975e-07,0.0079584775086505,1.1535584589017972e-06,0.0083044982698963,1.614981842462516e-05,0.0086505190311418,1.3513113375706766e-05,0.0089965397923876,1.8127347211313956e-06,2,2,1,2,1
1320,0,14:16:03,2,0.0069204152249136,0.0,0.0067474048442905,0.0065743944636678,3.295881311147992e-07,0.0062283737024222,6.591762622295983e-07,0.0058823529411764,2.2411992915806344e-05,0.005190311418685,2.9662931800331924e-06,0.0044982698961939,8.239703277869978e-06,0.0069204152249136,9.887643933443975e-07,0.0079584775086505,1.1535584589017972e-06,0.0083044982698963,1.614981842462516e-05,0.0086505190311418,1.3513113375706766e-05,0.0089965397923876,1.8127347211313956e-06,2,2,1,2,1
1321,0,14:16:06,2,0.0069204152249136,17460.0,0.0072664359861591,0.0065743944636678,3.295881311147992e-07,0.0062283737024222,6.591762622295983e-07,0.0058823529411764,2.2411992915806344e-05,0.005190311418685,2.9662931800331924e-06,0.0044982698961939,8.239703277869978e-06,0.0079584775086505,1.1535584589017972e-06,0.0083044982698963,1.614981842462516e-05,0.0086505190311418,1.3513113375706766e-05,0.0089965397923876,1.8127347211313956e-06,0.0093425605536332,7.5805270156403806e-06,1,1,1,1,1
1322,0,14:16:09,2,0.0065743944636678,26210.0,0.0074394463667821,0.0065743944636678,1.6479406555739957e-07,0.0062283737024222,6.591762622295983e-07,0.0058823529411764,2.2411992915806344e-05,0.005190311418685,2.9662931800331924e-06,0.0044982698961939,8.239703277869978e-06,0.0083044982698963,1.614981842462516e-05,0.0086505190311418,1.3513113375706766e-05,0.0089965397923876,1.8127347211313956e-06,0.0093425605536332,7.5805270156403806e-06,0.009688581314879,1.4337083703493764e-05,1,1,1,1,1
1323,0,14:16:12,2,0.0083044982698963,285572.0,0.0077854671280277,0.0069204152249136,6.591762622295983e-07,0.0065743944636678,1.6479406555739957e-07,0.0062283737024222,6.591762622295983e-07,0.0058823529411764,2.405993357138034e-05,0.005190311418685,2.9662931800331924e-06,0.0086505190311418,1.3513113375706766e-05,0.0089965397923876,1.8127347211313956e-06,0.0093425605536332,7.5805270156403806e-06,0.009688581314879,1.4337083703493764e-05,0.0100346020761246,2.1917610719134143e-05,1,0,1,1,1
1324,0,14:16:15,2,0.0083044982698963,0.0,0.0083044982698963,0.0079584775086505,3.295881311147992e-07,0.0069204152249136,6.591762622295983e-07,0.0065743944636678,1.6479406555739957e-07,0.0062283737024222,6.591762622295983e-07,0.0058823529411764,2.405993357138034e-05,0.0086505190311418,1.3513113375706766e-05,0.0089965397923876,1.8127347211313956e-06,0.0093425605536332,7.5805270156403806e-06,0.009688581314879,1.4337083703493764e-05,0.0100346020761246,2.1917610719134143e-05,0,0,1,0,1
1325,0,14:16:18,2,0.0083044982698963,0.0,0.0083044982698963,0.0079584775086505,3.295881311147992e-07,0.0069204152249136,6.591762622295983e-07,0.0065743944636678,1.6479406555739957e-07,0.0062283737024222,2.3071169178035943e-06,0.0058823529411764,2.405993357138034e-05,0.0086505190311418,1.3348319310149366e-05,0.0089965397923876,1.8127347211313956e-06,0.0093425605536332,7.5805270156403806e-06,0.009688581314879,1.4337083703493764e-05,0.0100346020761246,2.1917610719134143e-05,0,0,1,0,1
1326,0,14:16:21,2,0.0079584775086505,5826.0,0.0074394463667821,0.0069204152249136,6.591762622295983e-07,0.0065743944636678,1.6479406555739957e-07,0.0062283737024222,2.3071169178035943e-06,0.0058823529411764,2.405993357138034e-05,0.005190311418685,2.9662931800331924e-06,0.0079584775086505,4.943821966721988e-07,0.0086505190311418,1.3348319310149366e-05,0.0089965397923876,1.8127347211313956e-06,0.0093425605536332,7.5805270156403806e-06,0.009688581314879,1.4337083703493764e-05,1,1,1,1,1
1327,0,14:16:24,2,0.0086505190311418,23314.0,0.0074394463667821,0.0069204152249136,6.591762622295983e-07,0.0065743944636678,1.6479406555739957e-07,0.0062283737024222,2.3071169178035943e-06,0.0058823529411764,2.405993357138034e-05,0.005190311418685,1.3183525244591966e-06,0.0079584775086505,1.6479406555739958e-06,0.0086505190311418,1.2524348982362367e-05,0.0089965397923876,1.8127347211313956e-06,0.0093425605536332,7.5805270156403806e-06,0.009688581314879,1.4337083703493764e-05,1,1,1,1,1
1328,0,14:16:27,2,0.0086505190311418,0.0,0.0074394463667821,0.0069204152249136,6.591762622295983e-07,0.0065743944636678,1.6479406555739957e-07,0.0062283737024222,2.3071169178035943e-06,0.0058823529411764,2.405993357138034e-05,0.005190311418685,1.3183525244591966e-06,0.0079584775086505,1.6479406555739958e-06,0.0086505190311418,1.2524348982362367e-05,0.0089965397923876,1.8127347211313956e-06,0.0093425605536332,7.5805270156403806e-06,0.009688581314879,1.4337083703493764e-05,1,1,1,1,1
1329,0,14:16:30,2,0.0086505190311418,0.0,0.0076124567474047,0.0072664359861591,8.239703277869979e-07,0.0069204152249136,6.591762622295983e-07,0.0065743944636678,1.6479406555739957e-07,0.0062283737024222,2.3071169178035943e-06,0.0058823529411764,2.405993357138034e-05,0.0079584775086505,1.6479406555739958e-06,0.0086505190311418,1.2524348982362367e-05,0.0089965397923876,1.8127347211313956e-06,0.0093425605536332,7.5805270156403806e-06,0.009688581314879,1.4337083703493764e-05,1,1,1,1,1
1330,0,14:16:33,2,0.0072664359861591,8733.0,0.0076124567474047,0.0072664359861591,3.295881311147992e-07,0.0069204152249136,6.591762622295983e-07,0.0065743944636678,1.6479406555739957e-07,0.0062283737024222,2.3071169178035943e-06,0.0058823529411764,2.405993357138034e-05,0.0079584775086505,1.6479406555739958e-06,0.0086505190311418,1.2524348982362367e-05,0.0089965397923876,1.8127347211313956e-06,0.0093425605536332,7.5805270156403806e-06,0.009688581314879,1.4337083703493764e-05,1,1,1,1,1
1331,0,14:16:36,2,0.0069204152249136,8732.0,0.0074394463667821,0.0069204152249136,4.943821966721988e-07,0.0065743944636678,1.6479406555739957e-07,0.0062283737024222,2.3071169178035943e-06,0.0058823529411764,8.239703277869978e-06,0.005190311418685,1.3183525244591966e-06,0.0079584775086505,1.6479406555739958e-06,0.0086505190311418,1.2524348982362367e-05,0.0089965397923876,1.8127347211313956e-06,0.0093425605536332,7.5805270156403806e-06,0.009688581314879,1.4337083703493764e-05,1,1,1,1,1
1332,0,14:16:39,2,0.0069204152249136,8730.0,0.0072664359861591,0.0065743944636678,1.6479406555739957e-07,0.0062283737024222,2.3071169178035943e-06,0.0058823529411764,3.625469442262791e-06,0.005190311418685,1.3183525244591966e-06,0.0044982698961939,8.239703277869978e-06,0.0079584775086505,1.6479406555739958e-06,0.0086505190311418,1.2524348982362367e-05,0.0089965397923876,1.8127347211313956e-06,0.0093425605536332,7.5805270156403806e-06,0.009688581314879,1.4337083703493764e-05,1,1,1,1,1
1333,0,14:16:42,2,0.0079584775086505,8739.0,0.0072664359861591,0.0065743944636678,1.6479406555739957e-07,0.0062283737024222,6.591762622295983e-07,0.0058823529411764,3.625469442262791e-06,0.005190311418685,1.3183525244591966e-06,0.0044982698961939,8.239703277869978e-06,0.0079584775086505,1.1535584589017972e-06,0.0086505190311418,1.2524348982362367e-05,0.0089965397923876,1.8127347211313956e-06,0.0093425605536332,7.5805270156403806e-06,0.009688581314879,1.4337083703493764e-05,1,1,1,1,1
1334,0,14:16:45,2,0.0079584775086505,0.0,0.0072664359861591,0.0065743944636678,1.6479406555739957e-07,0.0062283737024222,6.591762622295983e-07,0.0058823529411764,3.625469442262791e-06,0.005190311418685,1.3183525244591966e-06,0.0044982698961939,8.239703277869978e-06,0.0079584775086505,1.1535584589017972e-06,0.0086505190311418,1.2689143047919769e-05,0.0089965397923876,1.8127347211313956e-06,0.0093425605536332,7.5805270156403806e-06,0.009688581314879,1.4337083703493764e-05,1,1,1,1,1
1335,0,14:16:48,2,0.0079584775086505,0.0,0.0072664359861591,0.0065743944636678,1.6479406555739957e-07,0.0062283737024222,6.591762622295983e-07,0.0058823529411764,3.625469442262791e-06,0.005190311418685,1.3183525244591966e-06,0.0044982698961939,8.239703277869978e-06,0.0079584775086505,1.1535584589017972e-06,0.0086505190311418,2.9168549603659725e-05,0.0089965397923876,1.8127347211313956e-06,0.0093425605536332,7.5805270156403806e-06,0.009688581314879,1.4337083703493764e-05,1,1,1,1,1
1336,0,14:16:51,2,0.0079584775086505,0.0,0.0072664359861591,0.0065743944636678,1.6479406555739957e-07,0.0062283737024222,6.591762622295983e-07,0.0058823529411764,3.625469442262791e-06,0.005190311418685,1.3183525244591966e-06,0.0044982698961939,8.239703277869978e-06,0.0079584775086505,1.1535584589017972e-06,0.0086505190311418,2.9168549603659725e-05,0.0089965397923876,1.8127347211313956e-06,0.0093425605536332,7.5805270156403806e-06,0.009688581314879,1.598502435906776e-05,1,1,1,1,1
1337,0,14:16:54,2,0.0079584775086505,0.0,0.0072664359861591,0.0065743944636678,1.6479406555739957e-07,0.0062283737024222,6.591762622295983e-07,0.0058823529411764,3.625469442262791e-06,0.005190311418685,1.3183525244591966e-06,0.0044982698961939,8.239703277869978e-06,0.0079584775086505,1.1535584589017972e-06,0.0086505190311418,2.9168549603659725e-05,0.0089965397923876,1.8127347211313956e-06,0.0093425605536332,5.438204163394186e-06,0.009688581314879,1.598502435906776e-05,1,1,1,1,1
1338,0,14:16:57,2,0.0079584775086505,2913.0,0.0072664359861591,0.0065743944636678,1.6479406555739957e-07,0.0062283737024222,6.591762622295983e-07,0.0058823529411764,3.625469442262791e-06,0.005190311418685,1.3183525244591966e-06,0.0044982698961939,8.239703277869978e-06,0.0079584775086505,9.887643933443975e-07,0.0086505190311418,2.9003755538102327e-05,0.0089965397923876,1.8127347211313956e-06,0.0093425605536332,5.438204163394186e-06,0.009688581314879,1.6479406555739956e-05,1,1,1,1,1
1339,0,14:17:00,2,0.0079584775086505,0.0,0.0072664359861591,0.0065743944636678,1.6479406555739957e-07,0.0062283737024222,6.591762622295983e-07,0.0058823529411764,3.625469442262791e-06,0.005190311418685,1.3183525244591966e-06,0.0044982698961939,8.239703277869978e-06,0.0079584775086505,9.887643933443975e-07,0.0086505190311418,2.9003755538102327e-05,0.0089965397923876,1.8127347211313956e-06,0.0093425605536332,5.438204163394186e-06,0.009688581314879,1.6479406555739956e-05,1,1,1,1,1
1340,0,14:17:03,2,0.0079584775086505,0.0,0.0072664359861591,0.0065743944636678,1.6479406555739957e-07,0.0062283737024222,8.239703277869979e-07,0.0058823529411764,3.625469442262791e-06,0.005190311418685,1.3183525244591966e-06,0.0044982698961939,8.239703277869978e-06,0.0079584775086505,9.887643933443975e-07,0.0086505190311418,2.9003755538102327e-05,0.0089965397923876,1.8127347211313956e-06,0.0093425605536332,5.438204163394186e-06,0.009688581314879,1.6479406555739956e-05,1,1,1,1,1
1341,0,14:17:06,2,0.0079584775086505,0.0,0.0072664359861591,0.0065743944636678,1.6479406555739957e-07,0.0062283737024222,8.239703277869979e-07,0.0058823529411764,3.625469442262791e-06,0.005190311418685,1.3183525244591966e-06,0.0044982698961939,8.239703277869978e-06,0.0079584775086505,9.887643933443975e-07,0.0086505190311418,2.9003755538102327e-05,0.0089965397923876,1.8127347211313956e-06,0.0093425605536332,5.438204163394186e-06,0.009688581314879,1.6479406555739956e-05,1,1,1,1,1
1342,0,14:17:09,2,0.0079584775086505,0.0,0.0074394463667821,0.0069204152249136,2.9662931800331924e-06,0.0065743944636678,1.6479406555739957e-07,0.0062283737024222,8.239703277869979e-07,0.0058823529411764,3.625469442262791e-06,0.005190311418685,1.3183525244591966e-06,0.0079584775086505,9.887643933443975e-07,0.0086505190311418,2.9003755538102327e-05,0.0089965397923876,1.8127347211313956e-06,0.0093425605536332,5.438204163394186e-06,0.009688581314879,1.6479406555739956e-05,1,1,1,1,1
1343,0,14:17:12,2,0.0069204152249136,8730.0,0.0074394463667821,0.0069204152249136,2.4719109833609937e-06,0.0065743944636678,1.6479406555739957e-07,0.0062283737024222,8.239703277869979e-07,0.0058823529411764,3.625469442262791e-06,0.005190311418685,1.3183525244591966e-06,0.0079584775086505,9.887643933443975e-07,0.0086505190311418,2.9003755538102327e-05,0.0089965397923876,1.8127347211313956e-06,0.0093425605536332,5.438204163394186e-06,0.009688581314879,1.6479406555739956e-05,1,2,1,1,1
1344,0,14:17:15,2,0.0069204152249136,0.0,0.0074394463667821,0.0069204152249136,2.4719109833609937e-06,0.0065743944636678,1.6479406555739957e-07,0.0062283737024222,8.239703277869979e-07,0.0058823529411764,3.625469442262791e-06,0.005190311418685,1.3183525244591966e-06,0.0079584775086505,9.887643933443975e-07,0.0086505190311418,2.9003755538102327e-05,0.0089965397923876,1.8127347211313956e-06,0.0093425605536332,5.438204163394186e-06,0.009688581314879,1.6479406555739956e-05,1,0,1,1,1
1345,0,14:17:18,2,0.0069204152249136,8730.0,0.0074394463667821,0.0069204152249136,1.977528786688795e-06,0.0065743944636678,1.6479406555739957e-07,0.0062283737024222,8.239703277869979e-07,0.0058823529411764,3.625469442262791e-06,0.005190311418685,1.3183525244591966e-06,0.0079584775086505,9.887643933443975e-07,0.0086505190311418,2.9003755538102327e-05,0.0089965397923876,1.8127347211313956e-06,0.0093425605536332,5.438204163394186e-06,0.009688581314879,1.6479406555739956e-05,1,1,1,1,1
1346,0,14:17:21,2,0.0069204152249136,0.0,0.0074394463667821,0.0069204152249136,1.977528786688795e-06,0.0065743944636678,1.6479406555739957e-07,0.0062283737024222,8.239703277869979e-07,0.0058823529411764,3.625469442262791e-06,0.005190311418685,1.3183525244591966e-06,0.0079584775086505,9.887643933443975e-07,0.0086505190311418,2.9003755538102327e-05,0.0089965397923876,1.8127347211313956e-06,0.0093425605536332,5.438204163394186e-06,0.009688581314879,1.6479406555739956e-05,1,1,1,1,1
1347,0,14:17:24,2,0.0069204152249136,0.0,0.0074394463667821,0.0069204152249136,1.977528786688795e-06,0.0065743944636678,1.6479406555739957e-07,0.0062283737024222,8.239703277869979e-07,0.0058823529411764,3.625469442262791e-06,0.005190311418685,1.3183525244591966e-06,0.0079584775086505,9.887643933443975e-07,0.0086505190311418,2.719102081697093e-05,0.0089965397923876,1.8127347211313956e-06,0.0093425605536332,5.438204163394186e-06,0.009688581314879,1.6479406555739956e-05,1,1,1,1,1
1348,0,14:17:27,2,0.0069204152249136,0.0,0.0074394463667821,0.0069204152249136,1.977528786688795e-06,0.0065743944636678,1.6479406555739957e-07,0.0062283737024222,8.239703277869979e-07,0.0058823529411764,3.625469442262791e-06,0.005190311418685,1.3183525244591966e-06,0.0079584775086505,9.887643933443975e-07,0.0086505190311418,2.719102081697093e-05,0.0089965397923876,1.8127347211313956e-06,0.0093425605536332,5.438204163394186e-06,0.009688581314879,1.598502435906776e-05,2,2,1,1,1
1349,0,14:17:30,2,0.0079584775086505,14565.0,0.0074394463667821,0.0069204152249136,1.977528786688795e-06,0.0065743944636678,1.6479406555739957e-07,0.0062283737024222,8.239703277869979e-07,0.0058823529411764,3.625469442262791e-06,0.005190311418685,1.3183525244591966e-06,0.0079584775086505,1.6479406555739957e-07,0.0083044982698963,4.943821966721988e-07,0.0086505190311418,2.719102081697093e-05,0.0089965397923876,1.8127347211313956e-06,0.0093425605536332,5.438204163394186e-06,0,2,1,1,1
1350,0,14:17:33,2,0.0079584775086505,0.0,0.0074394463667821,0.0069204152249136,1.977528786688795e-06,0.0065743944636678,1.6479406555739957e-07,0.0062283737024222,8.239703277869979e-07,0.0058823529411764,3.625469442262791e-06,0.005190311418685,1.3183525244591966e-06,0.0079584775086505,1.6479406555739957e-07,0.0083044982698963,4.943821966721988e-07,0.0086505190311418,2.719102081697093e-05,0.0089965397923876,1.8127347211313956e-06,0.0093425605536332,5.438204163394186e-06,1,2,1,1,1
1351,0,14:17:36,2,0.0079584775086505,0.0,0.0074394463667821,0.0069204152249136,1.977528786688795e-06,0.0065743944636678,1.6479406555739957e-07,0.0062283737024222,8.239703277869979e-07,0.0058823529411764,3.625469442262791e-06,0.005190311418685,1.3183525244591966e-06,0.0079584775086505,3.295881311147992e-07,0.0083044982698963,4.943821966721988e-07,0.0086505190311418,2.719102081697093e-05,0.0089965397923876,1.8127347211313956e-06,0.0093425605536332,5.438204163394186e-06,1,2,1,1,1
1352,0,14:17:39,2,0.0079584775086505,0.0,0.0074394463667821,0.0069204152249136,1.977528786688795e-06,0.0065743944636678,1.6479406555739957e-07,0.0062283737024222,8.239703277869979e-07,0.0058823529411764,3.625469442262791e-06,0.005190311418685,1.3183525244591966e-06,0.0079584775086505,8.239703277869979e-07,0.0083044982698963,4.943821966721988e-07,0.0086505190311418,2.719102081697093e-05,0.0089965397923876,1.6479406555739957e-07,0.0093425605536332,5.438204163394186e-06,1,1,1,1,1
1353,0,14:17:42,2,0.0079584775086505,23295.0,0.0081314878892733,0.0079584775086505,8.239703277869979e-07,0.0069204152249136,1.4831465900165962e-06,0.0065743944636678,1.6479406555739957e-07,0.0062283737024222,8.239703277869979e-07,0.0058823529411764,3.625469442262791e-06,0.0083044982698963,4.943821966721988e-07,0.0086505190311418,2.719102081697093e-05,0.0089965397923876,1.6479406555739957e-07,0.0093425605536332,5.438204163394186e-06,0.009688581314879,1.598502435906776e-05,1,0,0,1,1
1354,0,14:17:45,2,0.0069204152249136,46583.0,0.0067474048442905,0.0065743944636678,1.6479406555739957e-07,0.0062283737024222,8.239703277869979e-07,0.0058823529411764,3.625469442262791e-06,0.005190311418685,1.3183525244591966e-06,0.0048442906574395,1.4831465900165962e-06,0.0069204152249136,1.6479406555739957e-07,0.0083044982698963,1.6479406555739957e-07,0.0086505190311418,2.719102081697093e-05,0.0089965397923876,1.6479406555739957e-07,0.0093425605536332,5.438204163394186e-06,2,2,1,2,2
1355,0,14:17:48,2,0.0079584775086505,5823.0,0.0072664359861591,0.0065743944636678,1.6479406555739957e-07,0.0062283737024222,8.239703277869979e-07,0.0058823529411764,3.625469442262791e-06,0.005190311418685,1.3183525244591966e-06,0.0048442906574395,1.4831465900165962e-06,0.0079584775086505,1.8127347211313956e-06,0.0083044982698963,1.6479406555739957e-07,0.0086505190311418,2.719102081697093e-05,0.0089965397923876,1.6479406555739957e-07,0.0093425605536332,5.438204163394186e-06,2,1,1,1,1
1356,0,14:17:51,2,0.0079584775086505,0.0,0.0072664359861591,0.0065743944636678,1.6479406555739957e-07,0.0062283737024222,8.239703277869979e-07,0.0058823529411764,3.625469442262791e-06,0.005190311418685,1.3183525244591966e-06,0.0048442906574395,1.4831465900165962e-06,0.0079584775086505,1.8127347211313956e-06,0.0083044982698963,1.6479406555739957e-07,0.0086505190311418,1.0711614261230972e-05,0.0089965397923876,1.6479406555739957e-07,0.0093425605536332,5.438204163394186e-06,2,1,1,1,1
1357,0,14:17:54,2,0.0079584775086505,0.0,0.0074394463667821,0.0065743944636678,1.6479406555739957e-07,0.0062283737024222,8.239703277869979e-07,0.0058823529411764,3.625469442262791e-06,0.005190311418685,1.3183525244591966e-06,0.0048442906574395,1.4831465900165962e-06,0.0083044982698963,1.6479406555739957e-07,0.0086505190311418,1.0711614261230972e-05,0.0089965397923876,1.6479406555739957e-07,0.0093425605536332,5.438204163394186e-06,0.009688581314879,1.598502435906776e-05,1,1,1,1,1
1358,0,14:17:57,2,0.0079584775086505,0.0,0.0081314878892733,0.0079584775086505,1.1535584589017972e-06,0.0065743944636678,1.6479406555739957e-07,0.0062283737024222,8.239703277869979e-07,0.0058823529411764,3.625469442262791e-06,0.005190311418685,1.3183525244591966e-06,0.0083044982698963,1.6479406555739957e-07,0.0086505190311418,1.0711614261230972e-05,0.0089965397923876,1.6479406555739957e-07,0.0093425605536332,5.438204163394186e-06,0.009688581314879,1.598502435906776e-05,0,0,1,0,1
1359,0,14:18:00,2,0.0079584775086505,0.0,0.0081314878892733,0.0079584775086505,1.1535584589017972e-06,0.0065743944636678,1.6479406555739957e-07,0.0062283737024222,8.239703277869979e-07,0.0058823529411764,3.625469442262791e-06,0.005190311418685,1.3183525244591966e-06,0.0083044982698963,1.6479406555739957e-07,0.0086505190311418,1.0711614261230972e-05,0.0089965397923876,1.6479406555739957e-07,0.0093425605536332,5.438204163394186e-06,0.009688581314879,1.598502435906776e-05,0,0,1,0,1
1360,0,14:18:03,2,0.0079584775086505,0.0,0.0081314878892733,0.0079584775086505,1.1535584589017972e-06,0.0065743944636678,1.6479406555739957e-07,0.0062283737024222,8.239703277869979e-07,0.0058823529411764,3.625469442262791e-06,0.005190311418685,1.3183525244591966e-06,0.0083044982698963,1.6479406555739957e-07,0.0086505190311418,1.0711614261230972e-05,0.0089965397923876,1.6479406555739957e-07,0.0093425605536332,5.438204163394186e-06,0.009688581314879,1.598502435906776e-05,0,0,1,0,1
1361,0,14:18:06,2,0.0079584775086505,0.0,0.0081314878892733,0.0079584775086505,1.1535584589017972e-06,0.0065743944636678,1.6479406555739957e-07,0.0062283737024222,9.887643933443975e-07,0.0058823529411764,3.625469442262791e-06,0.005190311418685,2.3071169178035943e-06,0.0083044982698963,1.6479406555739957e-07,0.0086505190311418,1.0711614261230972e-05,0.0089965397923876,1.6479406555739957e-07,0.0093425605536332,5.438204163394186e-06,0.009688581314879,1.598502435906776e-05,0,0,1,0,1
1362,0,14:18:09,2,0.0079584775086505,29130.0,0.0072664359861591,0.0065743944636678,1.6479406555739957e-07,0.0062283737024222,9.887643933443975e-07,0.0058823529411764,3.625469442262791e-06,0.005190311418685,2.3071169178035943e-06,0.0048442906574395,1.4831465900165962e-06,0.0079584775086505,3.295881311147992e-07,0.0083044982698963,1.6479406555739957e-07,0.0086505190311418,1.0711614261230972e-05,0.0089965397923876,1.6479406555739957e-07,0.0093425605536332,5.438204163394186e-06,1,1,1,1,1
1363,0,14:18:12,2,0.0079584775086505,0.0,0.0072664359861591,0.0065743944636678,1.6479406555739957e-07,0.0062283737024222,9.887643933443975e-07,0.0058823529411764,3.625469442262791e-06,0.005190311418685,2.3071169178035943e-06,0.0048442906574395,1.4831465900165962e-06,0.0079584775086505,6.591762622295983e-07,0.0083044982698963,3.295881311147992e-07,0.0086505190311418,1.0711614261230972e-05,0.0089965397923876,1.6479406555739957e-07,0.0093425605536332,5.438204163394186e-06,1,0,1,1,1
1364,0,14:18:15,2,0.0079584775086505,0.0,0.0072664359861591,0.0065743944636678,1.6479406555739957e-07,0.0062283737024222,9.887643933443975e-07,0.0058823529411764,3.625469442262791e-06,0.005190311418685,2.3071169178035943e-06,0.0048442906574395,1.4831465900165962e-06,0.0079584775086505,6.591762622295983e-07,0.0083044982698963,3.295881311147992e-07,0.0086505190311418,1.0711614261230972e-05,0.0089965397923876,1.6479406555739957e-07,0.0093425605536332,5.438204163394186e-06,1,0,1,1,1
1365,0,14:18:18,2,0.0079584775086505,0.0,0.0072664359861591,0.0065743944636678,1.6479406555739957e-07,0.0062283737024222,9.887643933443975e-07,0.0058823529411764,3.625469442262791e-06,0.005190311418685,2.3071169178035943e-06,0.0048442906574395,1.4831465900165962e-06,0.0079584775086505,4.943821966721988e-07,0.0083044982698963,3.295881311147992e-07,0.0086505190311418,1.0711614261230972e-05,0.0089965397923876,1.6479406555739957e-07,0.0093425605536332,5.438204163394186e-06,1,0,1,1,1
1366,0,14:18:21,2,0.0079584775086505,8731.0,0.0072664359861591,0.0062283737024222,9.887643933443975e-07,0.0058823529411764,3.625469442262791e-06,0.005190311418685,2.3071169178035943e-06,0.0048442906574395,1.4831465900165962e-06,0.0044982698961939,7.415732950082981e-06,0.0083044982698963,3.295881311147992e-07,0.0086505190311418,1.0711614261230972e-05,0.0089965397923876,1.6479406555739957e-07,0.0093425605536332,5.438204163394186e-06,0.009688581314879,1.6973788752412158e-05,1,1,1,1,1
1367,0,14:18:24,2,0.0079584775086505,0.0,0.0072664359861591,0.0062283737024222,9.887643933443975e-07,0.0058823529411764,3.625469442262791e-06,0.005190311418685,2.3071169178035943e-06,0.0048442906574395,1.4831465900165962e-06,0.0044982698961939,7.415732950082981e-06,0.0083044982698963,3.295881311147992e-07,0.0086505190311418,1.0711614261230972e-05,0.0089965397923876,1.6479406555739957e-07,0.0093425605536332,5.438204163394186e-06,0.009688581314879,1.6973788752412158e-05,1,1,1,1,1
1368,0,14:18:27,2,0.0062283737024222,2908.0,0.0072664359861591,0.0062283737024222,8.239703277869979e-07,0.0058823529411764,3.625469442262791e-06,0.005190311418685,2.3071169178035943e-06,0.0048442906574395,4.943821966721988e-07,0.0044982698961939,7.415732950082981e-06,0.0083044982698963,3.295881311147992e-07,0.0086505190311418,1.0711614261230972e-05,0.0089965397923876,1.6479406555739957e-07,0.0093425605536332,5.438204163394186e-06,0.009688581314879,1.6973788752412158e-05,0,1,1,1,1
1369,0,14:18:30,2,0.0062283737024222,0.0,0.0072664359861591,0.0062283737024222,8.239703277869979e-07,0.0058823529411764,3.625469442262791e-06,0.005190311418685,2.3071169178035943e-06,0.0048442906574395,4.943821966721988e-07,0.0044982698961939,7.415732950082981e-06,0.0083044982698963,3.295881311147992e-07,0.0086505190311418,1.0711614261230972e-05,0.0089965397923876,1.6479406555739957e-07,0.0093425605536332,5.438204163394186e-06,0.009688581314879,1.6973788752412158e-05,0,1,1,1,1
1370,0,14:18:33,2,0.0062283737024222,0.0,0.0072664359861591,0.0062283737024222,2.4719109833609937e-06,0.0058823529411764,3.625469442262791e-06,0.005190311418685,2.3071169178035943e-06,0.0048442906574395,4.943821966721988e-07,0.0044982698961939,7.415732950082981e-06,0.0083044982698963,3.295881311147992e-07,0.0086505190311418,1.0711614261230972e-05,0.0089965397923876,1.6479406555739957e-07,0.0093425605536332,5.438204163394186e-06,0.009688581314879,1.6973788752412158e-05,0,1,1,1,1
1371,0,14:18:36,2,0.0065743944636678,2909.0,0.0074394463667821,0.0065743944636678,1.6479406555739957e-07,0.0062283737024222,2.4719109833609937e-06,0.0058823529411764,3.625469442262791e-06,0.005190311418685,2.3071169178035943e-06,0.0048442906574395,4.943821966721988e-07,0.0083044982698963,3.295881311147992e-07,0.0086505190311418,1.0711614261230972e-05,0.0089965397923876,1.6479406555739957e-07,0.0093425605536332,5.438204163394186e-06,0.009688581314879,1.6973788752412158e-05,1,1,1,1,1
1372,0,14:18:39,2,0.0065743944636678,0.0,0.0074394463667821,0.0065743944636678,1.6479406555739957e-07,0.0062283737024222,2.4719109833609937e-06,0.0058823529411764,3.625469442262791e-06,0.005190311418685,2.3071169178035943e-06,0.0048442906574395,4.943821966721988e-07,0.0083044982698963,3.295881311147992e-07,0.0086505190311418,1.0711614261230972e-05,0.0089965397923876,1.6479406555739957e-07,0.0093425605536332,5.438204163394186e-06,0.009688581314879,1.6973788752412158e-05,1,1,1,1,1
1373,0,14:18:42,2,0.0062283737024222,17449.0,0.006401384083045,0.0062283737024222,2.4719109833609937e-06,0.0058823529411764,3.625469442262791e-06,0.005190311418685,2.3071169178035943e-06,0.0048442906574395,4.943821966721988e-07,0.0044982698961939,7.415732950082981e-06,0.0065743944636678,3.295881311147992e-07,0.0083044982698963,3.295881311147992e-07,0.0086505190311418,1.0711614261230972e-05,0.0089965397923876,1.6479406555739957e-07,0.0093425605536332,5.438204163394186e-06,2,2,2,2,2
1374,0,14:18:45,2,0.0062283737024222,0.0,0.006401384083045,0.0062283737024222,2.4719109833609937e-06,0.0058823529411764,3.625469442262791e-06,0.005190311418685,2.3071169178035943e-06,0.0048442906574395,4.943821966721988e-07,0.0044982698961939,7.415732950082981e-06,0.0065743944636678,3.295881311147992e-07,0.0083044982698963,3.295881311147992e-07,0.0086505190311418,1.0711614261230972e-05,0.0089965397923876,1.6479406555739957e-07,0.0093425605536332,5.438204163394186e-06,2,2,2,2,2
1375,0,14:18:48,2,0.0062283737024222,2908.0,0.006401384083045,0.0062283737024222,2.3071169178035943e-06,0.0058823529411764,3.625469442262791e-06,0.005190311418685,2.3071169178035943e-06,0.0048442906574395,4.943821966721988e-07,0.0044982698961939,7.415732950082981e-06,0.0065743944636678,3.295881311147992e-07,0.0083044982698963,1.3183525244591966e-06,0.0086505190311418,1.0711614261230972e-05,0.0089965397923876,1.6479406555739957e-07,0.0093425605536332,5.438204163394186e-06,2,2,1,2,2
1376,0,14:18:51,2,0.0065743944636678,5818.0,0.0074394463667821,0.0065743944636678,4.943821966721988e-07,0.0062283737024222,2.3071169178035943e-06,0.0058823529411764,3.625469442262791e-06,0.005190311418685,2.3071169178035943e-06,0.0048442906574395,4.943821966721988e-07,0.0083044982698963,1.3183525244591966e-06,0.0086505190311418,1.0711614261230972e-05,0.0089965397923876,1.6479406555739957e-07,0.0093425605536332,5.438204163394186e-06,0.009688581314879,1.6973788752412158e-05,1,1,1,1,2
1377,0,14:18:54,2,0.0065743944636678,0.0,0.0074394463667821,0.0065743944636678,6.591762622295983e-07,0.0062283737024222,1.4831465900165962e-06,0.0058823529411764,3.625469442262791e-06,0.005190311418685,2.3071169178035943e-06,0.0048442906574395,4.943821966721988e-07,0.0083044982698963,1.3183525244591966e-06,0.0086505190311418,1.0711614261230972e-05,0.0089965397923876,1.6479406555739957e-07,0.0093425605536332,5.438204163394186e-06,0.009688581314879,1.6973788752412158e-05,1,1,1,1,2
1378,0,14:18:57,2,0.0065743944636678,2909.0,0.0074394463667821,0.0065743944636678,4.943821966721988e-07,0.0062283737024222,1.4831465900165962e-06,0.0058823529411764,3.625469442262791e-06,0.005190311418685,2.3071169178035943e-06,0.0048442906574395,4.943821966721988e-07,0.0083044982698963,1.3183525244591966e-06,0.0086505190311418,1.0711614261230972e-05,0.0089965397923876,1.6479406555739957e-07,0.0093425605536332,5.438204163394186e-06,0.009688581314879,1.6973788752412158e-05,1,1,1,1,2
1379,0,14:19:00,2,0.0065743944636678,0.0,0.0074394463667821,0.0065743944636678,4.943821966721988e-07,0.0062283737024222,2.4719109833609937e-06,0.0058823529411764,3.625469442262791e-06,0.005190311418685,2.3071169178035943e-06,0.0048442906574395,4.943821966721988e-07,0.0083044982698963,1.3183525244591966e-06,0.0086505190311418,1.0711614261230972e-05,0.0089965397923876,1.6644200621297358e-05,0.0093425605536332,5.438204163394186e-06,0.009688581314879,1.6973788752412158e-05,1,1,1,1,2
1380,0,14:19:03,2,0.0065743944636678,0.0,0.0074394463667821,0.0065743944636678,4.943821966721988e-07,0.0062283737024222,2.4719109833609937e-06,0.0058823529411764,8.07490921231258e-06,0.005190311418685,3.131087245590592e-06,0.0048442906574395,4.943821966721988e-07,0.0083044982698963,1.3183525244591966e-06,0.0086505190311418,1.0711614261230972e-05,0.0089965397923876,1.6644200621297358e-05,0.0093425605536332,5.438204163394186e-06,0.009688581314879,1.6973788752412158e-05,1,1,1,1,2
1381,0,14:19:06,2,0.0065743944636678,0.0,0.0076124567474049,0.0069204152249136,8.239703277869979e-07,0.0065743944636678,4.943821966721988e-07,0.0062283737024222,2.4719109833609937e-06,0.0058823529411764,8.07490921231258e-06,0.005190311418685,3.131087245590592e-06,0.0083044982698963,3.295881311147992e-06,0.0086505190311418,1.0711614261230972e-05,0.0089965397923876,1.6644200621297358e-05,0.0093425605536332,5.438204163394186e-06,0.009688581314879,1.6973788752412158e-05,1,1,1,1,1
1382,0,14:19:09,2,0.0069204152249136,2910.0,0.0076124567474049,0.0069204152249136,6.591762622295983e-07,0.0065743944636678,4.943821966721988e-07,0.0062283737024222,2.4719109833609937e-06,0.0058823529411764,8.07490921231258e-06,0.005190311418685,3.131087245590592e-06,0.0083044982698963,3.295881311147992e-06,0.0086505190311418,1.0711614261230972e-05,0.0089965397923876,1.6644200621297358e-05,0.0093425605536332,5.438204163394186e-06,0.009688581314879,1.6973788752412158e-05,1,1,1,1,2
1383,0,14:19:12,2,0.0069204152249136,8730.0,0.0076124567474049,0.0069204152249136,9.887643933443975e-07,0.0065743944636678,4.943821966721988e-07,0.0062283737024222,2.4719109833609937e-06,0.0058823529411764,8.07490921231258e-06,0.005190311418685,3.131087245590592e-06,0.0083044982698963,4.9438219667219874e-06,0.0086505190311418,1.0876408326788372e-05,0.0089965397923876,1.6644200621297358e-05,0.0093425605536332,5.438204163394186e-06,0.009688581314879,1.6973788752412158e-05,1,1,1,1,2
1384,0,14:19:15,2,0.0083044982698963,23312.0,0.0076124567474049,0.0069204152249136,9.887643933443975e-07,0.0065743944636678,4.943821966721988e-07,0.0062283737024222,1.4831465900165962e-06,0.0058823529411764,8.07490921231258e-06,0.005190311418685,3.131087245590592e-06,0.0083044982698963,3.625469442262791e-06,0.0086505190311418,1.0876408326788372e-05,0.0089965397923876,1.6644200621297358e-05,0.0093425605536332,5.438204163394186e-06,0.009688581314879,1.7632965014641754e-05,1,1,1,1,2
1385,0,14:19:18,2,0.0083044982698963,0.0,0.0077854671280277,0.0072664359861591,3.295881311147992e-07,0.0069204152249136,9.887643933443975e-07,0.0065743944636678,4.943821966721988e-07,0.0062283737024222,1.4831465900165962e-06,0.0058823529411764,8.07490921231258e-06,0.0083044982698963,3.625469442262791e-06,0.0086505190311418,1.0876408326788372e-05,0.0089965397923876,1.6644200621297358e-05,0.0093425605536332,5.438204163394186e-06,0.009688581314879,1.7632965014641754e-05,1,0,1,1,1
1386,0,14:19:21,2,0.0083044982698963,0.0,0.0077854671280277,0.0072664359861591,4.943821966721988e-07,0.0069204152249136,1.1535584589017972e-06,0.0065743944636678,4.943821966721988e-07,0.0062283737024222,1.4831465900165962e-06,0.0058823529411764,8.07490921231258e-06,0.0083044982698963,3.7902635078201903e-06,0.0086505190311418,1.0876408326788372e-05,0.0089965397923876,1.6644200621297358e-05,0.0093425605536332,5.438204163394186e-06,0.009688581314879,1.7632965014641754e-05,1,0,1,1,2
1387,0,14:19:24,2,0.0072664359861591,2911.0,0.0077854671280277,0.0072664359861591,3.295881311147992e-07,0.0069204152249136,1.1535584589017972e-06,0.0065743944636678,4.943821966721988e-07,0.0062283737024222,1.4831465900165962e-06,0.0058823529411764,8.07490921231258e-06,0.0083044982698963,3.7902635078201903e-06,0.0086505190311418,1.0876408326788372e-05,0.0089965397923876,1.6644200621297358e-05,0.0093425605536332,5.438204163394186e-06,0.009688581314879,1.7632965014641754e-05,1,0,1,1,2
1388,0,14:19:27,2,0.0072664359861591,0.0,0.0077854671280277,0.0072664359861591,1.3183525244591966e-06,0.0069204152249136,1.1535584589017972e-06,0.0065743944636678,4.943821966721988e-07,0.0062283737024222,1.4831465900165962e-06,0.0058823529411764,8.07490921231258e-06,0.0083044982698963,3.7902635078201903e-06,0.0086505190311418,1.0876408326788372e-05,0.0089965397923876,1.6644200621297358e-05,0.0093425605536332,5.438204163394186e-06,0.009688581314879,1.8456935342428754e-05,1,0,1,1,2
1389,0,14:19:30,2,0.0072664359861591,0.0,0.0077854671280277,0.0072664359861591,1.3183525244591966e-06,0.0069204152249136,1.1535584589017972e-06,0.0065743944636678,4.943821966721988e-07,0.0062283737024222,8.404497343427378e-06,0.0058823529411764,8.07490921231258e-06,0.0083044982698963,3.7902635078201903e-06,0.0086505190311418,1.0876408326788372e-05,0.0089965397923876,1.6644200621297358e-05,0.0093425605536332,5.438204163394186e-06,0.009688581314879,1.8456935342428754e-05,1,0,1,1,2
1390,0,14:19:33,2,0.0072664359861591,8733.0,0.0077854671280277,0.0072664359861591,8.239703277869979e-07,0.0069204152249136,1.1535584589017972e-06,0.0065743944636678,4.943821966721988e-07,0.0062283737024222,8.404497343427378e-06,0.0058823529411764,9.887643933443977e-06,0.0083044982698963,3.7902635078201903e-06,0.0086505190311418,1.0876408326788372e-05,0.0089965397923876,1.6644200621297358e-05,0.0093425605536332,5.438204163394186e-06,0.009688581314879,1.8456935342428754e-05,0,0,1,1,2
1391,0,14:19:36,2,0.0072664359861591,0.0,0.0077854671280277,0.0072664359861591,8.239703277869979e-07,0.0069204152249136,1.1535584589017972e-06,0.0065743944636678,4.943821966721988e-07,0.0062283737024222,8.404497343427378e-06,0.0058823529411764,9.887643933443977e-06,0.0083044982698963,3.7902635078201903e-06,0.0086505190311418,1.0876408326788372e-05,0.0089965397923876,1.6644200621297358e-05,0.0093425605536332,5.438204163394186e-06,0.009688581314879,1.8456935342428754e-05,0,0,1,1,2
1392,0,14:19:39,2,0.0083044982698963,8742.0,0.0077854671280277,0.0072664359861591,8.239703277869979e-07,0.0069204152249136,1.1535584589017972e-06,0.0065743944636678,4.943821966721988e-07,0.0062283737024222,8.404497343427378e-06,0.0058823529411764,5.438204163394186e-06,0.0083044982698963,3.295881311147992e-06,0.0086505190311418,1.0876408326788372e-05,0.0089965397923876,1.6644200621297358e-05,0.0093425605536332,5.438204163394186e-06,0.009688581314879,1.8456935342428754e-05,0,0,1,1,2
1393,0,14:19:42,2,0.0072664359861591,8733.0,0.0077854671280277,0.0072664359861591,3.295881311147992e-07,0.0069204152249136,9.887643933443975e-07,0.0065743944636678,4.943821966721988e-07,0.0062283737024222,8.404497343427378e-06,0.0058823529411764,5.438204163394186e-06,0.0083044982698963,3.295881311147992e-06,0.0086505190311418,1.0876408326788372e-05,0.0089965397923876,1.6479406555739957e-07,0.0093425605536332,5.438204163394186e-06,0.009688581314879,1.8456935342428754e-05,0,0,1,1,2
1394,0,14:19:45,2,0.0072664359861591,2911.0,0.0077854671280277,0.0072664359861591,1.6479406555739957e-07,0.0069204152249136,9.887643933443975e-07,0.0065743944636678,4.943821966721988e-07,0.0062283737024222,8.404497343427378e-06,0.0058823529411764,5.438204163394186e-06,0.0083044982698963,3.295881311147992e-06,0.0086505190311418,1.0876408326788372e-05,0.0089965397923876,1.6479406555739957e-07,0.0093425605536332,5.438204163394186e-06,0.009688581314879,1.8456935342428754e-05,0,0,1,1,2
1395,0,14:19:48,2,0.0072664359861591,2911.0,0.0070934256055363,0.0069204152249136,9.887643933443975e-07,0.0065743944636678,4.943821966721988e-07,0.0062283737024222,8.404497343427378e-06,0.0058823529411764,5.438204163394186e-06,0.005190311418685,3.131087245590592e-06,0.0072664359861591,2.1423228522461945e-06,0.0083044982698963,3.295881311147992e-06,0.0086505190311418,1.0876408326788372e-05,0.0089965397923876,1.6479406555739957e-07,0.0093425605536332,5.438204163394186e-06,1,1,1,1,2
1396,0,14:19:51,2,0.0072664359861591,0.0,0.0070934256055363,0.0069204152249136,9.887643933443975e-07,0.0065743944636678,4.943821966721988e-07,0.0062283737024222,8.404497343427378e-06,0.0058823529411764,5.438204163394186e-06,0.005190311418685,3.131087245590592e-06,0.0072664359861591,2.1423228522461945e-06,0.0083044982698963,3.295881311147992e-06,0.0086505190311418,1.0876408326788372e-05,0.0089965397923876,1.6479406555739957e-07,0.0093425605536332,5.438204163394186e-06,1,1,1,2,2
1397,0,14:19:54,2,0.0072664359861591,0.0,0.0070934256055363,0.0069204152249136,9.887643933443975e-07,0.0065743944636678,4.943821966721988e-07,0.0062283737024222,8.404497343427378e-06,0.0058823529411764,5.438204163394186e-06,0.005190311418685,3.131087245590592e-06,0.0072664359861591,2.3071169178035943e-06,0.0083044982698963,3.295881311147992e-06,0.0086505190311418,1.0876408326788372e-05,0.0089965397923876,1.6479406555739957e-07,0.0093425605536332,5.438204163394186e-06,1,1,1,2,2
1398,0,14:19:57,2,0.0072664359861591,0.0,0.0070934256055363,0.0069204152249136,9.887643933443975e-07,0.0065743944636678,4.943821966721988e-07,0.0062283737024222,8.404497343427378e-06,0.0058823529411764,5.438204163394186e-06,0.005190311418685,3.131087245590592e-06,0.0072664359861591,2.3071169178035943e-06,0.0083044982698963,3.295881311147992e-06,0.0086505190311418,1.0876408326788372e-05,0.0089965397923876,4.943821966721988e-07,0.0093425605536332,5.438204163394186e-06,1,1,1,2,2
1399,0,14:20:00,2,0.0072664359861591,0.0,0.0070934256055363,0.0069204152249136,9.887643933443975e-07,0.0065743944636678,4.943821966721988e-07,0.0062283737024222,8.404497343427378e-06,0.0058823529411764,5.438204163394186e-06,0.005190311418685,3.131087245590592e-06,0.0072664359861591,2.3071169178035943e-06,0.0076124567474049,8.239703277869979e-07,0.0083044982698963,3.131087245590592e-06,0.0086505190311418,1.0876408326788372e-05,0.0089965397923876,4.943821966721988e-07,1,1,1,2,2
1400,0,14:20:03,2,0.0072664359861591,5822.0,0.0070934256055363,0.0069204152249136,9.887643933443975e-07,0.0065743944636678,4.943821966721988e-07,0.0062283737024222,8.404497343427378e-06,0.0058823529411764,3.7902635078201903e-06,0.005190311418685,3.131087245590592e-06,0.0072664359861591,1.977528786688795e-06,0.0076124567474049,8.239703277869979e-07,0.0083044982698963,3.131087245590592e-06,0.0086505190311418,1.0876408326788372e-05,0.0089965397923876,4.943821966721988e-07,1,2,1,2,2
1401,0,14:20:06,2,0.0069204152249136,2910.0,0.0070934256055363,0.0069204152249136,8.239703277869979e-07,0.0065743944636678,4.943821966721988e-07,0.0062283737024222,8.404497343427378e-06,0.0058823529411764,3.7902635078201903e-06,0.005190311418685,3.131087245590592e-06,0.0072664359861591,1.977528786688795e-06,0.0076124567474049,8.239703277869979e-07,0.0083044982698963,3.131087245590592e-06,0.0086505190311418,1.0711614261230972e-05,0.0089965397923876,4.943821966721988e-07,1,2,1,2,2
1402,0,14:20:09,2,0.0069204152249136,0.0,0.0070934256055363,0.0069204152249136,8.239703277869979e-07,0.0065743944636678,2.9662931800331924e-06,0.0062283737024222,8.404497343427378e-06,0.0058823529411764,3.7902635078201903e-06,0.005190311418685,3.131087245590592e-06,0.0072664359861591,1.977528786688795e-06,0.0076124567474049,8.239703277869979e-07,0.0083044982698963,3.131087245590592e-06,0.0086505190311418,1.0711614261230972e-05,0.0089965397923876,4.943821966721988e-07,1,2,1,2,2
1403,0,14:20:12,2,0.0069204152249136,8730.0,0.0070934256055363,0.0069204152249136,3.295881311147992e-07,0.0065743944636678,2.9662931800331924e-06,0.0062283737024222,8.404497343427378e-06,0.0058823529411764,3.7902635078201903e-06,0.005190311418685,3.131087245590592e-06,0.0072664359861591,2.4719109833609937e-06,0.0076124567474049,8.239703277869979e-07,0.0083044982698963,3.131087245590592e-06,0.0086505190311418,1.0711614261230972e-05,0.0089965397923876,4.943821966721988e-07,1,2,1,2,2
1404,0,14:20:15,2,0.0069204152249136,17460.0,0.0070934256055363,0.0069204152249136,8.239703277869979e-07,0.0065743944636678,2.9662931800331924e-06,0.0062283737024222,8.404497343427378e-06,0.0058823529411764,3.7902635078201903e-06,0.005190311418685,3.131087245590592e-06,0.0072664359861591,2.4719109833609937e-06,0.0076124567474049,8.239703277869979e-07,0.0083044982698963,3.131087245590592e-06,0.0086505190311418,1.0711614261230972e-05,0.0089965397923876,4.943821966721988e-07,1,2,1,2,2
1405,0,14:20:18,2,0.0069204152249136,8730.0,0.0070934256055363,0.0069204152249136,3.295881311147992e-07,0.0065743944636678,2.9662931800331924e-06,0.0062283737024222,8.404497343427378e-06,0.0058823529411764,3.7902635078201903e-06,0.005190311418685,3.131087245590592e-06,0.0072664359861591,2.3071169178035943e-06,0.0076124567474049,8.239703277869979e-07,0.0083044982698963,3.131087245590592e-06,0.0086505190311418,1.0711614261230972e-05,0.0089965397923876,4.943821966721988e-07,2,2,1,2,2
1406,0,14:20:21,2,0.0069204152249136,0.0,0.0070934256055363,0.0069204152249136,1.1535584589017972e-06,0.0065743944636678,2.9662931800331924e-06,0.0062283737024222,8.404497343427378e-06,0.0058823529411764,3.7902635078201903e-06,0.005190311418685,3.131087245590592e-06,0.0072664359861591,2.3071169178035943e-06,0.0076124567474049,8.239703277869979e-07,0.0083044982698963,3.131087245590592e-06,0.0086505190311418,1.0711614261230972e-05,0.0089965397923876,4.943821966721988e-07,2,2,1,2,2
1407,0,14:20:24,2,0.0072664359861591,37843.0,0.0070934256055363,0.0069204152249136,1.1535584589017972e-06,0.0065743944636678,2.9662931800331924e-06,0.0062283737024222,8.404497343427378e-06,0.0058823529411764,3.7902635078201903e-06,0.005190311418685,3.131087245590592e-06,0.0072664359861591,1.6479406555739957e-07,0.0076124567474049,8.239703277869979e-07,0.0083044982698963,3.131087245590592e-06,0.0086505190311418,1.0711614261230972e-05,0.0089965397923876,4.943821966721988e-07,2,2,1,2,2
1408,0,14:20:27,2,0.0069204152249136,11643.0,0.0072664359861591,0.0069204152249136,8.239703277869979e-07,0.0065743944636678,2.9662931800331924e-06,0.0062283737024222,8.404497343427378e-06,0.0058823529411764,4.779027901164588e-06,0.005190311418685,3.131087245590592e-06,0.0076124567474049,6.591762622295983e-07,0.0083044982698963,3.131087245590592e-06,0.0086505190311418,1.0711614261230972e-05,0.0089965397923876,4.943821966721988e-07,0.0093425605536332,6.262174491181184e-06,2,2,1,2,2
1409,0,14:20:30,2,0.0069204152249136,0.0,0.0072664359861591,0.0069204152249136,8.239703277869979e-07,0.0065743944636678,2.9662931800331924e-06,0.0062283737024222,8.404497343427378e-06,0.0058823529411764,4.779027901164588e-06,0.005190311418685,3.131087245590592e-06,0.0076124567474049,6.591762622295983e-07,0.0083044982698963,3.131087245590592e-06,0.0086505190311418,1.0711614261230972e-05,0.0089965397923876,4.943821966721988e-07,0.0093425605536332,6.262174491181184e-06,2,2,1,2,2
1410,0,14:20:33,2,0.0076124567474049,14560.0,0.0079584775086507,0.0076124567474049,7.250938884525582e-06,0.0069204152249136,8.239703277869979e-07,0.0065743944636678,2.9662931800331924e-06,0.0062283737024222,8.404497343427378e-06,0.0058823529411764,4.779027901164588e-06,0.0083044982698963,3.131087245590592e-06,0.0086505190311418,1.0711614261230972e-05,0.0089965397923876,4.943821966721988e-07,0.0093425605536332,6.262174491181184e-06,0.009688581314879,1.8456935342428754e-05,1,1,1,2,2
1411,0,14:20:36,2,0.0076124567474049,0.0,0.0079584775086507,0.0076124567474049,7.250938884525582e-06,0.0069204152249136,8.239703277869979e-07,0.0065743944636678,2.9662931800331924e-06,0.0062283737024222,8.404497343427378e-06,0.0058823529411764,4.779027901164588e-06,0.0083044982698963,3.131087245590592e-06,0.0086505190311418,1.0711614261230972e-05,0.0089965397923876,4.943821966721988e-07,0.0093425605536332,6.262174491181184e-06,0.009688581314879,1.8456935342428754e-05,1,1,1,2,2
1412,0,14:20:39,2,0.0076124567474049,2912.0,0.0079584775086507,0.0076124567474049,7.086144818968182e-06,0.0069204152249136,2.4719109833609937e-06,0.0065743944636678,2.9662931800331924e-06,0.0062283737024222,8.404497343427378e-06,0.0058823529411764,4.779027901164588e-06,0.0083044982698963,3.131087245590592e-06,0.0086505190311418,1.0711614261230972e-05,0.0089965397923876,4.943821966721988e-07,0.0093425605536332,6.262174491181184e-06,0.009688581314879,1.8456935342428754e-05,1,1,1,2,2
1413,0,14:20:42,2,0.0076124567474049,8736.0,0.0079584775086507,0.0076124567474049,6.591762622295983e-06,0.0069204152249136,2.4719109833609937e-06,0.0065743944636678,2.9662931800331924e-06,0.0062283737024222,8.404497343427378e-06,0.0058823529411764,4.779027901164588e-06,0.0083044982698963,3.131087245590592e-06,0.0086505190311418,1.0711614261230972e-05,0.0089965397923876,4.943821966721988e-07,0.0093425605536332,6.262174491181184e-06,0.009688581314879,1.8456935342428754e-05,1,1,1,2,2
1414,0,14:20:45,2,0.0076124567474049,0.0,0.0079584775086507,0.0076124567474049,6.591762622295983e-06,0.0069204152249136,2.4719109833609937e-06,0.0065743944636678,2.9662931800331924e-06,0.0062283737024222,8.404497343427378e-06,0.0058823529411764,4.779027901164588e-06,0.0083044982698963,3.131087245590592e-06,0.0086505190311418,1.0711614261230972e-05,0.0089965397923876,4.943821966721988e-07,0.0093425605536332,6.262174491181184e-06,0.009688581314879,1.8456935342428754e-05,1,1,1,2,2
1415,0,14:20:48,2,0.0076124567474049,0.0,0.0079584775086507,0.0076124567474049,1.186517272013277e-05,0.0069204152249136,4.779027901164588e-06,0.0065743944636678,2.9662931800331924e-06,0.0062283737024222,8.404497343427378e-06,0.0058823529411764,4.779027901164588e-06,0.0083044982698963,3.131087245590592e-06,0.0086505190311418,1.0711614261230972e-05,0.0089965397923876,4.943821966721988e-07,0.0093425605536332,6.262174491181184e-06,0.009688581314879,1.8456935342428754e-05,1,1,1,2,2
1416,0,14:20:51,2,0.0076124567474049,2912.0,0.0079584775086507,0.0076124567474049,1.170037865457537e-05,0.0069204152249136,5.273410097836786e-06,0.0065743944636678,2.9662931800331924e-06,0.0062283737024222,8.404497343427378e-06,0.0058823529411764,4.779027901164588e-06,0.0083044982698963,3.131087245590592e-06,0.0086505190311418,1.0711614261230972e-05,0.0089965397923876,4.943821966721988e-07,0.0093425605536332,6.262174491181184e-06,0.009688581314879,1.8456935342428754e-05,1,1,1,2,1
1417,0,14:20:54,2,0.0076124567474049,0.0,0.0079584775086507,0.0076124567474049,1.170037865457537e-05,0.0069204152249136,5.273410097836786e-06,0.0065743944636678,2.9662931800331924e-06,0.0062283737024222,8.404497343427378e-06,0.0058823529411764,4.779027901164588e-06,0.0083044982698963,3.131087245590592e-06,0.0086505190311418,1.0711614261230972e-05,0.0089965397923876,4.943821966721988e-07,0.0093425605536332,6.262174491181184e-06,0.009688581314879,1.8456935342428754e-05,1,1,1,2,1
1418,0,14:20:57,2,0.0083044982698963,23312.0,0.0079584775086507,0.0076124567474049,1.170037865457537e-05,0.0069204152249136,6.262174491181184e-06,0.0065743944636678,2.9662931800331924e-06,0.0062283737024222,8.404497343427378e-06,0.0058823529411764,4.779027901164588e-06,0.0083044982698963,1.8127347211313956e-06,0.0086505190311418,1.0711614261230972e-05,0.0089965397923876,4.943821966721988e-07,0.0093425605536332,6.262174491181184e-06,0.009688581314879,1.8456935342428754e-05,1,1,1,2,1
1419,0,14:21:00,2,0.0076124567474049,2912.0,0.0079584775086507,0.0076124567474049,1.3018731179034568e-05,0.0069204152249136,6.262174491181184e-06,0.0065743944636678,2.9662931800331924e-06,0.0062283737024222,8.404497343427378e-06,0.0058823529411764,4.779027901164588e-06,0.0083044982698963,1.8127347211313956e-06,0.0086505190311418,1.0711614261230972e-05,0.0089965397923876,4.943821966721988e-07,0.0093425605536332,6.262174491181184e-06,0.009688581314879,1.8456935342428754e-05,1,1,1,2,1
1420,0,14:21:03,2,0.0076124567474049,0.0,0.0079584775086507,0.0076124567474049,1.3018731179034568e-05,0.0069204152249136,6.262174491181184e-06,0.0065743944636678,2.9662931800331924e-06,0.0062283737024222,8.404497343427378e-06,0.0058823529411764,4.779027901164588e-06,0.0083044982698963,1.8127347211313956e-06,0.0086505190311418,1.0711614261230972e-05,0.0089965397923876,4.943821966721988e-07,0.0093425605536332,6.262174491181184e-06,0.009688581314879,1.8456935342428754e-05,1,1,1,2,1
1421,0,14:21:06,2,0.0076124567474049,0.0,0.0079584775086507,0.0076124567474049,1.3018731179034568e-05,0.0069204152249136,6.262174491181184e-06,0.0065743944636678,2.9662931800331924e-06,0.0062283737024222,8.404497343427378e-06,0.0058823529411764,4.779027901164588e-06,0.0083044982698963,1.8127347211313956e-06,0.0086505190311418,1.0711614261230972e-05,0.0089965397923876,4.943821966721988e-07,0.0093425605536332,6.262174491181184e-06,0.009688581314879,1.8456935342428754e-05,1,1,1,2,1
1422,0,14:21:09,2,0.0076124567474049,2912.0,0.0079584775086507,0.0076124567474049,1.2853937113477169e-05,0.0069204152249136,6.262174491181184e-06,0.0065743944636678,4.943821966721988e-07,0.0062283737024222,8.404497343427378e-06,0.0058823529411764,4.779027901164588e-06,0.0083044982698963,2.801499114475793e-06,0.0086505190311418,1.0711614261230972e-05,0.0089965397923876,4.943821966721988e-07,0.0093425605536332,6.262174491181184e-06,0.009688581314879,1.8456935342428754e-05,1,1,1,2,1
1423,0,14:21:12,2,0.0076124567474049,0.0,0.0079584775086507,0.0076124567474049,1.3348319310149366e-05,0.0069204152249136,4.614233835607189e-06,0.0065743944636678,4.943821966721988e-07,0.0062283737024222,8.404497343427378e-06,0.0058823529411764,4.779027901164588e-06,0.0083044982698963,2.801499114475793e-06,0.0086505190311418,1.0711614261230972e-05,0.0089965397923876,4.943821966721988e-07,0.0093425605536332,6.262174491181184e-06,0.009688581314879,1.8456935342428754e-05,1,1,1,2,1
1424,0,14:21:15,2,0.0076124567474049,0.0,0.0079584775086507,0.0076124567474049,1.3348319310149366e-05,0.0069204152249136,4.614233835607189e-06,0.0065743944636678,4.943821966721988e-07,0.0062283737024222,8.404497343427378e-06,0.0058823529411764,4.779027901164588e-06,0.0083044982698963,2.801499114475793e-06,0.0086505190311418,1.0711614261230972e-05,0.0089965397923876,4.943821966721988e-07,0.0093425605536332,6.262174491181184e-06,0.009688581314879,1.8456935342428754e-05,1,1,1,2,1
1425,0,14:21:18,2,0.0083044982698963,2914.0,0.0079584775086507,0.0076124567474049,1.3348319310149366e-05,0.0069204152249136,4.614233835607189e-06,0.0065743944636678,4.943821966721988e-07,0.0062283737024222,8.404497343427378e-06,0.0058823529411764,4.779027901164588e-06,0.0083044982698963,2.636705048918393e-06,0.0086505190311418,1.0711614261230972e-05,0.0089965397923876,4.943821966721988e-07,0.0093425605536332,6.262174491181184e-06,0.009688581314879,1.8456935342428754e-05,1,1,1,2,1
1426,0,14:21:21,2,0.0076124567474049,2912.0,0.0079584775086507,0.0076124567474049,1.3183525244591968e-05,0.0069204152249136,4.9438219667219874e-06,0.0065743944636678,4.943821966721988e-07,0.0062283737024222,8.404497343427378e-06,0.0058823529411764,4.779027901164588e-06,0.0083044982698963,2.636705048918393e-06,0.0086505190311418,1.0711614261230972e-05,0.0089965397923876,4.943821966721988e-07,0.0093425605536332,6.262174491181184e-06,0.009688581314879,1.8456935342428754e-05,1,2,2,2,1
1427,0,14:21:24,2,0.0076124567474049,0.0,0.0079584775086507,0.0076124567474049,1.3183525244591968e-05,0.0069204152249136,4.9438219667219874e-06,0.0065743944636678,4.943821966721988e-07,0.0062283737024222,8.404497343427378e-06,0.0058823529411764,4.779027901164588e-06,0.0083044982698963,2.636705048918393e-06,0.0086505190311418,1.0711614261230972e-05,0.0089965397923876,4.943821966721988e-07,0.0093425605536332,6.262174491181184e-06,0.009688581314879,1.8456935342428754e-05,1,2,2,2,1
1428,0,14:21:27,2,0.0076124567474049,0.0,0.0079584775086507,0.0076124567474049,1.3183525244591968e-05,0.0069204152249136,4.9438219667219874e-06,0.0065743944636678,4.943821966721988e-07,0.0062283737024222,8.404497343427378e-06,0.0058823529411764,4.779027901164588e-06,0.0083044982698963,2.636705048918393e-06,0.0086505190311418,1.0711614261230972e-05,0.0089965397923876,4.943821966721988e-07,0.0093425605536332,6.262174491181184e-06,0.009688581314879,1.8456935342428754e-05,1,2,2,2,1
1429,0,14:21:30,2,0.0076124567474049,11650.0,0.0079584775086507,0.0076124567474049,1.2689143047919769e-05,0.0069204152249136,4.9438219667219874e-06,0.0065743944636678,4.943821966721988e-07,0.0062283737024222,8.404497343427378e-06,0.0058823529411764,4.779027901164588e-06,0.0083044982698963,2.4719109833609937e-06,0.0086505190311418,1.0711614261230972e-05,0.0089965397923876,4.943821966721988e-07,0.0093425605536332,6.262174491181184e-06,0.009688581314879,1.8456935342428754e-05,1,2,2,2,1
1430,0,14:21:33,2,0.0076124567474049,11650.0,0.0079584775086507,0.0076124567474049,1.219476085124757e-05,0.0069204152249136,4.9438219667219874e-06,0.0065743944636678,4.943821966721988e-07,0.0062283737024222,8.404497343427378e-06,0.0058823529411764,4.779027901164588e-06,0.0083044982698963,2.3071169178035943e-06,0.0086505190311418,1.0711614261230972e-05,0.0089965397923876,4.943821966721988e-07,0.0093425605536332,6.262174491181184e-06,0.009688581314879,1.8456935342428754e-05,1,2,2,2,1
1431,0,14:21:36,2,0.0076124567474049,0.0,0.0079584775086507,0.0076124567474049,1.219476085124757e-05,0.0069204152249136,4.9438219667219874e-06,0.0065743944636678,4.943821966721988e-07,0.0062283737024222,8.404497343427378e-06,0.0058823529411764,4.779027901164588e-06,0.0083044982698963,2.3071169178035943e-06,0.0086505190311418,1.0711614261230972e-05,0.0089965397923876,4.943821966721988e-07,0.0093425605536332,6.262174491181184e-06,0.009688581314879,1.8456935342428754e-05,2,2,2,2,1
1432,0,14:21:39,2,0.0076124567474049,0.0,0.0079584775086507,0.0076124567474049,1.219476085124757e-05,0.0069204152249136,4.9438219667219874e-06,0.0065743944636678,2.636705048918393e-06,0.0062283737024222,8.404497343427378e-06,0.0058823529411764,4.779027901164588e-06,0.0083044982698963,2.3071169178035943e-06,0.0086505190311418,1.0711614261230972e-05,0.0089965397923876,4.943821966721988e-07,0.0093425605536332,6.262174491181184e-06,0.009688581314879,1.8456935342428754e-05,2,2,2,2,1
1433,0,14:21:42,2,0.0076124567474049,0.0,0.0079584775086507,0.0076124567474049,1.219476085124757e-05,0.0069204152249136,6.591762622295983e-06,0.0065743944636678,2.3071169178035943e-06,0.0062283737024222,8.404497343427378e-06,0.0058823529411764,4.779027901164588e-06,0.0083044982698963,2.3071169178035943e-06,0.0086505190311418,1.0711614261230972e-05,0.0089965397923876,4.943821966721988e-07,0.0093425605536332,6.262174491181184e-06,0.009688581314879,1.8456935342428754e-05,2,2,2,2,1
1434,0,14:21:45,2,0.0083044982698963,14564.0,0.0079584775086507,0.0076124567474049,1.170037865457537e-05,0.0069204152249136,6.591762622295983e-06,0.0065743944636678,2.3071169178035943e-06,0.0062283737024222,8.404497343427378e-06,0.0058823529411764,4.779027901164588e-06,0.0083044982698963,1.977528786688795e-06,0.0086505190311418,1.0711614261230972e-05,0.0089965397923876,4.943821966721988e-07,0.0093425605536332,6.262174491181184e-06,0.009688581314879,1.8456935342428754e-05,2,2,2,2,1
1435,0,14:21:48,2,0.0083044982698963,0.0,0.0079584775086507,0.0076124567474049,1.170037865457537e-05,0.0069204152249136,3.295881311147992e-06,0.0065743944636678,1.6479406555739957e-07,0.0062283737024222,8.404497343427378e-06,0.0058823529411764,3.7902635078201903e-06,0.0083044982698963,1.977528786688795e-06,0.0086505190311418,1.0711614261230972e-05,0.0089965397923876,4.943821966721988e-07,0.0093425605536332,6.262174491181184e-06,0.009688581314879,1.8456935342428754e-05,2,2,2,2,1
1436,0,14:21:51,2,0.0083044982698963,34968.0,0.0084775086505191,0.0083044982698963,9.887643933443975e-07,0.0076124567474049,1.170037865457537e-05,0.0069204152249136,3.295881311147992e-06,0.0065743944636678,1.6479406555739957e-07,0.0062283737024222,8.404497343427378e-06,0.0086505190311418,1.0711614261230972e-05,0.0089965397923876,4.943821966721988e-07,0.0093425605536332,6.262174491181184e-06,0.009688581314879,1.8456935342428754e-05,0.0100346020761246,2.1917610719134143e-05,1,2,1,1,1
1437,0,14:21:54,2,0.0083044982698963,5828.0,0.0084775086505191,0.0083044982698963,6.097380425623785e-06,0.0076124567474049,1.170037865457537e-05,0.0069204152249136,3.295881311147992e-06,0.0065743944636678,1.6479406555739957e-07,0.0062283737024222,8.404497343427378e-06,0.0086505190311418,1.0711614261230972e-05,0.0089965397923876,4.943821966721988e-07,0.0093425605536332,6.262174491181184e-06,0.009688581314879,1.8456935342428754e-05,0.0100346020761246,2.1917610719134143e-05,1,2,1,1,1
1438,0,14:21:57,2,0.0083044982698963,5828.0,0.0084775086505191,0.0083044982698963,5.767792294508985e-06,0.0076124567474049,1.170037865457537e-05,0.0069204152249136,3.295881311147992e-06,0.0065743944636678,1.6479406555739957e-07,0.0062283737024222,8.404497343427378e-06,0.0086505190311418,1.0711614261230972e-05,0.0089965397923876,4.943821966721988e-07,0.0093425605536332,6.262174491181184e-06,0.009688581314879,1.8456935342428754e-05,0.0100346020761246,2.1917610719134143e-05,1,2,1,1,1
1439,0,14:22:00,2,0.0083044982698963,0.0,0.0084775086505191,0.0083044982698963,5.767792294508985e-06,0.0076124567474049,1.170037865457537e-05,0.0069204152249136,3.295881311147992e-06,0.0065743944636678,1.6479406555739957e-07,0.0062283737024222,8.404497343427378e-06,0.0086505190311418,1.0711614261230972e-05,0.0089965397923876,4.943821966721988e-07,0.0093425605536332,6.262174491181184e-06,0.009688581314879,1.8456935342428754e-05,0.0100346020761246,2.1917610719134143e-05,1,2,1,1,1
1440,0,14:22:03,2,0.0083044982698963,0.0,0.0084775086505191,0.0083044982698963,5.767792294508985e-06,0.0076124567474049,1.170037865457537e-05,0.0069204152249136,3.295881311147992e-06,0.0065743944636678,1.6479406555739957e-07,0.0062283737024222,8.404497343427378e-06,0.0086505190311418,1.0711614261230972e-05,0.0089965397923876,4.943821966721988e-07,0.0093425605536332,6.262174491181184e-06,0.009688581314879,1.8456935342428754e-05,0.0100346020761246,2.1917610719134143e-05,1,2,2,1,1
1441,0,14:22:06,2,0.0086505190311418,11659.0,0.0084775086505191,0.0083044982698963,5.602998228951586e-06,0.0076124567474049,7.250938884525582e-06,0.0069204152249136,3.295881311147992e-06,0.0065743944636678,1.6479406555739957e-07,0.0062283737024222,8.404497343427378e-06,0.0086505190311418,1.0217232064558776e-05,0.0089965397923876,4.943821966721988e-07,0.0093425605536332,6.262174491181184e-06,0.009688581314879,1.8456935342428754e-05,0.0100346020761246,2.1917610719134143e-05,2,2,2,1,1
1442,0,14:22:09,2,0.0086505190311418,206965.0,0.0088235294117648,0.0086505190311418,6.591762622295983e-07,0.0083044982698963,5.602998228951586e-06,0.0076124567474049,7.250938884525582e-06,0.0069204152249136,3.295881311147992e-06,0.0065743944636678,1.6479406555739957e-07,0.0089965397923876,4.943821966721988e-07,0.0093425605536332,6.262174491181184e-06,0.009688581314879,1.8456935342428754e-05,0.0100346020761246,2.1917610719134143e-05,0.0103806228373701,1.7468170949084355e-05,1,1,1,1,1
1443,0,14:22:12,2,0.0086505190311418,8745.0,0.0088235294117648,0.0086505190311418,1.6479406555739957e-07,0.0083044982698963,5.602998228951586e-06,0.0076124567474049,7.250938884525582e-06,0.0069204152249136,3.295881311147992e-06,0.0065743944636678,1.6479406555739957e-07,0.0089965397923876,4.943821966721988e-07,0.0093425605536332,6.262174491181184e-06,0.009688581314879,1.8456935342428754e-05,0.0100346020761246,2.1917610719134143e-05,0.0103806228373701,1.7468170949084355e-05,1,1,1,1,1
1444,0,14:22:15,2,0.0086505190311418,0.0,0.0088235294117648,0.0086505190311418,1.6479406555739957e-07,0.0083044982698963,5.602998228951586e-06,0.0076124567474049,7.250938884525582e-06,0.0069204152249136,3.295881311147992e-06,0.0065743944636678,1.6479406555739957e-07,0.0089965397923876,4.943821966721988e-07,0.0093425605536332,6.262174491181184e-06,0.009688581314879,1.8456935342428754e-05,0.0100346020761246,2.1917610719134143e-05,0.0103806228373701,1.7468170949084355e-05,1,1,1,1,1
1445,0,14:22:18,2,0.0086505190311418,2915.0,0.0086505190311418,0.0083044982698963,5.602998228951586e-06,0.0076124567474049,7.250938884525582e-06,0.0069204152249136,3.295881311147992e-06,0.0065743944636678,1.6479406555739957e-07,0.0062283737024222,8.404497343427378e-06,0.0089965397923876,4.943821966721988e-07,0.0093425605536332,6.262174491181184e-06,0.009688581314879,1.8456935342428754e-05,0.0100346020761246,2.1917610719134143e-05,0.0103806228373701,1.7468170949084355e-05,2,2,1,1,1
1446,0,14:22:21,2,0.0089965397923876,8748.0,0.0091695501730104,0.0089965397923876,6.591762622295983e-07,0.0083044982698963,5.602998228951586e-06,0.0076124567474049,7.250938884525582e-06,0.0069204152249136,3.295881311147992e-06,0.0065743944636678,1.6479406555739957e-07,0.0093425605536332,6.262174491181184e-06,0.009688581314879,1.8456935342428754e-05,0.0100346020761246,2.1917610719134143e-05,0.0103806228373701,1.7468170949084355e-05,0.0107266435986159,2.389513950582294e-05,1,1,1,1,0
1447,0,14:22:24,2,0.0093425605536332,78759.0,0.0091695501730104,0.0089965397923876,6.591762622295983e-07,0.0083044982698963,5.602998228951586e-06,0.0076124567474049,7.250938884525582e-06,0.0069204152249136,3.295881311147992e-06,0.0065743944636678,1.6479406555739957e-07,0.0093425605536332,1.8127347211313956e-06,0.009688581314879,1.8456935342428754e-05,0.0100346020761246,2.1917610719134143e-05,0.0103806228373701,1.7468170949084355e-05,0.0107266435986159,2.389513950582294e-05,1,1,1,1,0
1448,0,14:22:27,2,0.0093425605536332,5834.0,0.0091695501730104,0.0089965397923876,6.591762622295983e-07,0.0083044982698963,5.602998228951586e-06,0.0076124567474049,7.250938884525582e-06,0.0069204152249136,3.295881311147992e-06,0.0062283737024222,8.404497343427378e-06,0.0093425605536332,1.4831465900165962e-06,0.009688581314879,1.8456935342428754e-05,0.0100346020761246,2.1917610719134143e-05,0.0103806228373701,1.7468170949084355e-05,0.0107266435986159,2.389513950582294e-05,1,1,1,1,0
1449,0,14:22:30,2,0.0089965397923876,2916.0,0.0091695501730104,0.0089965397923876,4.943821966721988e-07,0.0083044982698963,5.602998228951586e-06,0.0076124567474049,7.250938884525582e-06,0.0069204152249136,3.295881311147992e-06,0.0062283737024222,8.404497343427378e-06,0.0093425605536332,1.4831465900165962e-06,0.009688581314879,1.8456935342428754e-05,0.0100346020761246,2.1917610719134143e-05,0.0103806228373701,1.7468170949084355e-05,0.0107266435986159,2.389513950582294e-05,1,1,1,1,0
1450,0,14:22:33,2,0.0093425605536332,2917.0,0.0091695501730104,0.0089965397923876,4.943821966721988e-07,0.0083044982698963,5.602998228951586e-06,0.0076124567474049,7.250938884525582e-06,0.0069204152249136,3.295881311147992e-06,0.0062283737024222,8.404497343427378e-06,0.0093425605536332,1.4831465900165962e-06,0.009688581314879,1.8456935342428754e-05,0.0100346020761246,2.1917610719134143e-05,0.0103806228373701,1.7468170949084355e-05,0.0107266435986159,2.389513950582294e-05,1,1,1,1,0
1451,0,14:22:36,2,0.0093425605536332,0.0,0.0091695501730104,0.0089965397923876,4.943821966721988e-07,0.0086505190311418,1.6479406555739957e-07,0.0083044982698963,5.602998228951586e-06,0.0076124567474049,7.250938884525582e-06,0.0069204152249136,3.295881311147992e-06,0.0093425605536332,1.4831465900165962e-06,0.009688581314879,1.8456935342428754e-05,0.0100346020761246,2.1917610719134143e-05,0.0103806228373701,1.7632965014641754e-05,0.0107266435986159,2.389513950582294e-05,1,1,1,1,0
1452,0,14:22:39,2,0.0093425605536332,0.0,0.0091695501730104,0.0089965397923876,9.887643933443975e-07,0.0086505190311418,1.6479406555739957e-07,0.0083044982698963,5.602998228951586e-06,0.0076124567474049,7.250938884525582e-06,0.0069204152249136,3.295881311147992e-06,0.0093425605536332,6.591762622295983e-07,0.009688581314879,1.8456935342428754e-05,0.0100346020761246,2.1917610719134143e-05,0.0103806228373701,1.7632965014641754e-05,0.0107266435986159,2.389513950582294e-05,1,1,1,1,0
1453,0,14:22:42,2,0.0089965397923876,2916.0,0.0091695501730104,0.0089965397923876,8.239703277869979e-07,0.0086505190311418,1.6479406555739957e-07,0.0083044982698963,5.602998228951586e-06,0.0076124567474049,7.250938884525582e-06,0.0069204152249136,3.295881311147992e-06,0.0093425605536332,5.602998228951586e-06,0.009688581314879,1.8456935342428754e-05,0.0100346020761246,2.1917610719134143e-05,0.0103806228373701,1.7632965014641754e-05,0.0107266435986159,2.389513950582294e-05,1,1,1,1,0
1454,0,14:22:45,2,0.0089965397923876,0.0,0.0091695501730104,0.0089965397923876,8.239703277869979e-07,0.0086505190311418,1.6479406555739957e-07,0.0083044982698963,5.602998228951586e-06,0.0076124567474049,1.977528786688795e-06,0.0069204152249136,3.95505757337759e-06,0.0093425605536332,5.602998228951586e-06,0.009688581314879,1.8456935342428754e-05,0.0100346020761246,2.1917610719134143e-05,0.0103806228373701,1.7632965014641754e-05,0.0107266435986159,2.389513950582294e-05,1,1,1,1,0
1455,0,14:22:48,2,0.0089965397923876,0.0,0.0091695501730104,0.0089965397923876,8.239703277869979e-07,0.0086505190311418,1.6479406555739957e-07,0.0083044982698963,5.602998228951586e-06,0.0076124567474049,2.636705048918393e-06,0.0069204152249136,3.95505757337759e-06,0.0093425605536332,5.602998228951586e-06,0.009688581314879,1.6808994686854756e-05,0.0100346020761246,2.1917610719134143e-05,0.0103806228373701,1.7632965014641754e-05,0.0107266435986159,2.389513950582294e-05,1,1,1,1,0
1456,0,14:22:51,2,0.0089965397923876,0.0,0.0091695501730104,0.0089965397923876,8.239703277869979e-07,0.0086505190311418,1.6479406555739957e-07,0.0083044982698963,5.602998228951586e-06,0.0076124567474049,2.636705048918393e-06,0.0069204152249136,3.95505757337759e-06,0.0093425605536332,5.602998228951586e-06,0.009688581314879,1.6808994686854756e-05,0.0100346020761246,2.1917610719134143e-05,0.0103806228373701,1.7632965014641754e-05,0.0107266435986159,2.2247198850248946e-05,1,1,1,1,0
1457,0,14:22:54,2,0.0089965397923876,0.0,0.0091695501730104,0.0089965397923876,8.239703277869979e-07,0.0086505190311418,1.6479406555739957e-07,0.0083044982698963,5.602998228951586e-06,0.0076124567474049,2.636705048918393e-06,0.0069204152249136,3.95505757337759e-06,0.0093425605536332,6.591762622295983e-06,0.009688581314879,1.6808994686854756e-05,0.0100346020761246,2.1917610719134143e-05,0.0103806228373701,1.7632965014641754e-05,0.0107266435986159,2.2247198850248946e-05,1,1,1,1,0
1458,0,14:22:57,2,0.0089965397923876,0.0,0.0091695501730104,0.0089965397923876,2.1423228522461945e-06,0.0086505190311418,1.6479406555739957e-07,0.0083044982698963,5.602998228951586e-06,0.0076124567474049,2.636705048918393e-06,0.0069204152249136,3.95505757337759e-06,0.0093425605536332,6.591762622295983e-06,0.009688581314879,1.6808994686854756e-05,0.0100346020761246,2.1917610719134143e-05,0.0103806228373701,1.8456935342428754e-05,0.0107266435986159,2.2247198850248946e-05,1,1,1,1,0
1459,0,14:23:00,2,0.0089965397923876,87482.0,0.0091695501730104,0.0089965397923876,2.801499114475793e-06,0.0086505190311418,1.6479406555739957e-07,0.0083044982698963,5.602998228951586e-06,0.0076124567474049,2.636705048918393e-06,0.0069204152249136,3.95505757337759e-06,0.0093425605536332,6.262174491181184e-06,0.009688581314879,1.6808994686854756e-05,0.0100346020761246,2.1917610719134143e-05,0.0103806228373701,1.8456935342428754e-05,0.0107266435986159,2.2247198850248946e-05,1,1,1,0,0
1460,0,14:23:03,2,0.0093425605536332,128348.0,0.009515570934256,0.0093425605536332,9.722849867886577e-06,0.0089965397923876,2.801499114475793e-06,0.0086505190311418,1.6479406555739957e-07,0.0083044982698963,5.602998228951586e-06,0.0076124567474049,2.636705048918393e-06,0.009688581314879,1.6808994686854756e-05,0.0100346020761246,2.1917610719134143e-05,0.0103806228373701,1.8456935342428754e-05,0.0107266435986159,2.2247198850248946e-05,0.0110726643598615,7.74532108119778e-06,1,1,0,0,0
1461,0,14:23:06,2,0.0093425605536332,0.0,0.009515570934256,0.0093425605536332,9.722849867886577e-06,0.0089965397923876,2.801499114475793e-06,0.0086505190311418,1.6479406555739957e-07,0.0083044982698963,5.602998228951586e-06,0.0076124567474049,2.636705048918393e-06,0.009688581314879,1.6808994686854756e-05,0.0100346020761246,2.1917610719134143e-05,0.0103806228373701,1.8456935342428754e-05,0.0107266435986159,2.2247198850248946e-05,0.0110726643598615,7.74532108119778e-06,1,1,0,0,0
1462,0,14:23:09,2,0.0093425605536332,0.0,0.009515570934256,0.0093425605536332,9.722849867886577e-06,0.0089965397923876,2.801499114475793e-06,0.0086505190311418,8.239703277869979e-07,0.0083044982698963,5.602998228951586e-06,0.0076124567474049,2.636705048918393e-06,0.009688581314879,1.9280905670215752e-05,0.0100346020761246,2.1917610719134143e-05,0.0103806228373701,1.8456935342428754e-05,0.0107266435986159,2.2247198850248946e-05,0.0110726643598615,7.74532108119778e-06,1,1,0,0,0
1463,0,14:23:12,2,0.0093425605536332,0.0,0.009515570934256,0.0093425605536332,9.722849867886577e-06,0.0089965397923876,2.801499114475793e-06,0.0086505190311418,8.239703277869979e-07,0.0083044982698963,5.602998228951586e-06,0.0076124567474049,2.636705048918393e-06,0.009688581314879,1.9280905670215752e-05,0.0100346020761246,2.1917610719134143e-05,0.0103806228373701,1.8456935342428754e-05,0.0107266435986159,2.2247198850248946e-05,0.0110726643598615,7.74532108119778e-06,1,1,0,0,0
1464,0,14:23:15,2,0.0093425605536332,14585.0,0.009515570934256,0.0093425605536332,8.898879540099578e-06,0.0089965397923876,2.801499114475793e-06,0.0086505190311418,8.239703277869979e-07,0.0083044982698963,5.602998228951586e-06,0.0076124567474049,2.636705048918393e-06,0.009688581314879,1.9280905670215752e-05,0.0100346020761246,2.1917610719134143e-05,0.0103806228373701,1.8456935342428754e-05,0.0107266435986159,2.2247198850248946e-05,0.0110726643598615,7.74532108119778e-06,1,1,0,0,0
1465,0,14:23:18,2,0.0093425605536332,8751.0,0.009515570934256,0.0093425605536332,8.404497343427378e-06,0.0089965397923876,2.801499114475793e-06,0.0086505190311418,8.239703277869979e-07,0.0083044982698963,5.602998228951586e-06,0.0076124567474049,2.636705048918393e-06,0.009688581314879,1.9280905670215752e-05,0.0100346020761246,2.1917610719134143e-05,0.0103806228373701,1.8456935342428754e-05,0.0107266435986159,2.2247198850248946e-05,0.0110726643598615,7.74532108119778e-06,1,1,0,0,0
1466,0,14:23:21,2,0.0093425605536332,2917.0,0.009515570934256,0.0093425605536332,8.239703277869978e-06,0.0089965397923876,2.801499114475793e-06,0.0086505190311418,8.239703277869979e-07,0.0083044982698963,5.602998228951586e-06,0.0076124567474049,2.636705048918393e-06,0.009688581314879,1.9280905670215752e-05,0.0100346020761246,2.1917610719134143e-05,0.0103806228373701,1.8456935342428754e-05,0.0107266435986159,2.2247198850248946e-05,0.0110726643598615,7.74532108119778e-06,1,0,0,0,0
1467,0,14:23:24,2,0.0093425605536332,32087.0,0.009515570934256,0.0093425605536332,6.426968556738583e-06,0.0089965397923876,2.801499114475793e-06,0.0086505190311418,8.239703277869979e-07,0.0083044982698963,5.602998228951586e-06,0.0076124567474049,2.636705048918393e-06,0.009688581314879,1.9280905670215752e-05,0.0100346020761246,2.1917610719134143e-05,0.0103806228373701,1.8456935342428754e-05,0.0107266435986159,2.2247198850248946e-05,0.0110726643598615,7.74532108119778e-06,1,0,0,0,0
1468,0,14:23:27,2,0.0093425605536332,8751.0,0.009515570934256,0.0093425605536332,5.932586360066385e-06,0.0089965397923876,2.801499114475793e-06,0.0086505190311418,6.591762622295983e-07,0.0083044982698963,5.602998228951586e-06,0.0076124567474049,2.636705048918393e-06,0.009688581314879,1.9280905670215752e-05,0.0100346020761246,2.1917610719134143e-05,0.0103806228373701,1.8456935342428754e-05,0.0107266435986159,2.2247198850248946e-05,0.0110726643598615,7.74532108119778e-06,1,0,0,0,0
1469,0,14:23:30,2,0.0093425605536332,0.0,0.009515570934256,0.0093425605536332,5.932586360066385e-06,0.0089965397923876,2.801499114475793e-06,0.0086505190311418,6.591762622295983e-07,0.0083044982698963,5.602998228951586e-06,0.0076124567474049,2.636705048918393e-06,0.009688581314879,1.9280905670215752e-05,0.0100346020761246,2.1917610719134143e-05,0.0103806228373701,1.8456935342428754e-05,0.0107266435986159,2.2247198850248946e-05,0.0110726643598615,7.74532108119778e-06,1,0,0,0,0
1470,0,14:23:33,2,0.0093425605536332,2917.0,0.009515570934256,0.0093425605536332,5.767792294508985e-06,0.0089965397923876,2.801499114475793e-06,0.0086505190311418,6.591762622295983e-07,0.0083044982698963,5.602998228951586e-06,0.0076124567474049,2.636705048918393e-06,0.009688581314879,1.9280905670215752e-05,0.0100346020761246,2.1917610719134143e-05,0.0103806228373701,1.8456935342428754e-05,0.0107266435986159,2.2247198850248946e-05,0.0110726643598615,7.74532108119778e-06,1,0,0,0,0
1471,0,14:23:36,2,0.0093425605536332,23336.0,0.009515570934256,0.0093425605536332,4.449439770049789e-06,0.0089965397923876,2.801499114475793e-06,0.0086505190311418,6.591762622295983e-07,0.0083044982698963,5.602998228951586e-06,0.0076124567474049,2.636705048918393e-06,0.009688581314879,1.9280905670215752e-05,0.0100346020761246,2.1917610719134143e-05,0.0103806228373701,1.8456935342428754e-05,0.0107266435986159,2.2247198850248946e-05,0.0110726643598615,7.74532108119778e-06,0,0,0,0,0
1472,0,14:23:39,2,0.0093425605536332,5834.0,0.009515570934256,0.0093425605536332,4.119851638934989e-06,0.0089965397923876,2.801499114475793e-06,0.0086505190311418,6.591762622295983e-07,0.0083044982698963,5.602998228951586e-06,0.0076124567474049,2.636705048918393e-06,0.009688581314879,1.9280905670215752e-05,0.0100346020761246,2.1917610719134143e-05,0.0103806228373701,1.8456935342428754e-05,0.0107266435986159,2.2247198850248946e-05,0.0110726643598615,7.74532108119778e-06,0,0,0,0,0
1473,0,14:23:42,2,0.0093425605536332,11668.0,0.009515570934256,0.0093425605536332,3.460675376705391e-06,0.0089965397923876,2.801499114475793e-06,0.0086505190311418,6.591762622295983e-07,0.0083044982698963,5.602998228951586e-06,0.0076124567474049,2.636705048918393e-06,0.009688581314879,1.8621729407986156e-05,0.0100346020761246,2.1917610719134143e-05,0.0103806228373701,1.9280905670215752e-05,0.0107266435986159,2.2247198850248946e-05,0.0110726643598615,7.74532108119778e-06,0,0,0,0,0
1474,0,14:23:45,2,0.0093425605536332,23338.0,0.009515570934256,0.0093425605536332,2.4719109833609937e-06,0.0089965397923876,2.801499114475793e-06,0.0086505190311418,6.591762622295983e-07,0.0083044982698963,5.602998228951586e-06,0.0076124567474049,2.636705048918393e-06,0.009688581314879,1.8292141276871356e-05,0.0100346020761246,2.1917610719134143e-05,0.0103806228373701,1.9280905670215752e-05,0.0107266435986159,2.2247198850248946e-05,0.0110726643598615,7.74532108119778e-06,0,0,0,0,0
1475,0,14:23:48,2,0.0093425605536332,58339.0,0.0091695501730104,0.0089965397923876,2.636705048918393e-06,0.0086505190311418,6.591762622295983e-07,0.0083044982698963,5.602998228951586e-06,0.0076124567474049,2.636705048918393e-06,0.0069204152249136,3.95505757337759e-06,0.0093425605536332,9.063673605656976e-06,0.009688581314879,1.8292141276871356e-05,0.0100346020761246,2.1917610719134143e-05,0.0103806228373701,1.9280905670215752e-05,0.0107266435986159,2.2247198850248946e-05,0,0,1,0,0
1476,0,14:23:51,2,0.0086505190311418,64150.0,0.0084775086505191,0.0083044982698963,5.602998228951586e-06,0.0076124567474049,2.636705048918393e-06,0.0069204152249136,3.95505757337759e-06,0.0062283737024222,8.404497343427378e-06,0.0058823529411764,3.7902635078201903e-06,0.0086505190311418,2.1423228522461945e-06,0.0093425605536332,4.943821966721988e-05,0.009688581314879,1.8292141276871356e-05,0.0100346020761246,2.1917610719134143e-05,0.0103806228373701,1.9280905670215752e-05,1,1,1,1,0
1477,0,14:23:54,2,0.0083044982698963,8742.0,0.0084775086505191,0.0083044982698963,5.108616032279387e-06,0.0076124567474049,2.636705048918393e-06,0.0069204152249136,3.95505757337759e-06,0.0062283737024222,8.404497343427378e-06,0.0058823529411764,3.7902635078201903e-06,0.0086505190311418,2.1423228522461945e-06,0.0093425605536332,4.943821966721988e-05,0.009688581314879,1.8292141276871356e-05,0.0100346020761246,2.1917610719134143e-05,0.0103806228373701,1.9280905670215752e-05,1,1,1,1,0
1478,0,14:23:57,2,0.0083044982698963,8742.0,0.0084775086505191,0.0083044982698963,4.614233835607189e-06,0.0076124567474049,2.636705048918393e-06,0.0069204152249136,3.95505757337759e-06,0.0062283737024222,8.404497343427378e-06,0.0058823529411764,3.7902635078201903e-06,0.0086505190311418,2.1423228522461945e-06,0.0093425605536332,4.943821966721988e-05,0.009688581314879,1.8292141276871356e-05,0.0100346020761246,2.1917610719134143e-05,0.0103806228373701,1.9280905670215752e-05,1,1,1,1,0
1479,0,14:24:00,2,0.0083044982698963,0.0,0.0084775086505191,0.0083044982698963,4.614233835607189e-06,0.0076124567474049,2.636705048918393e-06,0.0069204152249136,3.95505757337759e-06,0.0062283737024222,8.404497343427378e-06,0.0058823529411764,3.7902635078201903e-06,0.0086505190311418,2.1423228522461945e-06,0.0093425605536332,4.943821966721988e-05,0.009688581314879,1.8292141276871356e-05,0.0100346020761246,2.1917610719134143e-05,0.0103806228373701,1.9280905670215752e-05,1,1,1,1,0
1480,0,14:24:03,2,0.0086505190311418,23320.0,0.0084775086505191,0.0083044982698963,4.614233835607189e-06,0.0076124567474049,2.636705048918393e-06,0.0069204152249136,3.95505757337759e-06,0.0062283737024222,8.404497343427378e-06,0.0058823529411764,3.7902635078201903e-06,0.0086505190311418,8.239703277869979e-07,0.0089965397923876,1.6479406555739958e-06,0.0093425605536332,4.943821966721988e-05,0.009688581314879,1.8292141276871356e-05,0.0100346020761246,2.1917610719134143e-05,1,1,1,0,0
1481,0,14:24:06,2,0.0083044982698963,8742.0,0.0084775086505191,0.0083044982698963,5.767792294508985e-06,0.0076124567474049,2.636705048918393e-06,0.0069204152249136,4.284645704492389e-06,0.0062283737024222,8.404497343427378e-06,0.0058823529411764,3.7902635078201903e-06,0.0086505190311418,8.239703277869979e-07,0.0089965397923876,1.6479406555739958e-06,0.0093425605536332,4.943821966721988e-05,0.009688581314879,1.8292141276871356e-05,0.0100346020761246,2.1917610719134143e-05,1,1,1,0,1
1482,0,14:24:09,2,0.0083044982698963,0.0,0.0084775086505191,0.0083044982698963,5.767792294508985e-06,0.0076124567474049,2.636705048918393e-06,0.0069204152249136,4.284645704492389e-06,0.0062283737024222,8.404497343427378e-06,0.0058823529411764,3.7902635078201903e-06,0.0086505190311418,8.239703277869979e-07,0.0089965397923876,1.6479406555739958e-06,0.0093425605536332,4.943821966721988e-05,0.009688581314879,1.8292141276871356e-05,0.0100346020761246,2.1917610719134143e-05,1,1,1,0,1
1483,0,14:24:12,2,0.0083044982698963,2914.0,0.0084775086505191,0.0083044982698963,5.602998228951586e-06,0.0076124567474049,2.636705048918393e-06,0.0069204152249136,4.284645704492389e-06,0.0062283737024222,8.404497343427378e-06,0.0058823529411764,3.7902635078201903e-06,0.0086505190311418,8.239703277869979e-07,0.0089965397923876,1.6479406555739958e-06,0.0093425605536332,4.943821966721988e-05,0.009688581314879,1.8292141276871356e-05,0.0100346020761246,2.1917610719134143e-05,1,1,1,0,1
1484,0,14:24:15,2,0.0083044982698963,26226.0,0.0084775086505191,0.0083044982698963,4.119851638934989e-06,0.0076124567474049,2.636705048918393e-06,0.0069204152249136,4.284645704492389e-06,0.0062283737024222,8.404497343427378e-06,0.0058823529411764,3.7902635078201903e-06,0.0086505190311418,9.887643933443975e-07,0.0089965397923876,1.6479406555739958e-06,0.0093425605536332,4.943821966721988e-05,0.009688581314879,1.8292141276871356e-05,0.0100346020761246,2.1917610719134143e-05,1,1,1,0,1
1485,0,14:24:18,2,0.0083044982698963,2914.0,0.0084775086505191,0.0083044982698963,3.95505757337759e-06,0.0076124567474049,2.636705048918393e-06,0.0069204152249136,4.284645704492389e-06,0.0062283737024222,8.404497343427378e-06,0.0058823529411764,3.7902635078201903e-06,0.0086505190311418,9.887643933443975e-07,0.0089965397923876,1.6479406555739958e-06,0.0093425605536332,4.943821966721988e-05,0.009688581314879,1.8292141276871356e-05,0.0100346020761246,2.1917610719134143e-05,1,1,1,0,1
1486,0,14:24:21,2,0.0083044982698963,11656.0,0.0084775086505191,0.0083044982698963,3.295881311147992e-06,0.0076124567474049,2.636705048918393e-06,0.0069204152249136,4.284645704492389e-06,0.0062283737024222,8.404497343427378e-06,0.0058823529411764,3.7902635078201903e-06,0.0086505190311418,9.887643933443975e-07,0.0089965397923876,1.6479406555739958e-06,0.0093425605536332,4.943821966721988e-05,0.009688581314879,1.8292141276871356e-05,0.0100346020761246,2.1917610719134143e-05,1,1,1,0,1
1487,0,14:24:24,2,0.0083044982698963,11657.0,0.0084775086505191,0.0083044982698963,2.801499114475793e-06,0.0076124567474049,2.636705048918393e-06,0.0069204152249136,4.284645704492389e-06,0.0062283737024222,8.404497343427378e-06,0.0058823529411764,3.7902635078201903e-06,0.0086505190311418,8.239703277869979e-07,0.0089965397923876,2.1423228522461945e-06,0.0093425605536332,4.943821966721988e-05,0.009688581314879,1.8292141276871356e-05,0.0100346020761246,2.1917610719134143e-05,1,1,1,0,1
1488,0,14:24:27,2,0.0083044982698963,0.0,0.0084775086505191,0.0083044982698963,2.801499114475793e-06,0.0076124567474049,2.636705048918393e-06,0.0069204152249136,4.284645704492389e-06,0.0062283737024222,8.404497343427378e-06,0.0058823529411764,4.119851638934989e-06,0.0086505190311418,8.239703277869979e-07,0.0089965397923876,2.1423228522461945e-06,0.0093425605536332,4.943821966721988e-05,0.009688581314879,1.8292141276871356e-05,0.0100346020761246,2.1917610719134143e-05,1,1,1,0,1
1489,0,14:24:30,2,0.0083044982698963,2914.0,0.0084775086505191,0.0083044982698963,2.636705048918393e-06,0.0076124567474049,2.636705048918393e-06,0.0069204152249136,4.284645704492389e-06,0.0062283737024222,8.404497343427378e-06,0.0058823529411764,4.119851638934989e-06,0.0086505190311418,8.239703277869979e-07,0.0089965397923876,2.1423228522461945e-06,0.0093425605536332,4.943821966721988e-05,0.009688581314879,1.8292141276871356e-05,0.0100346020761246,2.1917610719134143e-05,1,0,1,0,1
1490,0,14:24:33,2,0.0083044982698963,0.0,0.0084775086505191,0.0083044982698963,1.1370790523460572e-05,0.0076124567474049,2.636705048918393e-06,0.0069204152249136,4.284645704492389e-06,0.0062283737024222,8.404497343427378e-06,0.0058823529411764,4.119851638934989e-06,0.0086505190311418,8.239703277869979e-07,0.0089965397923876,2.9662931800331924e-06,0.0093425605536332,4.943821966721988e-05,0.009688581314879,1.8292141276871356e-05,0.0100346020761246,2.1917610719134143e-05,1,0,1,0,1
1491,0,14:24:36,2,0.0083044982698963,0.0,0.0084775086505191,0.0083044982698963,1.1370790523460572e-05,0.0076124567474049,2.636705048918393e-06,0.0069204152249136,4.284645704492389e-06,0.0062283737024222,8.404497343427378e-06,0.0058823529411764,4.119851638934989e-06,0.0086505190311418,8.239703277869979e-07,0.0089965397923876,1.4831465900165962e-06,0.0093425605536332,4.943821966721988e-05,0.009688581314879,1.8292141276871356e-05,0.0100346020761246,2.1917610719134143e-05,1,0,1,0,1
1492,0,14:24:39,2,0.0086505190311418,5830.0,0.0084775086505191,0.0083044982698963,1.1370790523460572e-05,0.0076124567474049,2.636705048918393e-06,0.0069204152249136,4.284645704492389e-06,0.0062283737024222,8.404497343427378e-06,0.0058823529411764,4.119851638934989e-06,0.0086505190311418,4.943821966721988e-07,0.0089965397923876,1.4831465900165962e-06,0.0093425605536332,4.943821966721988e-05,0.009688581314879,1.8292141276871356e-05,0.0100346020761246,2.1917610719134143e-05,1,0,1,0,1
1493,0,14:24:42,2,0.0083044982698963,11656.0,0.0084775086505191,0.0083044982698963,1.0711614261230972e-05,0.0076124567474049,2.636705048918393e-06,0.0069204152249136,4.284645704492389e-06,0.0062283737024222,8.404497343427378e-06,0.0058823529411764,4.119851638934989e-06,0.0086505190311418,1.6973788752412158e-05,0.0089965397923876,1.4831465900165962e-06,0.0093425605536332,4.943821966721988e-05,0.009688581314879,1.8292141276871356e-05,0.0100346020761246,2.1917610719134143e-05,1,0,1,0,1
1494,0,14:24:45,2,0.0083044982698963,8744.0,0.0084775086505191,0.0083044982698963,1.0546820195673573e-05,0.0076124567474049,1.977528786688795e-06,0.0069204152249136,4.284645704492389e-06,0.0062283737024222,8.404497343427378e-06,0.0058823529411764,4.119851638934989e-06,0.0086505190311418,4.185769265157949e-05,0.0089965397923876,1.4831465900165962e-06,0.0093425605536332,4.943821966721988e-05,0.009688581314879,1.8292141276871356e-05,0.0100346020761246,2.1917610719134143e-05,0,0,1,0,1
1495,0,14:24:48,2,0.0083044982698963,0.0,0.0084775086505191,0.0083044982698963,1.0546820195673573e-05,0.0076124567474049,1.977528786688795e-06,0.0069204152249136,4.284645704492389e-06,0.0062283737024222,8.404497343427378e-06,0.0058823529411764,4.119851638934989e-06,0.0086505190311418,4.185769265157949e-05,0.0089965397923876,1.4831465900165962e-06,0.0093425605536332,4.943821966721988e-05,0.009688581314879,1.8292141276871356e-05,0.0100346020761246,2.1917610719134143e-05,0,0,1,0,1
1496,0,14:24:51,2,0.0083044982698963,32054.0,0.0084775086505191,0.0083044982698963,8.734085474542178e-06,0.0076124567474049,1.977528786688795e-06,0.0069204152249136,4.284645704492389e-06,0.0062283737024222,8.404497343427378e-06,0.0058823529411764,4.119851638934989e-06,0.0086505190311418,4.185769265157949e-05,0.0089965397923876,1.4831465900165962e-06,0.0093425605536332,5.009739592944948e-05,0.009688581314879,1.8292141276871356e-05,0.0100346020761246,2.1917610719134143e-05,0,0,1,0,1
1497,0,14:24:54,2,0.0083044982698963,32054.0,0.0084775086505191,0.0083044982698963,7.086144818968182e-06,0.0076124567474049,1.977528786688795e-06,0.0069204152249136,4.284645704492389e-06,0.0062283737024222,8.404497343427378e-06,0.0058823529411764,4.119851638934989e-06,0.0086505190311418,4.185769265157949e-05,0.0089965397923876,1.4831465900165962e-06,0.0093425605536332,5.009739592944948e-05,0.009688581314879,1.8292141276871356e-05,0.0100346020761246,2.1917610719134143e-05,0,0,1,0,1
1498,0,14:24:57,2,0.0083044982698963,14570.0,0.0084775086505191,0.0083044982698963,6.262174491181184e-06,0.0076124567474049,1.977528786688795e-06,0.0069204152249136,4.284645704492389e-06,0.0062283737024222,8.404497343427378e-06,0.0058823529411764,4.119851638934989e-06,0.0086505190311418,4.185769265157949e-05,0.0089965397923876,1.4831465900165962e-06,0.0093425605536332,5.009739592944948e-05,0.009688581314879,1.8292141276871356e-05,0.0100346020761246,2.1917610719134143e-05,0,0,1,0,1
1499,0,14:25:00,2,0.0083044982698963,110732.0,0.0079584775086507,0.0076124567474049,1.977528786688795e-06,0.0069204152249136,4.284645704492389e-06,0.0062283737024222,8.404497343427378e-06,0.0058823529411764,4.119851638934989e-06,0.005190311418685,3.131087245590592e-06,0.0083044982698963,4.614233835607189e-06,0.0086505190311418,4.185769265157949e-05,0.0089965397923876,9.887643933443975e-07,0.0093425605536332,5.009739592944948e-05,0.009688581314879,1.8292141276871356e-05,1,1,1,1,1
1500,0,14:25:03,2,0.0083044982698963,14568.0,0.0079584775086507,0.0076124567474049,1.8127347211313956e-06,0.0069204152249136,4.284645704492389e-06,0.0065743944636678,1.6479406555739957e-07,0.0062283737024222,8.404497343427378e-06,0.0058823529411764,4.119851638934989e-06,0.0083044982698963,3.95505757337759e-06,0.0086505190311418,4.185769265157949e-05,0.0089965397923876,9.887643933443975e-07,0.0093425605536332,5.009739592944948e-05,0.009688581314879,1.8292141276871356e-05,1,1,1,1,1
1501,0,14:25:06,2,0.0083044982698963,0.0,0.0079584775086507,0.0076124567474049,1.8127347211313956e-06,0.0069204152249136,4.284645704492389e-06,0.0065743944636678,1.6479406555739957e-07,0.0062283737024222,8.404497343427378e-06,0.0058823529411764,4.119851638934989e-06,0.0083044982698963,3.95505757337759e-06,0.0086505190311418,4.185769265157949e-05,0.0089965397923876,9.887643933443975e-07,0.0093425605536332,5.009739592944948e-05,0.009688581314879,1.8292141276871356e-05,1,1,1,1,1
1502,0,14:25:09,2,0.0076124567474049,8736.0,0.0079584775086507,0.0076124567474049,1.3183525244591966e-06,0.0069204152249136,4.284645704492389e-06,0.0065743944636678,1.6479406555739957e-07,0.0062283737024222,8.404497343427378e-06,0.0058823529411764,4.119851638934989e-06,0.0083044982698963,3.95505757337759e-06,0.0086505190311418,4.185769265157949e-05,0.0089965397923876,9.887643933443975e-07,0.0093425605536332,4.515357396272749e-05,0.009688581314879,1.8292141276871356e-05,1,1,1,1,1
1503,0,14:25:12,2,0.0076124567474049,0.0,0.0079584775086507,0.0076124567474049,1.3183525244591966e-06,0.0069204152249136,4.284645704492389e-06,0.0065743944636678,1.6479406555739957e-07,0.0062283737024222,8.404497343427378e-06,0.0058823529411764,4.119851638934989e-06,0.0083044982698963,3.95505757337759e-06,0.0086505190311418,4.185769265157949e-05,0.0089965397923876,9.887643933443975e-07,0.0093425605536332,4.515357396272749e-05,0.009688581314879,1.8292141276871356e-05,1,1,1,1,1
1504,0,14:25:15,2,0.0083044982698963,5828.0,0.0079584775086507,0.0076124567474049,1.3183525244591966e-06,0.0072664359861591,6.591762622295983e-07,0.0069204152249136,4.284645704492389e-06,0.0065743944636678,1.6479406555739957e-07,0.0062283737024222,8.404497343427378e-06,0.0083044982698963,3.625469442262791e-06,0.0086505190311418,4.185769265157949e-05,0.0089965397923876,9.887643933443975e-07,0.0093425605536332,4.515357396272749e-05,0.009688581314879,1.8292141276871356e-05,1,1,1,1,1
1505,0,14:25:18,2,0.0083044982698963,0.0,0.0077854671280277,0.0076124567474049,6.756556687853383e-06,0.0072664359861591,6.591762622295983e-07,0.0069204152249136,4.284645704492389e-06,0.0065743944636678,1.6479406555739957e-07,0.0062283737024222,8.404497343427378e-06,0.0079584775086505,1.6479406555739957e-07,0.0083044982698963,3.625469442262791e-06,0.0086505190311418,4.185769265157949e-05,0.0089965397923876,9.887643933443975e-07,0.0093425605536332,4.515357396272749e-05,1,1,1,1,1
1506,0,14:25:21,2,0.0083044982698963,0.0,0.0077854671280277,0.0076124567474049,6.756556687853383e-06,0.0072664359861591,6.591762622295983e-07,0.0069204152249136,4.284645704492389e-06,0.0065743944636678,1.6479406555739957e-07,0.0062283737024222,8.404497343427378e-06,0.0079584775086505,1.6479406555739957e-07,0.0083044982698963,3.7902635078201903e-06,0.0086505190311418,4.185769265157949e-05,0.0089965397923876,9.887643933443975e-07,0.0093425605536332,4.515357396272749e-05,1,1,1,1,1
1507,0,14:25:24,2,0.0083044982698963,0.0,0.0077854671280277,0.0076124567474049,6.756556687853383e-06,0.0072664359861591,6.591762622295983e-07,0.0069204152249136,4.284645704492389e-06,0.0065743944636678,1.6479406555739957e-07,0.0062283737024222,8.404497343427378e-06,0.0079584775086505,1.6479406555739957e-07,0.0083044982698963,4.614233835607189e-06,0.0086505190311418,4.185769265157949e-05,0.0089965397923876,9.887643933443975e-07,0.0093425605536332,4.515357396272749e-05,1,1,1,1,1
1508,0,14:25:27,2,0.0083044982698963,8739.0,0.0079584775086507,0.0076124567474049,6.756556687853383e-06,0.0072664359861591,6.591762622295983e-07,0.0069204152249136,4.284645704492389e-06,0.0065743944636678,1.6479406555739957e-07,0.0062283737024222,8.404497343427378e-06,0.0083044982698963,4.449439770049789e-06,0.0086505190311418,4.185769265157949e-05,0.0089965397923876,9.887643933443975e-07,0.0093425605536332,4.515357396272749e-05,0.009688581314879,1.8292141276871356e-05,1,1,1,1,1
1509,0,14:25:30,2,0.0083044982698963,8740.0,0.0081314878892733,0.0079584775086505,1.6479406555739957e-07,0.0076124567474049,6.591762622295983e-06,0.0072664359861591,6.591762622295983e-07,0.0069204152249136,4.284645704492389e-06,0.0065743944636678,1.6479406555739957e-07,0.0083044982698963,4.119851638934989e-06,0.0086505190311418,4.185769265157949e-05,0.0089965397923876,1.6479406555739957e-07,0.0093425605536332,4.515357396272749e-05,0.009688581314879,1.8292141276871356e-05,1,1,0,1,1
1510,0,14:25:33,2,0.0083044982698963,0.0,0.0081314878892733,0.0079584775086505,1.6479406555739957e-07,0.0076124567474049,6.591762622295983e-06,0.0072664359861591,6.591762622295983e-07,0.0069204152249136,4.284645704492389e-06,0.0065743944636678,1.6479406555739957e-07,0.0083044982698963,5.108616032279387e-06,0.0086505190311418,4.185769265157949e-05,0.0089965397923876,1.6479406555739957e-07,0.0093425605536332,4.515357396272749e-05,0.009688581314879,1.8292141276871356e-05,1,0,0,1,1
1511,0,14:25:36,2,0.0079584775086505,23311.0,0.0079584775086507,0.0076124567474049,6.591762622295983e-06,0.0072664359861591,6.591762622295983e-07,0.0069204152249136,4.284645704492389e-06,0.0065743944636678,1.6479406555739957e-07,0.0062283737024222,8.404497343427378e-06,0.0083044982698963,3.95505757337759e-06,0.0086505190311418,4.185769265157949e-05,0.0089965397923876,1.6479406555739957e-07,0.0093425605536332,4.515357396272749e-05,0.009688581314879,1.8292141276871356e-05,1,0,1,1,1
1512,0,14:25:39,2,0.0076124567474049,11648.0,0.0077854671280277,0.0076124567474049,5.932586360066385e-06,0.0072664359861591,6.591762622295983e-07,0.0069204152249136,4.284645704492389e-06,0.0065743944636678,1.6479406555739957e-07,0.0062283737024222,8.404497343427378e-06,0.0079584775086505,1.6479406555739958e-06,0.0083044982698963,6.262174491181184e-06,0.0086505190311418,4.185769265157949e-05,0.0089965397923876,1.6479406555739957e-07,0.0093425605536332,4.515357396272749e-05,1,1,1,1,1
1513,0,14:25:42,2,0.0076124567474049,0.0,0.0077854671280277,0.0076124567474049,5.932586360066385e-06,0.0072664359861591,6.591762622295983e-07,0.0069204152249136,4.284645704492389e-06,0.0065743944636678,1.6479406555739957e-07,0.0062283737024222,8.404497343427378e-06,0.0079584775086505,1.6479406555739958e-06,0.0083044982698963,6.262174491181184e-06,0.0086505190311418,4.185769265157949e-05,0.0089965397923876,1.6479406555739957e-07,0.0093425605536332,4.5977544290514485e-05,1,1,1,1,1
1514,0,14:25:45,2,0.0076124567474049,0.0,0.0077854671280277,0.0076124567474049,5.932586360066385e-06,0.0072664359861591,6.591762622295983e-07,0.0069204152249136,4.284645704492389e-06,0.0065743944636678,1.6479406555739957e-07,0.0062283737024222,8.404497343427378e-06,0.0079584775086505,1.6479406555739958e-06,0.0083044982698963,6.262174491181184e-06,0.0086505190311418,4.185769265157949e-05,0.0089965397923876,3.295881311147992e-07,0.0093425605536332,4.5977544290514485e-05,1,1,1,1,1
1515,0,14:25:48,2,0.0076124567474049,64064.0,0.0077854671280277,0.0076124567474049,2.3071169178035943e-06,0.0072664359861591,6.591762622295983e-07,0.0069204152249136,4.284645704492389e-06,0.0065743944636678,1.6479406555739957e-07,0.0062283737024222,8.404497343427378e-06,0.0079584775086505,1.6479406555739958e-06,0.0083044982698963,6.262174491181184e-06,0.0086505190311418,4.185769265157949e-05,0.0089965397923876,3.295881311147992e-07,0.0093425605536332,4.5977544290514485e-05,1,1,1,1,1
1516,0,14:25:51,2,0.0076124567474049,0.0,0.0077854671280277,0.0076124567474049,2.3071169178035943e-06,0.0072664359861591,6.591762622295983e-07,0.0069204152249136,4.284645704492389e-06,0.0065743944636678,1.6479406555739957e-07,0.0062283737024222,8.404497343427378e-06,0.0079584775086505,4.943821966721988e-07,0.0083044982698963,6.262174491181184e-06,0.0086505190311418,4.185769265157949e-05,0.0089965397923876,3.295881311147992e-07,0.0093425605536332,4.5977544290514485e-05,1,0,1,1,1
1517,0,14:25:54,2,0.0076124567474049,0.0,0.0077854671280277,0.0076124567474049,2.3071169178035943e-06,0.0072664359861591,6.591762622295983e-07,0.0069204152249136,3.95505757337759e-06,0.0065743944636678,1.6479406555739957e-07,0.0062283737024222,8.404497343427378e-06,0.0079584775086505,4.943821966721988e-07,0.0083044982698963,6.262174491181184e-06,0.0086505190311418,4.185769265157949e-05,0.0089965397923876,3.295881311147992e-07,0.0093425605536332,4.5977544290514485e-05,1,0,1,1,1
1518,0,14:25:57,2,0.0076124567474049,17472.0,0.0077854671280277,0.0076124567474049,1.3183525244591966e-06,0.0072664359861591,6.591762622295983e-07,0.0069204152249136,3.95505757337759e-06,0.0065743944636678,1.6479406555739957e-07,0.0062283737024222,8.404497343427378e-06,0.0079584775086505,4.943821966721988e-07,0.0083044982698963,6.262174491181184e-06,0.0086505190311418,4.185769265157949e-05,0.0089965397923876,3.295881311147992e-07,0.0093425605536332,4.5977544290514485e-05,1,0,1,1,1
1519,0,14:26:00,2,0.0076124567474049,17474.0,0.0077854671280277,0.0076124567474049,8.239703277869979e-07,0.0072664359861591,6.591762622295983e-07,0.0069204152249136,3.95505757337759e-06,0.0065743944636678,1.6479406555739957e-07,0.0062283737024222,8.404497343427378e-06,0.0079584775086505,1.6479406555739957e-07,0.0083044982698963,6.262174491181184e-06,0.0086505190311418,4.185769265157949e-05,0.0089965397923876,3.295881311147992e-07,0.0093425605536332,4.5977544290514485e-05,1,0,1,1,1
1520,0,14:26:03,2,0.0076124567474049,14560.0,0.0074394463667821,0.0072664359861591,6.591762622295983e-07,0.0069204152249136,3.95505757337759e-06,0.0065743944636678,1.6479406555739957e-07,0.0062283737024222,8.404497343427378e-06,0.0058823529411764,4.119851638934989e-06,0.0076124567474049,3.213484278369292e-05,0.0079584775086505,1.6479406555739957e-07,0.0083044982698963,6.262174491181184e-06,0.0086505190311418,4.185769265157949e-05,0.0089965397923876,3.295881311147992e-07,1,1,1,1,1
1521,0,14:26:06,2,0.0076124567474049,0.0,0.0074394463667821,0.0072664359861591,6.591762622295983e-07,0.0069204152249136,3.95505757337759e-06,0.0065743944636678,1.6479406555739957e-07,0.0062283737024222,8.404497343427378e-06,0.0058823529411764,4.119851638934989e-06,0.0076124567474049,3.213484278369292e-05,0.0079584775086505,1.6479406555739957e-07,0.0083044982698963,6.262174491181184e-06,0.0086505190311418,4.185769265157949e-05,0.0089965397923876,3.295881311147992e-07,1,1,1,1,1
1522,0,14:26:09,2,0.0072664359861591,2911.0,0.0074394463667821,0.0072664359861591,4.943821966721988e-07,0.0069204152249136,3.95505757337759e-06,0.0065743944636678,1.6479406555739957e-07,0.0062283737024222,8.404497343427378e-06,0.0058823529411764,4.119851638934989e-06,0.0076124567474049,3.229963684925032e-05,0.0079584775086505,1.6479406555739957e-07,0.0083044982698963,6.262174491181184e-06,0.0086505190311418,4.185769265157949e-05,0.0089965397923876,3.295881311147992e-07,1,1,1,1,1
1523,0,14:26:12,2,0.0072664359861591,0.0,0.0074394463667821,0.0072664359861591,4.943821966721988e-07,0.0069204152249136,3.95505757337759e-06,0.0065743944636678,1.6479406555739957e-07,0.0062283737024222,8.404497343427378e-06,0.0058823529411764,4.119851638934989e-06,0.0076124567474049,3.229963684925032e-05,0.0079584775086505,1.6479406555739957e-07,0.0083044982698963,6.262174491181184e-06,0.0086505190311418,4.185769265157949e-05,0.0089965397923876,3.295881311147992e-07,1,1,1,1,1
1524,0,14:26:15,2,0.0072664359861591,0.0,0.0074394463667821,0.0072664359861591,4.943821966721988e-07,0.0069204152249136,3.95505757337759e-06,0.0065743944636678,1.6479406555739957e-07,0.0062283737024222,8.404497343427378e-06,0.0058823529411764,4.119851638934989e-06,0.0076124567474049,3.279401904592252e-05,0.0079584775086505,1.6479406555739957e-07,0.0083044982698963,6.262174491181184e-06,0.0086505190311418,4.185769265157949e-05,0.0089965397923876,3.295881311147992e-07,1,1,1,1,1
1525,0,14:26:18,2,0.0072664359861591,20383.0,0.0074394463667821,0.0072664359861591,3.295881311147992e-07,0.0069204152249136,3.95505757337759e-06,0.0065743944636678,1.6479406555739957e-07,0.0062283737024222,8.404497343427378e-06,0.0058823529411764,4.119851638934989e-06,0.0076124567474049,3.180525465257812e-05,0.0079584775086505,1.6479406555739957e-07,0.0083044982698963,6.262174491181184e-06,0.0086505190311418,4.185769265157949e-05,0.0089965397923876,3.295881311147992e-07,1,1,1,1,1
1526,0,14:26:21,2,0.0072664359861591,5822.0,0.0070934256055363,0.0069204152249136,3.95505757337759e-06,0.0065743944636678,9.887643933443975e-07,0.0062283737024222,8.404497343427378e-06,0.0058823529411764,4.119851638934989e-06,0.005190311418685,2.1423228522461945e-06,0.0072664359861591,1.6479406555739957e-07,0.0076124567474049,3.180525465257812e-05,0.0079584775086505,1.6479406555739957e-07,0.0083044982698963,6.262174491181184e-06,0.0086505190311418,4.185769265157949e-05,1,1,1,2,2
1527,0,14:26:24,2,0.0072664359861591,0.0,0.0070934256055363,0.0069204152249136,3.95505757337759e-06,0.0065743944636678,9.887643933443975e-07,0.0062283737024222,8.404497343427378e-06,0.0058823529411764,4.119851638934989e-06,0.005190311418685,2.1423228522461945e-06,0.0072664359861591,1.6479406555739957e-07,0.0076124567474049,3.180525465257812e-05,0.0079584775086505,1.6479406555739957e-07,0.0083044982698963,6.262174491181184e-06,0.0086505190311418,4.185769265157949e-05,1,1,1,2,2
1528,0,14:26:27,2,0.0072664359861591,0.0,0.0070934256055363,0.0069204152249136,3.95505757337759e-06,0.0065743944636678,9.887643933443975e-07,0.0062283737024222,8.404497343427378e-06,0.0058823529411764,4.119851638934989e-06,0.005190311418685,2.1423228522461945e-06,0.0072664359861591,3.295881311147992e-07,0.0076124567474049,3.180525465257812e-05,0.0079584775086505,1.6479406555739957e-07,0.0083044982698963,6.262174491181184e-06,0.0086505190311418,4.185769265157949e-05,1,1,1,2,2
1529,0,14:26:30,2,0.0072664359861591,2911.0,0.0070934256055363,0.0069204152249136,3.95505757337759e-06,0.0065743944636678,9.887643933443975e-07,0.0062283737024222,9.228467671214376e-06,0.0058823529411764,4.119851638934989e-06,0.005190311418685,2.1423228522461945e-06,0.0072664359861591,1.6479406555739957e-07,0.0076124567474049,3.180525465257812e-05,0.0079584775086505,1.6479406555739957e-07,0.0083044982698963,6.262174491181184e-06,0.0086505190311418,4.185769265157949e-05,1,1,2,2,2
1530,0,14:26:33,2,0.0069204152249136,2910.0,0.0070934256055363,0.0069204152249136,3.7902635078201903e-06,0.0065743944636678,9.887643933443975e-07,0.0062283737024222,9.228467671214376e-06,0.0058823529411764,4.119851638934989e-06,0.005190311418685,2.1423228522461945e-06,0.0072664359861591,1.6479406555739957e-07,0.0076124567474049,3.180525465257812e-05,0.0079584775086505,1.6479406555739957e-07,0.0083044982698963,6.262174491181184e-06,0.0086505190311418,4.185769265157949e-05,1,1,2,2,2
1531,0,14:26:36,2,0.0069204152249136,0.0,0.0070934256055363,0.0069204152249136,3.7902635078201903e-06,0.0065743944636678,9.887643933443975e-07,0.0062283737024222,9.228467671214376e-06,0.0058823529411764,4.119851638934989e-06,0.005190311418685,2.1423228522461945e-06,0.0072664359861591,1.6479406555739957e-07,0.0076124567474049,3.180525465257812e-05,0.0079584775086505,1.6479406555739957e-07,0.0083044982698963,3.7902635078201903e-06,0.0086505190311418,4.185769265157949e-05,1,2,2,2,2
1532,0,14:26:39,2,0.0072664359861591,2911.0,0.0074394463667821,0.0072664359861591,1.3183525244591966e-06,0.0069204152249136,3.7902635078201903e-06,0.0065743944636678,9.887643933443975e-07,0.0062283737024222,9.228467671214376e-06,0.0058823529411764,4.119851638934989e-06,0.0076124567474049,3.180525465257812e-05,0.0079584775086505,1.6479406555739957e-07,0.0083044982698963,3.7902635078201903e-06,0.0086505190311418,4.185769265157949e-05,0.0089965397923876,3.295881311147992e-07,1,2,2,1,2
1533,0,14:26:42,2,0.0072664359861591,8735.0,0.0074394463667821,0.0072664359861591,1.1535584589017972e-06,0.0069204152249136,3.7902635078201903e-06,0.0065743944636678,9.887643933443975e-07,0.0062283737024222,9.228467671214376e-06,0.0058823529411764,4.119851638934989e-06,0.0076124567474049,3.147566652146332e-05,0.0079584775086505,1.6479406555739957e-07,0.0083044982698963,3.7902635078201903e-06,0.0086505190311418,4.185769265157949e-05,0.0089965397923876,3.295881311147992e-07,1,2,2,1,2
1534,0,14:26:45,2,0.0072664359861591,0.0,0.0074394463667821,0.0072664359861591,1.1535584589017972e-06,0.0069204152249136,3.7902635078201903e-06,0.0065743944636678,9.887643933443975e-07,0.0062283737024222,9.228467671214376e-06,0.0058823529411764,4.119851638934989e-06,0.0076124567474049,3.147566652146332e-05,0.0079584775086505,1.6479406555739957e-07,0.0083044982698963,3.7902635078201903e-06,0.0086505190311418,4.185769265157949e-05,0.0089965397923876,3.295881311147992e-07,1,2,2,1,2
1535,0,14:26:48,2,0.0072664359861591,0.0,0.0074394463667821,0.0072664359861591,1.1535584589017972e-06,0.0069204152249136,3.7902635078201903e-06,0.0065743944636678,9.887643933443975e-07,0.0062283737024222,9.228467671214376e-06,0.0058823529411764,4.119851638934989e-06,0.0076124567474049,3.147566652146332e-05,0.0079584775086505,1.6479406555739957e-07,0.0083044982698963,3.7902635078201903e-06,0.0086505190311418,4.185769265157949e-05,0.0089965397923876,3.295881311147992e-07,1,2,2,1,2
1536,0,14:26:51,2,0.0069204152249136,23287.0,0.0070934256055363,0.0069204152249136,3.625469442262791e-06,0.0065743944636678,9.887643933443975e-07,0.0062283737024222,9.228467671214376e-06,0.0058823529411764,4.119851638934989e-06,0.005190311418685,2.1423228522461945e-06,0.0072664359861591,4.449439770049789e-06,0.0076124567474049,3.147566652146332e-05,0.0079584775086505,1.6479406555739957e-07,0.0083044982698963,3.7902635078201903e-06,0.0086505190311418,4.185769265157949e-05,2,2,2,2,2
1537,0,14:26:54,2,0.0069204152249136,0.0,0.0070934256055363,0.0069204152249136,3.625469442262791e-06,0.0065743944636678,9.887643933443975e-07,0.0062283737024222,9.228467671214376e-06,0.0058823529411764,4.119851638934989e-06,0.005190311418685,2.1423228522461945e-06,0.0072664359861591,4.449439770049789e-06,0.0076124567474049,3.147566652146332e-05,0.0083044982698963,3.7902635078201903e-06,0.0086505190311418,4.185769265157949e-05,0.0089965397923876,3.295881311147992e-07,2,2,2,2,2
1538,0,14:26:57,2,0.0069204152249136,0.0,0.0070934256055363,0.0069204152249136,3.625469442262791e-06,0.0065743944636678,9.887643933443975e-07,0.0062283737024222,9.228467671214376e-06,0.0058823529411764,4.119851638934989e-06,0.005190311418685,2.1423228522461945e-06,0.0072664359861591,4.614233835607189e-06,0.0076124567474049,3.147566652146332e-05,0.0083044982698963,3.7902635078201903e-06,0.0086505190311418,4.185769265157949e-05,0.0089965397923876,3.295881311147992e-07,2,2,2,2,2
1539,0,14:27:00,2,0.0069204152249136,40748.0,0.0070934256055363,0.0069204152249136,2.636705048918393e-06,0.0065743944636678,1.3183525244591966e-06,0.0062283737024222,9.228467671214376e-06,0.0058823529411764,4.119851638934989e-06,0.005190311418685,2.1423228522461945e-06,0.0072664359861591,3.295881311147992e-06,0.0076124567474049,3.147566652146332e-05,0.0083044982698963,3.7902635078201903e-06,0.0086505190311418,4.185769265157949e-05,0.0089965397923876,3.295881311147992e-07,2,2,2,2,2
1540,0,14:27:03,2,0.0069204152249136,2910.0,0.0070934256055363,0.0069204152249136,2.801499114475793e-06,0.0065743944636678,1.6479406555739958e-06,0.0062283737024222,9.228467671214376e-06,0.0058823529411764,4.119851638934989e-06,0.005190311418685,2.1423228522461945e-06,0.0072664359861591,3.295881311147992e-06,0.0076124567474049,3.147566652146332e-05,0.0083044982698963,3.7902635078201903e-06,0.0086505190311418,4.185769265157949e-05,0.0089965397923876,3.295881311147992e-07,2,2,2,2,2
1541,0,14:27:06,2,0.0076124567474049,614412.0,0.0079584775086507,0.0076124567474049,1.4666671834608563e-05,0.0069204152249136,2.801499114475793e-06,0.0065743944636678,1.6479406555739958e-06,0.0062283737024222,9.228467671214376e-06,0.0058823529411764,4.119851638934989e-06,0.0083044982698963,3.7902635078201903e-06,0.0086505190311418,4.185769265157949e-05,0.0089965397923876,3.295881311147992e-07,0.0093425605536332,4.5977544290514485e-05,0.009688581314879,1.8456935342428754e-05,1,2,1,1,1
1542,0,14:27:09,2,0.0076124567474049,0.0,0.0079584775086507,0.0076124567474049,1.4666671834608563e-05,0.0069204152249136,2.801499114475793e-06,0.0065743944636678,1.6479406555739958e-06,0.0062283737024222,9.228467671214376e-06,0.0058823529411764,4.119851638934989e-06,0.0083044982698963,5.438204163394186e-06,0.0086505190311418,4.185769265157949e-05,0.0089965397923876,3.295881311147992e-07,0.0093425605536332,4.5977544290514485e-05,0.009688581314879,1.8456935342428754e-05,1,2,1,1,1
1543,0,14:27:12,2,0.0076124567474049,0.0,0.0079584775086507,0.0076124567474049,1.4666671834608563e-05,0.0069204152249136,2.801499114475793e-06,0.0065743944636678,2.636705048918393e-06,0.0062283737024222,9.228467671214376e-06,0.0058823529411764,4.119851638934989e-06,0.0083044982698963,5.438204163394186e-06,0.0086505190311418,4.185769265157949e-05,0.0089965397923876,3.295881311147992e-07,0.0093425605536332,4.5977544290514485e-05,0.009688581314879,1.8456935342428754e-05,1,2,1,1,2
1544,0,14:27:15,2,0.0083044982698963,17482.0,0.0079584775086507,0.0076124567474049,1.4501877769051163e-05,0.0069204152249136,2.801499114475793e-06,0.0065743944636678,2.636705048918393e-06,0.0062283737024222,9.228467671214376e-06,0.0058823529411764,4.119851638934989e-06,0.0083044982698963,4.779027901164588e-06,0.0086505190311418,4.185769265157949e-05,0.0089965397923876,3.295881311147992e-07,0.0093425605536332,4.5977544290514485e-05,0.009688581314879,1.8456935342428754e-05,1,2,1,1,2
1545,0,14:27:18,2,0.0083044982698963,0.0,0.0079584775086507,0.0076124567474049,1.4501877769051163e-05,0.0069204152249136,2.801499114475793e-06,0.0065743944636678,2.636705048918393e-06,0.0062283737024222,9.228467671214376e-06,0.0058823529411764,4.119851638934989e-06,0.0083044982698963,4.779027901164588e-06,0.0086505190311418,4.185769265157949e-05,0.0089965397923876,3.295881311147992e-07,0.0093425605536332,4.5977544290514485e-05,0.009688581314879,1.8456935342428754e-05,1,2,1,1,1
1546,0,14:27:21,2,0.0083044982698963,0.0,0.0077854671280277,0.0076124567474049,1.4501877769051163e-05,0.0069204152249136,2.801499114475793e-06,0.0065743944636678,2.636705048918393e-06,0.0062283737024222,9.228467671214376e-06,0.0058823529411764,4.119851638934989e-06,0.0079584775086505,4.9438219667219874e-06,0.0083044982698963,5.273410097836786e-06,0.0086505190311418,4.185769265157949e-05,0.0089965397923876,3.295881311147992e-07,0.0093425605536332,4.5977544290514485e-05,2,2,1,1,2
1547,0,14:27:24,2,0.0083044982698963,0.0,0.0077854671280277,0.0076124567474049,1.4501877769051163e-05,0.0069204152249136,2.801499114475793e-06,0.0065743944636678,2.636705048918393e-06,0.0062283737024222,9.228467671214376e-06,0.0058823529411764,4.119851638934989e-06,0.0079584775086505,4.9438219667219874e-06,0.0083044982698963,5.273410097836786e-06,0.0086505190311418,4.185769265157949e-05,0.0089965397923876,3.295881311147992e-07,0.0093425605536332,4.5977544290514485e-05,2,2,1,1,2
1548,0,14:27:27,2,0.0076124567474049,2912.0,0.0077854671280277,0.0076124567474049,1.4337083703493764e-05,0.0069204152249136,2.801499114475793e-06,0.0065743944636678,2.636705048918393e-06,0.0062283737024222,9.228467671214376e-06,0.0058823529411764,4.119851638934989e-06,0.0079584775086505,4.9438219667219874e-06,0.0083044982698963,5.273410097836786e-06,0.0086505190311418,4.185769265157949e-05,0.0089965397923876,3.295881311147992e-07,0.0093425605536332,4.5977544290514485e-05,2,2,1,1,2
1549,0,14:27:30,2,0.0079584775086505,87390.0,0.0081314878892733,0.0079584775086505,7.415732950082981e-06,0.0076124567474049,1.4337083703493764e-05,0.0069204152249136,2.801499114475793e-06,0.0065743944636678,2.636705048918393e-06,0.0062283737024222,9.228467671214376e-06,0.0083044982698963,5.273410097836786e-06,0.0086505190311418,4.185769265157949e-05,0.0089965397923876,3.295881311147992e-07,0.0093425605536332,4.5977544290514485e-05,0.009688581314879,1.8456935342428754e-05,1,1,1,1,1
1550,0,14:27:33,2,0.0083044982698963,113645.0,0.0081314878892733,0.0079584775086505,7.250938884525582e-06,0.0076124567474049,1.4337083703493764e-05,0.0069204152249136,2.801499114475793e-06,0.0065743944636678,2.636705048918393e-06,0.0062283737024222,9.228467671214376e-06,0.0083044982698963,6.591762622295983e-07,0.0086505190311418,4.185769265157949e-05,0.0089965397923876,3.295881311147992e-07,0.0093425605536332,4.5977544290514485e-05,0.009688581314879,1.8456935342428754e-05,1,1,1,2,1
1551,0,14:27:36,2,0.0079584775086505,17482.0,0.0084775086505191,0.0083044982698963,3.295881311147992e-07,0.0079584775086505,7.086144818968182e-06,0.0076124567474049,1.4337083703493764e-05,0.0069204152249136,2.4719109833609937e-06,0.0065743944636678,2.3071169178035943e-06,0.0086505190311418,4.185769265157949e-05,0.0089965397923876,3.295881311147992e-07,0.0093425605536332,4.5977544290514485e-05,0.009688581314879,1.8456935342428754e-05,0.0100346020761246,2.1917610719134143e-05,1,1,1,1,1
1552,0,14:27:39,2,0.0079584775086505,0.0,0.0084775086505191,0.0083044982698963,3.295881311147992e-07,0.0079584775086505,7.086144818968182e-06,0.0076124567474049,1.4337083703493764e-05,0.0069204152249136,2.4719109833609937e-06,0.0065743944636678,2.3071169178035943e-06,0.0086505190311418,4.185769265157949e-05,0.0089965397923876,3.295881311147992e-07,0.0093425605536332,4.5977544290514485e-05,0.009688581314879,1.8456935342428754e-05,0.0100346020761246,2.1917610719134143e-05,1,1,1,1,1
1553,0,14:27:42,2,0.0079584775086505,0.0,0.0084775086505191,0.0083044982698963,6.591762622295983e-07,0.0079584775086505,7.086144818968182e-06,0.0076124567474049,1.4337083703493764e-05,0.0069204152249136,2.4719109833609937e-06,0.0065743944636678,2.3071169178035943e-06,0.0086505190311418,4.185769265157949e-05,0.0089965397923876,3.295881311147992e-07,0.0093425605536332,4.5977544290514485e-05,0.009688581314879,1.8456935342428754e-05,0.0100346020761246,2.1917610719134143e-05,1,1,1,1,1
1554,0,14:27:45,2,0.0079584775086505,0.0,0.0084775086505191,0.0083044982698963,6.591762622295983e-07,0.0079584775086505,7.086144818968182e-06,0.0076124567474049,1.4337083703493764e-05,0.0069204152249136,2.4719109833609937e-06,0.0065743944636678,2.3071169178035943e-06,0.0086505190311418,4.185769265157949e-05,0.0089965397923876,3.295881311147992e-07,0.0093425605536332,4.5977544290514485e-05,0.009688581314879,1.8456935342428754e-05,0.0100346020761246,2.1917610719134143e-05,1,1,1,1,1
1555,0,14:27:48,2,0.0083044982698963,26234.0,0.0084775086505191,0.0083044982698963,4.943821966721988e-07,0.0079584775086505,7.086144818968182e-06,0.0076124567474049,1.4337083703493764e-05,0.0069204152249136,2.4719109833609937e-06,0.0065743944636678,2.3071169178035943e-06,0.0086505190311418,4.0539340127120295e-05,0.0089965397923876,3.295881311147992e-07,0.0093425605536332,4.5977544290514485e-05,0.009688581314879,1.8456935342428754e-05,0.0100346020761246,2.1917610719134143e-05,1,1,1,1,1
1556,0,14:27:51,2,0.0083044982698963,0.0,0.0084775086505191,0.0083044982698963,4.943821966721988e-07,0.0079584775086505,7.086144818968182e-06,0.0076124567474049,1.4337083703493764e-05,0.0069204152249136,2.4719109833609937e-06,0.0065743944636678,2.3071169178035943e-06,0.0086505190311418,4.0539340127120295e-05,0.0089965397923876,3.295881311147992e-07,0.0093425605536332,4.5977544290514485e-05,0.009688581314879,1.8456935342428754e-05,0.0100346020761246,2.1917610719134143e-05,1,1,1,1,1
1557,0,14:27:54,2,0.0083044982698963,0.0,0.0084775086505191,0.0083044982698963,3.7902635078201903e-06,0.0079584775086505,7.086144818968182e-06,0.0076124567474049,1.4337083703493764e-05,0.0069204152249136,2.4719109833609937e-06,0.0065743944636678,2.3071169178035943e-06,0.0086505190311418,4.119851638934989e-05,0.0089965397923876,3.295881311147992e-07,0.0093425605536332,4.5977544290514485e-05,0.009688581314879,1.8456935342428754e-05,0.0100346020761246,2.1917610719134143e-05,1,1,1,1,1
1558,0,14:27:57,2,0.0083044982698963,0.0,0.0084775086505191,0.0083044982698963,3.460675376705391e-06,0.0079584775086505,7.086144818968182e-06,0.0076124567474049,1.4337083703493764e-05,0.0069204152249136,2.4719109833609937e-06,0.0065743944636678,2.3071169178035943e-06,0.0086505190311418,4.119851638934989e-05,0.0089965397923876,3.295881311147992e-07,0.0093425605536332,4.5977544290514485e-05,0.009688581314879,1.8456935342428754e-05,0.0100346020761246,2.1917610719134143e-05,1,1,1,1,1
1559,0,14:28:00,2,0.0083044982698963,2914.0,0.0084775086505191,0.0083044982698963,3.295881311147992e-06,0.0079584775086505,7.086144818968182e-06,0.0076124567474049,1.4337083703493764e-05,0.0069204152249136,2.4719109833609937e-06,0.0065743944636678,2.3071169178035943e-06,0.0086505190311418,4.119851638934989e-05,0.0089965397923876,3.295881311147992e-07,0.0093425605536332,4.5977544290514485e-05,0.009688581314879,1.8456935342428754e-05,0.0100346020761246,2.1917610719134143e-05,1,1,1,1,1
1560,0,14:28:03,2,0.0083044982698963,58280.0,0.0081314878892733,0.0079584775086505,7.086144818968182e-06,0.0076124567474049,1.4337083703493764e-05,0.0069204152249136,2.4719109833609937e-06,0.0065743944636678,2.3071169178035943e-06,0.0062283737024222,9.228467671214376e-06,0.0083044982698963,1.3183525244591968e-05,0.0086505190311418,4.119851638934989e-05,0.0089965397923876,3.295881311147992e-07,0.0093425605536332,4.5977544290514485e-05,0.009688581314879,1.8456935342428754e-05,1,1,1,1,1
1561,0,14:28:06,2,0.0083044982698963,2914.0,0.0081314878892733,0.0079584775086505,6.921350753410782e-06,0.0076124567474049,1.4337083703493764e-05,0.0069204152249136,2.4719109833609937e-06,0.0065743944636678,2.3071169178035943e-06,0.0062283737024222,9.228467671214376e-06,0.0083044982698963,1.3018731179034568e-05,0.0086505190311418,4.119851638934989e-05,0.0089965397923876,3.295881311147992e-07,0.0093425605536332,4.5977544290514485e-05,0.009688581314879,1.8456935342428754e-05,1,1,1,1,2
1562,0,14:28:09,2,0.0079584775086505,2913.0,0.0081314878892733,0.0079584775086505,6.756556687853383e-06,0.0076124567474049,1.4337083703493764e-05,0.0069204152249136,2.4719109833609937e-06,0.0065743944636678,2.3071169178035943e-06,0.0062283737024222,9.228467671214376e-06,0.0083044982698963,1.3018731179034568e-05,0.0086505190311418,4.119851638934989e-05,0.0089965397923876,3.295881311147992e-07,0.0093425605536332,4.5977544290514485e-05,0.009688581314879,1.8456935342428754e-05,1,1,1,1,2
1563,0,14:28:12,2,0.0079584775086505,0.0,0.0081314878892733,0.0079584775086505,7.086144818968182e-06,0.0076124567474049,1.4337083703493764e-05,0.0069204152249136,2.4719109833609937e-06,0.0065743944636678,2.3071169178035943e-06,0.0062283737024222,9.228467671214376e-06,0.0083044982698963,1.3018731179034568e-05,0.0086505190311418,4.119851638934989e-05,0.0089965397923876,3.295881311147992e-07,0.0093425605536332,4.5977544290514485e-05,0.009688581314879,1.8456935342428754e-05,1,1,1,2,2
1564,0,14:28:15,2,0.0079584775086505,61174.0,0.0081314878892733,0.0079584775086505,3.7902635078201903e-06,0.0076124567474049,1.4337083703493764e-05,0.0069204152249136,6.097380425623785e-06,0.0065743944636678,2.3071169178035943e-06,0.0062283737024222,9.228467671214376e-06,0.0083044982698963,1.2853937113477169e-05,0.0086505190311418,4.119851638934989e-05,0.0089965397923876,3.295881311147992e-07,0.0093425605536332,4.5977544290514485e-05,0.009688581314879,1.8456935342428754e-05,1,1,1,2,2
1565,0,14:28:18,2,0.0079584775086505,2913.0,0.0081314878892733,0.0079584775086505,3.625469442262791e-06,0.0076124567474049,1.4337083703493764e-05,0.0069204152249136,6.097380425623785e-06,0.0065743944636678,2.3071169178035943e-06,0.0062283737024222,9.228467671214376e-06,0.0083044982698963,1.2853937113477169e-05,0.0086505190311418,4.119851638934989e-05,0.0089965397923876,3.295881311147992e-07,0.0093425605536332,4.5977544290514485e-05,0.009688581314879,1.8456935342428754e-05,1,1,1,1,2
1566,0,14:28:21,2,0.0079584775086505,2913.0,0.0081314878892733,0.0079584775086505,5.108616032279387e-06,0.0076124567474049,1.4337083703493764e-05,0.0069204152249136,6.097380425623785e-06,0.0065743944636678,2.3071169178035943e-06,0.0062283737024222,9.228467671214376e-06,0.0083044982698963,1.2853937113477169e-05,0.0086505190311418,4.119851638934989e-05,0.0089965397923876,3.295881311147992e-07,0.0093425605536332,4.5977544290514485e-05,0.009688581314879,1.8456935342428754e-05,1,1,1,1,2
1567,0,14:28:24,2,0.0079584775086505,2913.0,0.0081314878892733,0.0079584775086505,4.9438219667219874e-06,0.0076124567474049,1.4337083703493764e-05,0.0069204152249136,6.097380425623785e-06,0.0065743944636678,2.3071169178035943e-06,0.0062283737024222,9.228467671214376e-06,0.0083044982698963,1.3018731179034568e-05,0.0086505190311418,4.119851638934989e-05,0.0089965397923876,3.295881311147992e-07,0.0093425605536332,4.5977544290514485e-05,0.009688581314879,1.8456935342428754e-05,1,1,1,1,2
1568,0,14:28:27,2,0.0079584775086505,0.0,0.0081314878892733,0.0079584775086505,5.932586360066385e-06,0.0076124567474049,1.4337083703493764e-05,0.0069204152249136,6.097380425623785e-06,0.0065743944636678,2.3071169178035943e-06,0.0062283737024222,9.228467671214376e-06,0.0083044982698963,1.3018731179034568e-05,0.0086505190311418,4.119851638934989e-05,0.0089965397923876,3.295881311147992e-07,0.0093425605536332,4.5977544290514485e-05,0.009688581314879,1.8456935342428754e-05,1,1,1,1,2
1569,0,14:28:30,2,0.0079584775086505,0.0,0.0081314878892733,0.0079584775086505,5.932586360066385e-06,0.0076124567474049,1.4337083703493764e-05,0.0069204152249136,6.097380425623785e-06,0.0065743944636678,2.3071169178035943e-06,0.0062283737024222,9.228467671214376e-06,0.0083044982698963,1.3513113375706766e-05,0.0086505190311418,4.0539340127120295e-05,0.0089965397923876,3.295881311147992e-07,0.0093425605536332,4.5977544290514485e-05,0.009688581314879,1.8456935342428754e-05,1,1,1,1,2
1570,0,14:28:33,2,0.0083044982698963,8741.0,0.0081314878892733,0.0079584775086505,5.767792294508985e-06,0.0076124567474049,1.4337083703493764e-05,0.0069204152249136,6.097380425623785e-06,0.0065743944636678,1.3183525244591966e-06,0.0062283737024222,9.228467671214376e-06,0.0083044982698963,1.3183525244591968e-05,0.0086505190311418,4.0539340127120295e-05,0.0089965397923876,3.295881311147992e-07,0.0093425605536332,4.5977544290514485e-05,0.009688581314879,1.8456935342428754e-05,1,1,2,1,2
1571,0,14:28:36,2,0.0083044982698963,0.0,0.0081314878892733,0.0079584775086505,5.767792294508985e-06,0.0076124567474049,1.4337083703493764e-05,0.0069204152249136,6.097380425623785e-06,0.0065743944636678,1.3183525244591966e-06,0.0062283737024222,9.228467671214376e-06,0.0083044982698963,1.3183525244591968e-05,0.0086505190311418,4.0539340127120295e-05,0.0089965397923876,3.295881311147992e-07,0.0093425605536332,4.5977544290514485e-05,0.009688581314879,1.8456935342428754e-05,1,1,2,1,2
1572,0,14:28:39,2,0.0083044982698963,52452.0,0.0081314878892733,0.0079584775086505,5.767792294508985e-06,0.0076124567474049,1.4337083703493764e-05,0.0069204152249136,6.097380425623785e-06,0.0065743944636678,1.3183525244591966e-06,0.0062283737024222,9.228467671214376e-06,0.0083044982698963,1.0217232064558776e-05,0.0086505190311418,4.0539340127120295e-05,0.0089965397923876,3.295881311147992e-07,0.0093425605536332,4.5977544290514485e-05,0.009688581314879,1.8456935342428754e-05,1,1,2,1,2
1573,0,14:28:42,2,0.0083044982698963,2914.0,0.0081314878892733,0.0079584775086505,5.767792294508985e-06,0.0076124567474049,1.4337083703493764e-05,0.0069204152249136,6.097380425623785e-06,0.0065743944636678,1.3183525244591966e-06,0.0062283737024222,9.228467671214376e-06,0.0083044982698963,1.0382026130116173e-05,0.0086505190311418,4.0539340127120295e-05,0.0089965397923876,3.295881311147992e-07,0.0093425605536332,4.5977544290514485e-05,0.009688581314879,1.8456935342428754e-05,1,1,1,1,2
1574,0,14:28:45,2,0.0083044982698963,23311.0,0.0081314878892733,0.0079584775086505,5.602998228951586e-06,0.0076124567474049,1.4337083703493764e-05,0.0069204152249136,6.097380425623785e-06,0.0065743944636678,1.3183525244591966e-06,0.0062283737024222,9.228467671214376e-06,0.0083044982698963,9.228467671214376e-06,0.0086505190311418,4.0539340127120295e-05,0.0089965397923876,3.295881311147992e-07,0.0093425605536332,4.5977544290514485e-05,0.009688581314879,1.8456935342428754e-05,1,1,1,1,2
1575,0,14:28:48,2,0.0083044982698963,8742.0,0.0081314878892733,0.0079584775086505,5.602998228951586e-06,0.0076124567474049,1.4337083703493764e-05,0.0069204152249136,6.097380425623785e-06,0.0065743944636678,1.3183525244591966e-06,0.0062283737024222,9.228467671214376e-06,0.0083044982698963,8.734085474542178e-06,0.0086505190311418,4.0539340127120295e-05,0.0089965397923876,3.295881311147992e-07,0.0093425605536332,4.5977544290514485e-05,0.009688581314879,1.8456935342428754e-05,1,1,1,1,2
1576,0,14:28:51,2,0.0083044982698963,0.0,0.0081314878892733,0.0079584775086505,5.602998228951586e-06,0.0076124567474049,1.4337083703493764e-05,0.0069204152249136,6.097380425623785e-06,0.0065743944636678,2.636705048918393e-06,0.0062283737024222,9.228467671214376e-06,0.0083044982698963,8.734085474542178e-06,0.0086505190311418,4.0539340127120295e-05,0.0089965397923876,3.295881311147992e-07,0.0093425605536332,4.680151461830148e-05,0.009688581314879,1.8456935342428754e-05,1,1,1,1,2
1577,0,14:28:54,2,0.0079584775086505,2913.0,0.0081314878892733,0.0079584775086505,5.438204163394186e-06,0.0076124567474049,1.4337083703493764e-05,0.0069204152249136,6.097380425623785e-06,0.0065743944636678,2.636705048918393e-06,0.0062283737024222,9.228467671214376e-06,0.0083044982698963,8.734085474542178e-06,0.0086505190311418,4.0539340127120295e-05,0.0089965397923876,8.239703277869979e-07,0.0093425605536332,4.680151461830148e-05,0.009688581314879,1.8456935342428754e-05,1,1,1,1,2
1578,0,14:28:57,2,0.0079584775086505,99072.0,0.0081314878892733,0.0079584775086505,4.779027901164588e-06,0.0076124567474049,1.4337083703493764e-05,0.0069204152249136,6.097380425623785e-06,0.0065743944636678,2.636705048918393e-06,0.0062283737024222,9.228467671214376e-06,0.0083044982698963,3.7902635078201903e-06,0.0086505190311418,4.0539340127120295e-05,0.0089965397923876,8.239703277869979e-07,0.0093425605536332,4.762548494608848e-05,0.009688581314879,1.8456935342428754e-05,1,1,1,1,2
1579,0,14:29:00,2,0.0079584775086505,0.0,0.0081314878892733,0.0079584775086505,4.779027901164588e-06,0.0076124567474049,1.4337083703493764e-05,0.0069204152249136,6.097380425623785e-06,0.0065743944636678,2.636705048918393e-06,0.0062283737024222,9.228467671214376e-06,0.0083044982698963,3.7902635078201903e-06,0.0086505190311418,4.0539340127120295e-05,0.0089965397923876,8.239703277869979e-07,0.0093425605536332,4.762548494608848e-05,0.009688581314879,1.8456935342428754e-05,1,2,1,1,2
1580,0,14:29:03,2,0.0079584775086505,0.0,0.0081314878892733,0.0079584775086505,5.438204163394186e-06,0.0076124567474049,1.4337083703493764e-05,0.0069204152249136,6.097380425623785e-06,0.0065743944636678,2.636705048918393e-06,0.0062283737024222,9.228467671214376e-06,0.0083044982698963,3.95505757337759e-06,0.0086505190311418,4.0539340127120295e-05,0.0089965397923876,8.239703277869979e-07,0.0093425605536332,4.762548494608848e-05,0.009688581314879,1.8456935342428754e-05,1,2,1,1,2
1581,0,14:29:06,2,0.0079584775086505,8741.0,0.0081314878892733,0.0079584775086505,5.273410097836786e-06,0.0076124567474049,1.4337083703493764e-05,0.0069204152249136,6.097380425623785e-06,0.0065743944636678,2.636705048918393e-06,0.0062283737024222,9.228467671214376e-06,0.0083044982698963,3.625469442262791e-06,0.0086505190311418,4.08689282582351e-05,0.0089965397923876,8.239703277869979e-07,0.0093425605536332,4.762548494608848e-05,0.009688581314879,1.8456935342428754e-05,1,2,1,2,2
1582,0,14:29:09,2,0.0079584775086505,0.0,0.0081314878892733,0.0079584775086505,5.438204163394186e-06,0.0076124567474049,1.4337083703493764e-05,0.0069204152249136,6.097380425623785e-06,0.0065743944636678,2.636705048918393e-06,0.0062283737024222,9.228467671214376e-06,0.0083044982698963,3.625469442262791e-06,0.0086505190311418,4.08689282582351e-05,0.0089965397923876,8.239703277869979e-07,0.0093425605536332,4.762548494608848e-05,0.009688581314879,1.8456935342428754e-05,1,2,1,2,2
1583,0,14:29:12,2,0.0083044982698963,20398.0,0.0081314878892733,0.0079584775086505,5.438204163394186e-06,0.0076124567474049,1.4337083703493764e-05,0.0069204152249136,6.097380425623785e-06,0.0065743944636678,2.636705048918393e-06,0.0062283737024222,9.228467671214376e-06,0.0083044982698963,2.4719109833609937e-06,0.0086505190311418,4.103372232379249e-05,0.0089965397923876,8.239703277869979e-07,0.0093425605536332,4.762548494608848e-05,0.009688581314879,1.8456935342428754e-05,1,2,2,2,2
1584,0,14:29:15,2,0.0083044982698963,0.0,0.0081314878892733,0.0079584775086505,5.438204163394186e-06,0.0076124567474049,1.4337083703493764e-05,0.0069204152249136,6.097380425623785e-06,0.0065743944636678,2.636705048918393e-06,0.0062283737024222,9.228467671214376e-06,0.0083044982698963,2.4719109833609937e-06,0.0086505190311418,4.103372232379249e-05,0.0089965397923876,8.239703277869979e-07,0.0093425605536332,4.762548494608848e-05,0.009688581314879,1.8456935342428754e-05,2,2,2,2,2
1585,0,14:29:18,2,0.0086505190311418,204025.0,0.0083044982698963,0.0079584775086505,4.779027901164588e-06,0.0076124567474049,1.4337083703493764e-05,0.0069204152249136,6.097380425623785e-06,0.0065743944636678,2.636705048918393e-06,0.0062283737024222,9.228467671214376e-06,0.0086505190311418,3.361798937370951e-05,0.0089965397923876,8.239703277869979e-07,0.0093425605536332,4.762548494608848e-05,0.009688581314879,1.8456935342428754e-05,0.0100346020761246,2.1917610719134143e-05,2,2,1,1,2
1586,0,14:29:21,2,0.0086505190311418,0.0,0.0083044982698963,0.0079584775086505,4.779027901164588e-06,0.0076124567474049,1.499625996572336e-05,0.0069204152249136,6.097380425623785e-06,0.0065743944636678,2.636705048918393e-06,0.0062283737024222,9.228467671214376e-06,0.0086505190311418,3.361798937370951e-05,0.0089965397923876,3.295881311147992e-07,0.0093425605536332,4.762548494608848e-05,0.009688581314879,1.8456935342428754e-05,0.0100346020761246,2.1917610719134143e-05,2,2,1,1,2
1587,0,14:29:24,2,0.0086505190311418,204050.0,0.0084775086505191,0.0083044982698963,4.943821966721988e-07,0.0079584775086505,5.767792294508985e-06,0.0076124567474049,1.499625996572336e-05,0.0069204152249136,6.097380425623785e-06,0.0065743944636678,2.636705048918393e-06,0.0086505190311418,2.2082404784691544e-05,0.0089965397923876,3.295881311147992e-07,0.0093425605536332,4.680151461830148e-05,0.009688581314879,1.8456935342428754e-05,0.0100346020761246,2.1917610719134143e-05,2,2,1,1,2
1588,0,14:29:27,2,0.0086505190311418,390610.0,0.0084775086505191,0.0083044982698963,4.943821966721988e-07,0.0079584775086505,5.767792294508985e-06,0.0076124567474049,1.499625996572336e-05,0.0069204152249136,6.097380425623785e-06,0.0065743944636678,2.636705048918393e-06,0.0086505190311418,9.887643933443975e-07,0.0089965397923876,3.295881311147992e-07,0.0093425605536332,4.680151461830148e-05,0.009688581314879,1.8456935342428754e-05,0.0100346020761246,2.1917610719134143e-05,2,1,1,2,2
1589,0,14:29:30,2,0.0086505190311418,20404.0,0.0088235294117648,0.0086505190311418,1.6479406555739957e-07,0.0083044982698963,9.393261736771775e-06,0.0079584775086505,5.767792294508985e-06,0.0076124567474049,1.499625996572336e-05,0.0069204152249136,6.097380425623785e-06,0.0089965397923876,3.295881311147992e-07,0.0093425605536332,4.680151461830148e-05,0.009688581314879,1.8456935342428754e-05,0.0100346020761246,2.1917610719134143e-05,0.0103806228373701,4.779027901164588e-05,1,1,1,1,2
1590,0,14:29:33,2,0.0089965397923876,5832.0,0.0091695501730104,0.0089965397923876,5.602998228951586e-06,0.0086505190311418,1.6479406555739957e-07,0.0083044982698963,9.393261736771775e-06,0.0079584775086505,5.767792294508985e-06,0.0076124567474049,1.499625996572336e-05,0.0093425605536332,4.680151461830148e-05,0.009688581314879,1.8456935342428754e-05,0.0100346020761246,2.1917610719134143e-05,0.0103806228373701,4.779027901164588e-05,0.0107266435986159,2.2247198850248946e-05,1,1,1,1,1
1591,0,14:29:36,2,0.0089965397923876,84564.0,0.0091695501730104,0.0089965397923876,8.239703277869979e-07,0.0086505190311418,1.8127347211313956e-06,0.0083044982698963,9.393261736771775e-06,0.0079584775086505,5.767792294508985e-06,0.0076124567474049,1.4337083703493764e-05,0.0093425605536332,4.680151461830148e-05,0.009688581314879,1.8456935342428754e-05,0.0100346020761246,2.1917610719134143e-05,0.0103806228373701,4.779027901164588e-05,0.0107266435986159,2.2247198850248946e-05,1,1,1,1,1
1592,0,14:29:39,2,0.0089965397923876,2916.0,0.0091695501730104,0.0089965397923876,6.591762622295983e-07,0.0086505190311418,1.8127347211313956e-06,0.0083044982698963,1.4501877769051163e-05,0.0079584775086505,5.767792294508985e-06,0.0076124567474049,1.4337083703493764e-05,0.0093425605536332,4.02097519960055e-05,0.009688581314879,1.8456935342428754e-05,0.0100346020761246,2.1917610719134143e-05,0.0103806228373701,4.779027901164588e-05,0.0107266435986159,2.2247198850248946e-05,1,1,1,1,1
1593,0,14:29:42,2,0.0089965397923876,32070.0,0.0089965397923876,0.0086505190311418,8.239703277869979e-07,0.0083044982698963,1.4501877769051163e-05,0.0079584775086505,5.767792294508985e-06,0.0076124567474049,1.4337083703493764e-05,0.0069204152249136,4.449439770049789e-06,0.0093425605536332,4.02097519960055e-05,0.009688581314879,1.8456935342428754e-05,0.0100346020761246,2.1917610719134143e-05,0.0103806228373701,4.779027901164588e-05,0.0107266435986159,2.2247198850248946e-05,1,1,1,1,1
1594,0,14:29:45,2,0.0093425605536332,58340.0,0.0088235294117648,0.0086505190311418,8.239703277869979e-07,0.0083044982698963,1.4501877769051163e-05,0.0079584775086505,5.602998228951586e-06,0.0076124567474049,1.4337083703493764e-05,0.0069204152249136,4.449439770049789e-06,0.0089965397923876,3.295881311147992e-07,0.0093425605536332,3.691387068485751e-05,0.009688581314879,1.8456935342428754e-05,0.0100346020761246,2.1917610719134143e-05,0.0103806228373701,4.779027901164588e-05,1,1,1,1,1
1595,0,14:29:48,2,0.0089965397923876,5832.0,0.0089965397923876,0.0086505190311418,8.239703277869979e-07,0.0083044982698963,1.4501877769051163e-05,0.0079584775086505,5.602998228951586e-06,0.0076124567474049,1.4337083703493764e-05,0.0069204152249136,4.449439770049789e-06,0.0093425605536332,3.691387068485751e-05,0.009688581314879,1.8456935342428754e-05,0.0100346020761246,2.1917610719134143e-05,0.0103806228373701,4.779027901164588e-05,0.0107266435986159,2.2247198850248946e-05,1,1,1,1,1
1596,0,14:29:51,2,0.0086505190311418,5832.0,0.0089965397923876,0.0086505190311418,6.591762622295983e-07,0.0083044982698963,1.4501877769051163e-05,0.0079584775086505,5.602998228951586e-06,0.0076124567474049,1.4337083703493764e-05,0.0069204152249136,4.449439770049789e-06,0.0093425605536332,3.674907661930011e-05,0.009688581314879,1.8456935342428754e-05,0.0100346020761246,2.1917610719134143e-05,0.0103806228373701,4.779027901164588e-05,0.0107266435986159,2.2247198850248946e-05,1,1,1,1,1
1597,0,14:29:54,2,0.0093425605536332,55423.0,0.0089965397923876,0.0086505190311418,6.591762622295983e-07,0.0083044982698963,1.4501877769051163e-05,0.0079584775086505,5.602998228951586e-06,0.0076124567474049,1.4337083703493764e-05,0.0069204152249136,4.449439770049789e-06,0.0093425605536332,3.361798937370951e-05,0.009688581314879,1.8456935342428754e-05,0.0100346020761246,2.1917610719134143e-05,0.0103806228373701,4.779027901164588e-05,0.0107266435986159,2.2247198850248946e-05,1,1,1,1,1
1598,0,14:29:57,2,0.0093425605536332,0.0,0.0088235294117648,0.0086505190311418,6.591762622295983e-07,0.0083044982698963,1.4501877769051163e-05,0.0079584775086505,5.602998228951586e-06,0.0076124567474049,1.4337083703493764e-05,0.0069204152249136,4.449439770049789e-06,0.0089965397923876,1.0546820195673573e-05,0.0093425605536332,3.361798937370951e-05,0.009688581314879,1.8456935342428754e-05,0.0100346020761246,2.1917610719134143e-05,0.0103806228373701,4.779027901164588e-05,1,1,1,1,1
1599,0,14:30:00,2,0.0086505190311418,2915.0,0.0088235294117648,0.0086505190311418,1.3183525244591966e-06,0.0083044982698963,1.4501877769051163e-05,0.0079584775086505,5.602998228951586e-06,0.0076124567474049,1.4337083703493764e-05,0.0069204152249136,4.449439770049789e-06,0.0089965397923876,1.0546820195673573e-05,0.0093425605536332,3.361798937370951e-05,0.009688581314879,1.8456935342428754e-05,0.0100346020761246,2.1917610719134143e-05,0.0103806228373701,4.779027901164588e-05,1,1,1,1,1
1600,0,14:30:03,2,0.0089965397923876,64152.0,0.0088235294117648,0.0086505190311418,1.3183525244591966e-06,0.0083044982698963,1.4501877769051163e-05,0.0079584775086505,5.602998228951586e-06,0.0076124567474049,1.4337083703493764e-05,0.0069204152249136,4.449439770049789e-06,0.0089965397923876,6.921350753410782e-06,0.0093425605536332,3.361798937370951e-05,0.009688581314879,1.8456935342428754e-05,0.0100346020761246,2.1917610719134143e-05,0.0103806228373701,4.779027901164588e-05,1,1,1,1,1
1601,0,14:30:06,2,0.0089965397923876,0.0,0.0088235294117648,0.0086505190311418,2.801499114475793e-06,0.0083044982698963,1.4501877769051163e-05,0.0079584775086505,5.602998228951586e-06,0.0076124567474049,1.4337083703493764e-05,0.0069204152249136,4.449439770049789e-06,0.0089965397923876,6.921350753410782e-06,0.0093425605536332,3.361798937370951e-05,0.009688581314879,1.8456935342428754e-05,0.0100346020761246,2.1917610719134143e-05,0.0103806228373701,4.779027901164588e-05,1,1,1,1,1
1602,0,14:30:09,2,0.0089965397923876,0.0,0.0088235294117648,0.0086505190311418,2.801499114475793e-06,0.0083044982698963,1.4501877769051163e-05,0.0079584775086505,5.602998228951586e-06,0.0076124567474049,2.9827725865889324e-05,0.0069204152249136,4.449439770049789e-06,0.0089965397923876,6.921350753410782e-06,0.0093425605536332,3.361798937370951e-05,0.009688581314879,1.8456935342428754e-05,0.0100346020761246,2.1917610719134143e-05,0.0103806228373701,4.779027901164588e-05,1,1,1,1,1
1603,0,14:30:12,2,0.0089965397923876,125387.0,0.0091695501730104,0.0089965397923876,1.977528786688795e-06,0.0086505190311418,2.636705048918393e-06,0.0083044982698963,1.4501877769051163e-05,0.0079584775086505,5.602998228951586e-06,0.0076124567474049,2.9827725865889324e-05,0.0093425605536332,3.4606753767053915e-05,0.009688581314879,1.8456935342428754e-05,0.0100346020761246,2.1917610719134143e-05,0.0103806228373701,4.779027901164588e-05,0.0107266435986159,2.2247198850248946e-05,1,1,1,1,1
1604,0,14:30:15,2,0.0089965397923876,11664.0,0.0091695501730104,0.0089965397923876,1.6479406555739958e-06,0.0086505190311418,3.295881311147992e-06,0.0083044982698963,1.4501877769051163e-05,0.0079584775086505,5.602998228951586e-06,0.0076124567474049,2.9827725865889324e-05,0.0093425605536332,3.4606753767053915e-05,0.009688581314879,1.8456935342428754e-05,0.0100346020761246,2.1917610719134143e-05,0.0103806228373701,4.779027901164588e-05,0.0107266435986159,2.2247198850248946e-05,1,1,1,1,1
1605,0,14:30:18,2,0.0083044982698963,271042.0,0.0088235294117648,0.0086505190311418,9.887643933443975e-07,0.0083044982698963,4.119851638934989e-06,0.0079584775086505,5.602998228951586e-06,0.0076124567474049,2.9827725865889324e-05,0.0069204152249136,4.449439770049789e-06,0.0089965397923876,3.295881311147992e-07,0.0093425605536332,3.4606753767053915e-05,0.009688581314879,1.8456935342428754e-05,0.0100346020761246,2.1917610719134143e-05,0.0103806228373701,4.779027901164588e-05,1,1,1,1,1
1606,0,14:30:21,2,0.0089965397923876,5832.0,0.0088235294117648,0.0086505190311418,9.887643933443975e-07,0.0083044982698963,4.119851638934989e-06,0.0079584775086505,5.602998228951586e-06,0.0076124567474049,2.9827725865889324e-05,0.0069204152249136,4.449439770049789e-06,0.0089965397923876,3.295881311147992e-07,0.0093425605536332,3.4606753767053915e-05,0.009688581314879,1.7797759080199155e-05,0.0100346020761246,2.1917610719134143e-05,0.0103806228373701,4.779027901164588e-05,1,1,1,1,1
1607,0,14:30:24,2,0.0086505190311418,2915.0,0.0088235294117648,0.0086505190311418,8.239703277869979e-07,0.0083044982698963,4.119851638934989e-06,0.0079584775086505,7.086144818968182e-06,0.0076124567474049,2.9827725865889324e-05,0.0069204152249136,4.449439770049789e-06,0.0089965397923876,3.295881311147992e-07,0.0093425605536332,3.4606753767053915e-05,0.009688581314879,1.7797759080199155e-05,0.0100346020761246,2.1917610719134143e-05,0.0103806228373701,4.779027901164588e-05,1,1,1,1,1
1608,0,14:30:27,2,0.0093425605536332,145848.0,0.0089965397923876,0.0086505190311418,8.239703277869979e-07,0.0083044982698963,4.119851638934989e-06,0.0079584775086505,7.086144818968182e-06,0.0076124567474049,2.9827725865889324e-05,0.0069204152249136,4.449439770049789e-06,0.0093425605536332,2.6696638620298733e-05,0.009688581314879,1.7797759080199155e-05,0.0100346020761246,2.1917610719134143e-05,0.0103806228373701,4.779027901164588e-05,0.0107266435986159,2.2247198850248946e-05,1,1,1,1,1
1609,0,14:30:30,2,0.0093425605536332,0.0,0.0089965397923876,0.0086505190311418,8.239703277869979e-07,0.0083044982698963,4.284645704492389e-06,0.0079584775086505,7.086144818968182e-06,0.0076124567474049,2.9827725865889324e-05,0.0069204152249136,4.449439770049789e-06,0.0093425605536332,2.6696638620298733e-05,0.009688581314879,1.7797759080199155e-05,0.0100346020761246,2.1917610719134143e-05,0.0103806228373701,4.779027901164588e-05,0.0107266435986159,2.2247198850248946e-05,1,1,1,1,1
1610,0,14:30:33,2,0.0093425605536332,5834.0,0.0088235294117648,0.0086505190311418,7.415732950082981e-06,0.0083044982698963,4.284645704492389e-06,0.0079584775086505,7.415732950082981e-06,0.0076124567474049,2.9992519931446723e-05,0.0069204152249136,4.449439770049789e-06,0.0089965397923876,2.9662931800331924e-06,0.0093425605536332,2.6367050489183933e-05,0.009688581314879,1.7797759080199155e-05,0.0100346020761246,2.1917610719134143e-05,0.0103806228373701,4.795507307720328e-05,1,1,1,2,1
1611,0,14:30:36,2,0.0093425605536332,0.0,0.0088235294117648,0.0086505190311418,7.415732950082981e-06,0.0083044982698963,4.284645704492389e-06,0.0079584775086505,7.415732950082981e-06,0.0076124567474049,2.9992519931446723e-05,0.0069204152249136,4.449439770049789e-06,0.0089965397923876,3.131087245590592e-06,0.0093425605536332,2.9003755538102327e-05,0.009688581314879,1.7797759080199155e-05,0.0100346020761246,2.1917610719134143e-05,0.0103806228373701,4.795507307720328e-05,1,1,1,2,1
1612,0,14:30:39,2,0.0093425605536332,0.0,0.0088235294117648,0.0086505190311418,7.415732950082981e-06,0.0083044982698963,1.170037865457537e-05,0.0079584775086505,9.887643933443977e-06,0.0076124567474049,2.9992519931446723e-05,0.0069204152249136,4.449439770049789e-06,0.0089965397923876,3.131087245590592e-06,0.0093425605536332,2.9003755538102327e-05,0.009688581314879,1.7797759080199155e-05,0.0100346020761246,2.1917610719134143e-05,0.0103806228373701,4.795507307720328e-05,1,1,1,2,1
1613,0,14:30:42,2,0.0089965397923876,14580.0,0.0088235294117648,0.0086505190311418,1.0876408326788372e-05,0.0083044982698963,1.170037865457537e-05,0.0079584775086505,9.887643933443977e-06,0.0076124567474049,4.218728078269429e-05,0.0069204152249136,4.449439770049789e-06,0.0089965397923876,2.3071169178035943e-06,0.0093425605536332,2.9003755538102327e-05,0.009688581314879,1.7797759080199155e-05,0.0100346020761246,2.356555137470814e-05,0.0103806228373701,4.795507307720328e-05,1,1,1,2,1
1614,0,14:30:45,2,0.0089965397923876,8747.0,0.0088235294117648,0.0086505190311418,1.1205996457903172e-05,0.0083044982698963,1.170037865457537e-05,0.0079584775086505,1.0382026130116173e-05,0.0076124567474049,6.855433127187822e-05,0.0069204152249136,4.449439770049789e-06,0.0089965397923876,1.977528786688795e-06,0.0093425605536332,2.9003755538102327e-05,0.009688581314879,1.7797759080199155e-05,0.0100346020761246,2.356555137470814e-05,0.0103806228373701,4.795507307720328e-05,1,1,1,1,1
1615,0,14:30:48,2,0.0089965397923876,20412.0,0.0088235294117648,0.0086505190311418,1.1205996457903172e-05,0.0083044982698963,1.170037865457537e-05,0.0079584775086505,1.0382026130116173e-05,0.0076124567474049,6.855433127187822e-05,0.0069204152249136,4.449439770049789e-06,0.0089965397923876,2.4719109833609937e-06,0.0093425605536332,2.9003755538102327e-05,0.009688581314879,1.7797759080199155e-05,0.0100346020761246,2.356555137470814e-05,0.0103806228373701,4.795507307720328e-05,1,1,1,1,1
1616,0,14:30:51,2,0.0089965397923876,26244.0,0.0088235294117648,0.0086505190311418,1.202996678569017e-05,0.0083044982698963,1.170037865457537e-05,0.0079584775086505,1.0382026130116173e-05,0.0076124567474049,6.855433127187822e-05,0.0069204152249136,4.449439770049789e-06,0.0089965397923876,3.95505757337759e-06,0.0093425605536332,2.9003755538102327e-05,0.009688581314879,1.7797759080199155e-05,0.0100346020761246,2.356555137470814e-05,0.0103806228373701,4.795507307720328e-05,1,1,1,1,1
1617,0,14:30:54,2,0.0089965397923876,11664.0,0.0088235294117648,0.0086505190311418,1.202996678569017e-05,0.0083044982698963,1.170037865457537e-05,0.0079584775086505,1.0382026130116173e-05,0.0076124567474049,6.855433127187822e-05,0.0069204152249136,4.449439770049789e-06,0.0089965397923876,3.295881311147992e-06,0.0093425605536332,2.9003755538102327e-05,0.009688581314879,1.7797759080199155e-05,0.0100346020761246,2.356555137470814e-05,0.0103806228373701,4.795507307720328e-05,1,2,1,1,1
1618,0,14:30:57,2,0.0086505190311418,5830.0,0.0088235294117648,0.0086505190311418,5.108616032279387e-06,0.0083044982698963,1.2524348982362367e-05,0.0079584775086505,1.2359554916804967e-05,0.0076124567474049,6.855433127187822e-05,0.0069204152249136,4.449439770049789e-06,0.0089965397923876,3.295881311147992e-06,0.0093425605536332,2.9003755538102327e-05,0.009688581314879,1.7797759080199155e-05,0.0100346020761246,2.356555137470814e-05,0.0103806228373701,4.795507307720328e-05,1,2,1,1,1
1619,0,14:31:00,2,0.0086505190311418,0.0,0.0088235294117648,0.0086505190311418,5.108616032279387e-06,0.0083044982698963,1.2524348982362367e-05,0.0079584775086505,1.2359554916804967e-05,0.0076124567474049,6.855433127187822e-05,0.0069204152249136,4.449439770049789e-06,0.0089965397923876,3.295881311147992e-06,0.0093425605536332,3.724345881597231e-05,0.009688581314879,1.7797759080199155e-05,0.0100346020761246,2.373034544026554e-05,0.0103806228373701,4.795507307720328e-05,1,2,1,1,1
1620,0,14:31:03,2,0.0086505190311418,0.0,0.0088235294117648,0.0086505190311418,5.108616032279387e-06,0.0083044982698963,1.2524348982362367e-05,0.0079584775086505,1.2689143047919769e-05,0.0076124567474049,6.855433127187822e-05,0.0069204152249136,4.449439770049789e-06,0.0089965397923876,3.295881311147992e-06,0.0093425605536332,3.724345881597231e-05,0.009688581314879,1.7797759080199155e-05,0.0100346020761246,2.373034544026554e-05,0.0103806228373701,4.795507307720328e-05,1,2,1,1,1
1621,0,14:31:06,2,0.0089965397923876,61236.0,0.0091695501730104,0.0089965397923876,2.801499114475793e-06,0.0086505190311418,6.097380425623785e-06,0.0083044982698963,1.2524348982362367e-05,0.0079584775086505,1.977528786688795e-05,0.0076124567474049,6.855433127187822e-05,0.0093425605536332,3.724345881597231e-05,0.009688581314879,1.7797759080199155e-05,0.0100346020761246,2.373034544026554e-05,0.0103806228373701,4.795507307720328e-05,0.0107266435986159,2.2247198850248946e-05,1,1,1,1,1
1622,0,14:31:09,2,0.0089965397923876,2916.0,0.0091695501730104,0.0089965397923876,7.5805270156403806e-06,0.0086505190311418,6.097380425623785e-06,0.0083044982698963,1.2524348982362367e-05,0.0079584775086505,1.977528786688795e-05,0.0076124567474049,6.855433127187822e-05,0.0093425605536332,3.724345881597231e-05,0.009688581314879,1.7797759080199155e-05,0.0100346020761246,2.373034544026554e-05,0.0103806228373701,4.795507307720328e-05,0.0107266435986159,2.2247198850248946e-05,1,1,1,1,1
1623,0,14:31:12,2,0.0089965397923876,8748.0,0.0091695501730104,0.0089965397923876,7.086144818968182e-06,0.0086505190311418,6.097380425623785e-06,0.0083044982698963,1.2524348982362367e-05,0.0079584775086505,1.977528786688795e-05,0.0076124567474049,6.855433127187822e-05,0.0093425605536332,3.724345881597231e-05,0.009688581314879,1.7797759080199155e-05,0.0100346020761246,2.373034544026554e-05,0.0103806228373701,4.993260186389208e-05,0.0107266435986159,2.2247198850248946e-05,1,1,1,1,1
1624,0,14:31:15,2,0.0093425605536332,87505.0,0.0091695501730104,0.0089965397923876,6.262174491181184e-06,0.0086505190311418,6.097380425623785e-06,0.0083044982698963,1.2524348982362367e-05,0.0079584775086505,1.977528786688795e-05,0.0076124567474049,6.855433127187822e-05,0.0093425605536332,3.3123607177037314e-05,0.009688581314879,1.7797759080199155e-05,0.0100346020761246,2.373034544026554e-05,0.0103806228373701,4.993260186389208e-05,0.0107266435986159,2.2247198850248946e-05,1,1,1,1,1
1625,0,14:31:18,2,0.0089965397923876,14581.0,0.0091695501730104,0.0089965397923876,5.602998228951586e-06,0.0086505190311418,6.097380425623785e-06,0.0083044982698963,1.2524348982362367e-05,0.0079584775086505,1.977528786688795e-05,0.0076124567474049,6.855433127187822e-05,0.0093425605536332,3.295881311147991e-05,0.009688581314879,1.7797759080199155e-05,0.0100346020761246,2.373034544026554e-05,0.0103806228373701,4.993260186389208e-05,0.0107266435986159,2.2247198850248946e-05,1,1,1,1,1
1626,0,14:31:21,2,0.0089965397923876,0.0,0.0091695501730104,0.0089965397923876,6.921350753410782e-06,0.0086505190311418,6.097380425623785e-06,0.0083044982698963,1.2524348982362367e-05,0.0079584775086505,1.977528786688795e-05,0.0076124567474049,6.855433127187822e-05,0.0093425605536332,3.295881311147991e-05,0.009688581314879,1.7797759080199155e-05,0.0100346020761246,2.373034544026554e-05,0.0103806228373701,4.993260186389208e-05,0.0107266435986159,2.2247198850248946e-05,1,1,1,1,1
1627,0,14:31:24,2,0.0093425605536332,583400.0,0.0093425605536332,0.0089965397923876,6.921350753410782e-06,0.0086505190311418,6.097380425623785e-06,0.0083044982698963,1.2524348982362367e-05,0.0079584775086505,1.8127347211313955e-05,0.0076124567474049,6.855433127187822e-05,0.009688581314879,1.7797759080199155e-05,0.0100346020761246,2.373034544026554e-05,0.0103806228373701,4.993260186389208e-05,0.0107266435986159,2.2247198850248946e-05,0.0110726643598615,9.063673605656976e-06,1,1,1,1,1
1628,0,14:31:27,2,0.0093425605536332,0.0,0.009515570934256,0.0093425605536332,1.6479406555739957e-07,0.0089965397923876,6.921350753410782e-06,0.0086505190311418,6.097380425623785e-06,0.0083044982698963,1.2524348982362367e-05,0.0079584775086505,1.8127347211313955e-05,0.009688581314879,1.7797759080199155e-05,0.0100346020761246,2.373034544026554e-05,0.0103806228373701,4.993260186389208e-05,0.0107266435986159,2.2247198850248946e-05,0.0110726643598615,9.063673605656976e-06,1,1,1,1,1
1629,0,14:31:30,2,0.0089965397923876,11665.0,0.0093425605536332,0.0089965397923876,6.426968556738583e-06,0.0086505190311418,5.273410097836786e-06,0.0083044982698963,1.2524348982362367e-05,0.0079584775086505,1.8127347211313955e-05,0.0076124567474049,6.855433127187822e-05,0.009688581314879,1.614981842462516e-05,0.0100346020761246,2.373034544026554e-05,0.0103806228373701,4.993260186389208e-05,0.0107266435986159,2.2247198850248946e-05,0.0110726643598615,9.063673605656976e-06,1,1,1,1,1
1630,0,14:31:33,2,0.0089965397923876,0.0,0.0093425605536332,0.0089965397923876,6.426968556738583e-06,0.0086505190311418,1.186517272013277e-05,0.0083044982698963,1.2524348982362367e-05,0.0079584775086505,1.8127347211313955e-05,0.0076124567474049,6.855433127187822e-05,0.009688581314879,1.1205996457903172e-05,0.0100346020761246,2.373034544026554e-05,0.0103806228373701,4.993260186389208e-05,0.0107266435986159,2.2247198850248946e-05,0.0110726643598615,9.063673605656976e-06,1,1,1,1,1
1631,0,14:31:36,2,0.0089965397923876,2916.0,0.0091695501730104,0.0089965397923876,6.262174491181184e-06,0.0086505190311418,1.186517272013277e-05,0.0083044982698963,1.2524348982362367e-05,0.0079584775086505,1.8127347211313955e-05,0.0076124567474049,6.855433127187822e-05,0.0093425605536332,1.8127347211313956e-06,0.009688581314879,1.1205996457903172e-05,0.0100346020761246,2.373034544026554e-05,0.0103806228373701,4.993260186389208e-05,0.0107266435986159,2.2247198850248946e-05,1,1,1,1,1
1632,0,14:31:39,2,0.0089965397923876,2916.0,0.0091695501730104,0.0089965397923876,6.097380425623785e-06,0.0086505190311418,8.404497343427378e-06,0.0083044982698963,1.2524348982362367e-05,0.0079584775086505,1.7797759080199155e-05,0.0076124567474049,5.883148140399165e-05,0.0093425605536332,1.8127347211313956e-06,0.009688581314879,1.1205996457903172e-05,0.0100346020761246,2.373034544026554e-05,0.0103806228373701,4.993260186389208e-05,0.0107266435986159,2.2247198850248946e-05,1,1,1,1,1
1633,0,14:31:42,2,0.009688581314879,72939.0,0.0093425605536332,0.0089965397923876,6.097380425623785e-06,0.0086505190311418,8.404497343427378e-06,0.0083044982698963,1.2524348982362367e-05,0.0079584775086505,1.614981842462516e-05,0.0076124567474049,5.635957042063066e-05,0.009688581314879,8.898879540099578e-06,0.0100346020761246,2.373034544026554e-05,0.0103806228373701,4.993260186389208e-05,0.0107266435986159,2.2247198850248946e-05,0.0110726643598615,9.063673605656976e-06,1,1,1,1,1
1634,0,14:31:45,2,0.009688581314879,105039.0,0.0093425605536332,0.0089965397923876,5.602998228951586e-06,0.0086505190311418,8.404497343427378e-06,0.0083044982698963,1.2524348982362367e-05,0.0079584775086505,1.614981842462516e-05,0.0076124567474049,5.635957042063066e-05,0.009688581314879,4.449439770049789e-06,0.0100346020761246,2.373034544026554e-05,0.0103806228373701,4.993260186389208e-05,0.0107266435986159,2.2247198850248946e-05,0.0110726643598615,9.063673605656976e-06,1,1,1,1,1
1635,0,14:31:48,2,0.009688581314879,0.0,0.009515570934256,0.0093425605536332,1.6479406555739956e-05,0.0089965397923876,5.602998228951586e-06,0.0086505190311418,8.404497343427378e-06,0.0083044982698963,1.2524348982362367e-05,0.0079584775086505,1.614981842462516e-05,0.009688581314879,4.449439770049789e-06,0.0100346020761246,2.373034544026554e-05,0.0103806228373701,4.993260186389208e-05,0.0107266435986159,2.2247198850248946e-05,0.0110726643598615,9.063673605656976e-06,1,1,1,1,1
1636,0,14:31:51,2,0.009688581314879,8753.0,0.009515570934256,0.0093425605536332,1.6314612490182558e-05,0.0089965397923876,5.602998228951586e-06,0.0086505190311418,8.404497343427378e-06,0.0083044982698963,1.2524348982362367e-05,0.0079584775086505,1.614981842462516e-05,0.009688581314879,4.119851638934989e-06,0.0100346020761246,2.537828609583953e-05,0.0103806228373701,4.993260186389208e-05,0.0107266435986159,2.2247198850248946e-05,0.0110726643598615,9.063673605656976e-06,1,1,1,1,1
1637,0,14:31:54,2,0.009688581314879,11672.0,0.009515570934256,0.0093425605536332,1.6314612490182558e-05,0.0089965397923876,5.602998228951586e-06,0.0086505190311418,8.404497343427378e-06,0.0083044982698963,1.2524348982362367e-05,0.0079584775086505,1.614981842462516e-05,0.009688581314879,3.460675376705391e-06,0.0100346020761246,2.537828609583953e-05,0.0103806228373701,4.993260186389208e-05,0.0107266435986159,2.2247198850248946e-05,0.0110726643598615,9.063673605656976e-06,1,1,1,1,1
1638,0,14:31:57,2,0.0093425605536332,116690.0,0.009515570934256,0.0093425605536332,1.1370790523460572e-05,0.0089965397923876,5.602998228951586e-06,0.0086505190311418,8.404497343427378e-06,0.0083044982698963,1.2524348982362367e-05,0.0079584775086505,1.614981842462516e-05,0.009688581314879,1.8127347211313956e-06,0.0100346020761246,2.537828609583953e-05,0.0103806228373701,4.993260186389208e-05,0.0107266435986159,2.2247198850248946e-05,0.0110726643598615,9.063673605656976e-06,1,1,1,1,1
1639,0,14:32:00,2,0.009688581314879,2918.0,0.009515570934256,0.0093425605536332,1.1370790523460572e-05,0.0089965397923876,5.602998228951586e-06,0.0086505190311418,8.404497343427378e-06,0.0083044982698963,1.2524348982362367e-05,0.0079584775086505,1.614981842462516e-05,0.009688581314879,2.3071169178035943e-06,0.0100346020761246,2.537828609583953e-05,0.0103806228373701,4.993260186389208e-05,0.0107266435986159,2.2247198850248946e-05,0.0110726643598615,9.063673605656976e-06,1,1,1,1,1
1640,0,14:32:03,2,0.009688581314879,160445.0,0.009515570934256,0.0093425605536332,3.95505757337759e-06,0.0089965397923876,8.569291408984778e-06,0.0086505190311418,8.404497343427378e-06,0.0083044982698963,1.2524348982362367e-05,0.0079584775086505,1.614981842462516e-05,0.009688581314879,6.591762622295983e-07,0.0100346020761246,2.537828609583953e-05,0.0103806228373701,4.993260186389208e-05,0.0107266435986159,2.2247198850248946e-05,0.0110726643598615,9.063673605656976e-06,1,1,1,1,1
1641,0,14:32:06,2,0.009688581314879,0.0,0.009515570934256,0.0093425605536332,3.95505757337759e-06,0.0089965397923876,8.569291408984778e-06,0.0086505190311418,8.404497343427378e-06,0.0083044982698963,1.2524348982362367e-05,0.0079584775086505,1.614981842462516e-05,0.009688581314879,5.602998228951586e-06,0.0100346020761246,2.537828609583953e-05,0.0103806228373701,4.993260186389208e-05,0.0107266435986159,2.2247198850248946e-05,0.0110726643598615,9.063673605656976e-06,1,1,1,0,1
1642,0,14:32:09,2,0.009688581314879,26262.0,0.009515570934256,0.0093425605536332,3.95505757337759e-06,0.0089965397923876,8.569291408984778e-06,0.0086505190311418,8.404497343427378e-06,0.0083044982698963,1.2524348982362367e-05,0.0079584775086505,1.614981842462516e-05,0.009688581314879,7.5805270156403806e-06,0.0100346020761246,2.537828609583953e-05,0.0103806228373701,4.993260186389208e-05,0.0107266435986159,2.2247198850248946e-05,0.0110726643598615,9.063673605656976e-06,1,1,1,0,1
1643,0,14:32:12,2,0.009688581314879,14590.0,0.009515570934256,0.0093425605536332,3.95505757337759e-06,0.0089965397923876,5.602998228951586e-06,0.0086505190311418,8.404497343427378e-06,0.0083044982698963,1.2524348982362367e-05,0.0079584775086505,1.614981842462516e-05,0.009688581314879,8.07490921231258e-06,0.0100346020761246,2.537828609583953e-05,0.0103806228373701,4.993260186389208e-05,0.0107266435986159,2.2247198850248946e-05,0.0110726643598615,9.063673605656976e-06,1,1,1,0,1
1644,0,14:32:15,2,0.009688581314879,0.0,0.009515570934256,0.0093425605536332,4.779027901164588e-06,0.0089965397923876,5.602998228951586e-06,0.0086505190311418,8.404497343427378e-06,0.0083044982698963,1.2524348982362367e-05,0.0079584775086505,1.614981842462516e-05,0.009688581314879,8.07490921231258e-06,0.0100346020761246,2.537828609583953e-05,0.0103806228373701,4.993260186389208e-05,0.0107266435986159,2.2247198850248946e-05,0.0110726643598615,9.063673605656976e-06,1,1,1,0,1
1645,0,14:32:18,2,0.009688581314879,0.0,0.009515570934256,0.0093425605536332,4.779027901164588e-06,0.0089965397923876,5.602998228951586e-06,0.0086505190311418,8.404497343427378e-06,0.0083044982698963,1.2524348982362367e-05,0.0079584775086505,1.614981842462516e-05,0.009688581314879,8.07490921231258e-06,0.0100346020761246,2.537828609583953e-05,0.0103806228373701,4.993260186389208e-05,0.0107266435986159,2.2247198850248946e-05,0.0110726643598615,9.063673605656976e-06,1,1,1,0,1
1646,0,14:32:21,2,0.009688581314879,157572.0,0.009515570934256,0.0093425605536332,4.779027901164588e-06,0.0089965397923876,5.602998228951586e-06,0.0086505190311418,8.404497343427378e-06,0.0083044982698963,1.2524348982362367e-05,0.0079584775086505,1.565543622795296e-05,0.009688581314879,8.239703277869979e-07,0.0100346020761246,2.537828609583953e-05,0.0103806228373701,4.993260186389208e-05,0.0107266435986159,2.2247198850248946e-05,0.0110726643598615,9.063673605656976e-06,1,1,1,0,1
1647,0,14:32:24,2,0.0093425605536332,5835.0,0.009515570934256,0.0093425605536332,4.614233835607189e-06,0.0089965397923876,5.602998228951586e-06,0.0086505190311418,8.404497343427378e-06,0.0083044982698963,1.2524348982362367e-05,0.0079584775086505,1.565543622795296e-05,0.009688581314879,6.591762622295983e-07,0.0100346020761246,2.537828609583953e-05,0.0103806228373701,4.993260186389208e-05,0.0107266435986159,2.2247198850248946e-05,0.0110726643598615,8.898879540099578e-06,1,1,1,1,1
1648,0,14:32:27,2,0.0093425605536332,2917.0,0.009515570934256,0.0093425605536332,5.767792294508985e-06,0.0089965397923876,5.767792294508985e-06,0.0086505190311418,9.228467671214376e-06,0.0083044982698963,1.2524348982362367e-05,0.0079584775086505,1.565543622795296e-05,0.009688581314879,6.591762622295983e-07,0.0100346020761246,2.537828609583953e-05,0.0103806228373701,5.026218999500687e-05,0.0107266435986159,2.2247198850248946e-05,0.0110726643598615,8.898879540099578e-06,1,1,1,1,1
1649,0,14:32:30,2,0.009688581314879,11672.0,0.0098615916955018,0.009688581314879,1.1535584589017972e-06,0.0093425605536332,5.767792294508985e-06,0.0089965397923876,5.767792294508985e-06,0.0086505190311418,9.228467671214376e-06,0.0083044982698963,1.2524348982362367e-05,0.0100346020761246,2.537828609583953e-05,0.0103806228373701,5.059177812612167e-05,0.0107266435986159,2.2247198850248946e-05,0.0110726643598615,8.898879540099578e-06,0.0114186851211073,5.273410097836786e-06,1,1,0,0,1
1650,0,14:32:33,2,0.009688581314879,11672.0,0.0098615916955018,0.009688581314879,4.943821966721988e-07,0.0093425605536332,5.767792294508985e-06,0.0089965397923876,5.767792294508985e-06,0.0086505190311418,9.228467671214376e-06,0.0083044982698963,1.2524348982362367e-05,0.0100346020761246,2.537828609583953e-05,0.0103806228373701,5.059177812612167e-05,0.0107266435986159,2.2247198850248946e-05,0.0110726643598615,8.898879540099578e-06,0.0114186851211073,5.273410097836786e-06,1,1,0,0,1
1651,0,14:32:36,2,0.009688581314879,5836.0,0.0098615916955018,0.009688581314879,1.6479406555739957e-07,0.0093425605536332,5.767792294508985e-06,0.0089965397923876,5.767792294508985e-06,0.0086505190311418,9.228467671214376e-06,0.0083044982698963,1.2524348982362367e-05,0.0100346020761246,2.537828609583953e-05,0.0103806228373701,5.059177812612167e-05,0.0107266435986159,2.2247198850248946e-05,0.0110726643598615,8.898879540099578e-06,0.0114186851211073,5.273410097836786e-06,1,1,0,0,1
1652,0,14:32:39,2,0.009688581314879,14592.0,0.0098615916955018,0.009688581314879,3.295881311147992e-07,0.0093425605536332,5.767792294508985e-06,0.0089965397923876,5.767792294508985e-06,0.0086505190311418,1.1041202392345772e-05,0.0083044982698963,1.2524348982362367e-05,0.0100346020761246,2.5048697964724734e-05,0.0103806228373701,5.059177812612167e-05,0.0107266435986159,2.2247198850248946e-05,0.0110726643598615,8.898879540099578e-06,0.0114186851211073,5.273410097836786e-06,1,0,0,0,1
1653,0,14:32:42,2,0.009688581314879,0.0,0.0098615916955018,0.009688581314879,3.295881311147992e-07,0.0093425605536332,5.767792294508985e-06,0.0089965397923876,5.767792294508985e-06,0.0086505190311418,1.2689143047919769e-05,0.0083044982698963,1.2524348982362367e-05,0.0100346020761246,2.4554315768052537e-05,0.0103806228373701,5.059177812612167e-05,0.0107266435986159,2.2247198850248946e-05,0.0110726643598615,8.898879540099578e-06,0.0114186851211073,5.273410097836786e-06,1,0,0,0,1
1654,0,14:32:45,2,0.009688581314879,20426.0,0.009515570934256,0.0093425605536332,5.767792294508985e-06,0.0089965397923876,5.767792294508985e-06,0.0086505190311418,1.2689143047919769e-05,0.0083044982698963,1.2524348982362367e-05,0.0079584775086505,1.565543622795296e-05,0.009688581314879,1.6479406555739957e-07,0.0100346020761246,2.4554315768052537e-05,0.0103806228373701,5.059177812612167e-05,0.0107266435986159,2.2247198850248946e-05,0.0110726643598615,8.898879540099578e-06,1,1,1,1,1
1655,0,14:32:48,2,0.0093425605536332,11668.0,0.009515570934256,0.0093425605536332,5.108616032279387e-06,0.0089965397923876,5.767792294508985e-06,0.0086505190311418,1.219476085124757e-05,0.0083044982698963,1.2524348982362367e-05,0.0079584775086505,1.565543622795296e-05,0.009688581314879,1.6479406555739957e-07,0.0100346020761246,2.5543080161396936e-05,0.0103806228373701,5.059177812612167e-05,0.0107266435986159,2.2247198850248946e-05,0.0110726643598615,8.898879540099578e-06,1,1,1,1,1
1656,0,14:32:51,2,0.0093425605536332,0.0,0.009515570934256,0.0093425605536332,5.108616032279387e-06,0.0089965397923876,5.767792294508985e-06,0.0086505190311418,1.219476085124757e-05,0.0083044982698963,1.2524348982362367e-05,0.0079584775086505,1.565543622795296e-05,0.009688581314879,1.6479406555739957e-07,0.0100346020761246,2.5543080161396936e-05,0.0103806228373701,5.026218999500687e-05,0.0107266435986159,2.2247198850248946e-05,0.0110726643598615,8.898879540099578e-06,1,1,1,1,1
1657,0,14:32:54,2,0.0093425605536332,0.0,0.009515570934256,0.0093425605536332,4.449439770049789e-06,0.0089965397923876,5.767792294508985e-06,0.0086505190311418,1.219476085124757e-05,0.0083044982698963,1.2524348982362367e-05,0.0079584775086505,1.565543622795296e-05,0.009688581314879,4.943821966721988e-07,0.0100346020761246,2.5543080161396936e-05,0.0103806228373701,5.042698406056427e-05,0.0107266435986159,2.2247198850248946e-05,0.0110726643598615,8.898879540099578e-06,1,1,1,1,1
1658,0,14:32:57,2,0.0093425605536332,8753.0,0.009515570934256,0.0093425605536332,4.284645704492389e-06,0.0089965397923876,5.767792294508985e-06,0.0086505190311418,1.219476085124757e-05,0.0083044982698963,1.2524348982362367e-05,0.0079584775086505,1.565543622795296e-05,0.009688581314879,2.3071169178035943e-06,0.0100346020761246,2.5543080161396936e-05,0.0103806228373701,5.042698406056427e-05,0.0107266435986159,2.2247198850248946e-05,0.0110726643598615,8.898879540099578e-06,1,0,1,1,1
1659,0,14:33:00,2,0.0093425605536332,0.0,0.009515570934256,0.0093425605536332,4.284645704492389e-06,0.0089965397923876,5.767792294508985e-06,0.0086505190311418,1.219476085124757e-05,0.0083044982698963,1.2524348982362367e-05,0.0079584775086505,1.565543622795296e-05,0.009688581314879,1.0217232064558776e-05,0.0100346020761246,2.5543080161396936e-05,0.0103806228373701,5.042698406056427e-05,0.0107266435986159,2.2247198850248946e-05,0.0110726643598615,9.393261736771775e-06,1,0,1,1,1
1660,0,14:33:03,2,0.0093425605536332,72946.0,0.009515570934256,0.0093425605536332,3.625469442262791e-06,0.0089965397923876,4.449439770049789e-06,0.0086505190311418,1.549064216239556e-05,0.0083044982698963,1.2524348982362367e-05,0.0079584775086505,1.565543622795296e-05,0.009688581314879,6.756556687853383e-06,0.0100346020761246,2.5543080161396936e-05,0.0103806228373701,5.042698406056427e-05,0.0107266435986159,2.2247198850248946e-05,0.0110726643598615,9.393261736771775e-06,1,0,1,1,1
1661,0,14:33:06,2,0.0093425605536332,26253.0,0.009515570934256,0.0093425605536332,2.1423228522461945e-06,0.0089965397923876,4.449439770049789e-06,0.0086505190311418,1.549064216239556e-05,0.0083044982698963,1.2524348982362367e-05,0.0079584775086505,1.565543622795296e-05,0.009688581314879,6.756556687853383e-06,0.0100346020761246,2.6037462358069133e-05,0.0103806228373701,5.042698406056427e-05,0.0107266435986159,2.2247198850248946e-05,0.0110726643598615,9.393261736771775e-06,1,0,0,1,1
1662,0,14:33:09,2,0.0089965397923876,157545.0,0.0091695501730104,0.0089965397923876,3.7902635078201903e-06,0.0086505190311418,2.2741581046921143e-05,0.0083044982698963,1.2524348982362367e-05,0.0079584775086505,1.565543622795296e-05,0.0076124567474049,5.8007511076204654e-05,0.0093425605536332,7.5805270156403806e-06,0.009688581314879,1.1535584589017972e-06,0.0100346020761246,2.6037462358069133e-05,0.0103806228373701,5.042698406056427e-05,0.0107266435986159,2.2247198850248946e-05,1,1,1,1,1
1663,0,14:33:12,2,0.0089965397923876,0.0,0.0091695501730104,0.0089965397923876,3.7902635078201903e-06,0.0086505190311418,1.944569973577315e-05,0.0083044982698963,1.2524348982362367e-05,0.0079584775086505,1.565543622795296e-05,0.0076124567474049,5.8007511076204654e-05,0.0093425605536332,7.5805270156403806e-06,0.009688581314879,1.1535584589017972e-06,0.0100346020761246,2.6037462358069133e-05,0.0103806228373701,5.042698406056427e-05,0.0107266435986159,2.2247198850248946e-05,1,1,1,1,1
1664,0,14:33:15,2,0.0089965397923876,8748.0,0.0091695501730104,0.0089965397923876,3.295881311147992e-06,0.0086505190311418,1.7797759080199155e-05,0.0083044982698963,1.2524348982362367e-05,0.0079584775086505,1.565543622795296e-05,0.0076124567474049,5.8007511076204654e-05,0.0093425605536332,7.5805270156403806e-06,0.009688581314879,2.801499114475793e-06,0.0100346020761246,2.6037462358069133e-05,0.0103806228373701,5.042698406056427e-05,0.0107266435986159,2.2247198850248946e-05,1,1,1,1,1
1665,0,14:33:18,2,0.0089965397923876,14580.0,0.0091695501730104,0.0089965397923876,4.119851638934989e-06,0.0086505190311418,8.734085474542178e-06,0.0083044982698963,1.2524348982362367e-05,0.0079584775086505,1.565543622795296e-05,0.0076124567474049,5.8007511076204654e-05,0.0093425605536332,7.5805270156403806e-06,0.009688581314879,2.801499114475793e-06,0.0100346020761246,2.7685403013643128e-05,0.0103806228373701,5.075657219167907e-05,0.0107266435986159,2.2247198850248946e-05,1,1,1,1,1
1666,0,14:33:21,2,0.0089965397923876,2916.0,0.0091695501730104,0.0089965397923876,3.95505757337759e-06,0.0086505190311418,8.734085474542178e-06,0.0083044982698963,1.2359554916804967e-05,0.0079584775086505,1.565543622795296e-05,0.0076124567474049,5.8007511076204654e-05,0.0093425605536332,7.5805270156403806e-06,0.009688581314879,2.801499114475793e-06,0.0100346020761246,2.6037462358069133e-05,0.0103806228373701,5.075657219167907e-05,0.0107266435986159,2.2247198850248946e-05,1,1,1,1,1
1667,0,14:33:24,2,0.0089965397923876,0.0,0.0091695501730104,0.0089965397923876,3.95505757337759e-06,0.0086505190311418,8.734085474542178e-06,0.0083044982698963,1.2359554916804967e-05,0.0079584775086505,1.565543622795296e-05,0.0076124567474049,6.459927369850064e-05,0.0093425605536332,7.5805270156403806e-06,0.009688581314879,2.801499114475793e-06,0.0100346020761246,2.6037462358069133e-05,0.0103806228373701,5.075657219167907e-05,0.0107266435986159,2.2247198850248946e-05,1,1,1,1,1
1668,0,14:33:27,2,0.0089965397923876,75816.0,0.0088235294117648,0.0086505190311418,8.734085474542178e-06,0.0083044982698963,1.2359554916804967e-05,0.0079584775086505,1.565543622795296e-05,0.0076124567474049,6.591762622295983e-05,0.0069204152249136,5.438204163394186e-06,0.0089965397923876,7.74532108119778e-06,0.0093425605536332,7.5805270156403806e-06,0.009688581314879,2.801499114475793e-06,0.0100346020761246,2.6037462358069133e-05,0.0103806228373701,5.059177812612167e-05,1,1,1,1,2
1669,0,14:33:30,2,0.0086505190311418,20410.0,0.0088235294117648,0.0086505190311418,8.404497343427378e-06,0.0083044982698963,1.2359554916804967e-05,0.0079584775086505,1.565543622795296e-05,0.0076124567474049,6.591762622295983e-05,0.0069204152249136,5.438204163394186e-06,0.0089965397923876,8.569291408984778e-06,0.0093425605536332,7.5805270156403806e-06,0.009688581314879,2.801499114475793e-06,0.0100346020761246,2.6037462358069133e-05,0.0103806228373701,5.059177812612167e-05,1,1,1,1,1
1670,0,14:33:33,2,0.0086505190311418,0.0,0.0088235294117648,0.0086505190311418,8.404497343427378e-06,0.0083044982698963,1.2359554916804967e-05,0.0079584775086505,1.565543622795296e-05,0.0076124567474049,6.591762622295983e-05,0.0069204152249136,5.438204163394186e-06,0.0089965397923876,8.734085474542178e-06,0.0093425605536332,7.5805270156403806e-06,0.009688581314879,2.801499114475793e-06,0.0100346020761246,2.7685403013643128e-05,0.0103806228373701,5.059177812612167e-05,1,1,1,1,1
1671,0,14:33:36,2,0.0086505190311418,0.0,0.0088235294117648,0.0086505190311418,8.404497343427378e-06,0.0083044982698963,1.2359554916804967e-05,0.0079584775086505,1.565543622795296e-05,0.0076124567474049,6.591762622295983e-05,0.0069204152249136,5.438204163394186e-06,0.0089965397923876,8.734085474542178e-06,0.0093425605536332,1.4831465900165962e-06,0.009688581314879,5.438204163394186e-06,0.0100346020761246,2.7685403013643128e-05,0.0103806228373701,5.059177812612167e-05,1,1,1,1,2
1672,0,14:33:39,2,0.0086505190311418,52470.0,0.0088235294117648,0.0086505190311418,5.438204163394186e-06,0.0083044982698963,1.2359554916804967e-05,0.0079584775086505,2.1752816653576744e-05,0.0076124567474049,6.591762622295983e-05,0.0069204152249136,5.438204163394186e-06,0.0089965397923876,8.734085474542178e-06,0.009688581314879,6.262174491181184e-06,0.0100346020761246,2.7685403013643128e-05,0.0103806228373701,5.059177812612167e-05,0.0107266435986159,2.2247198850248946e-05,1,1,1,1,2
1673,0,14:33:42,2,0.0086505190311418,2915.0,0.0088235294117648,0.0086505190311418,5.273410097836786e-06,0.0083044982698963,1.2359554916804967e-05,0.0079584775086505,2.1752816653576744e-05,0.0076124567474049,6.591762622295983e-05,0.0069204152249136,5.438204163394186e-06,0.0089965397923876,8.734085474542178e-06,0.009688581314879,6.262174491181184e-06,0.0100346020761246,2.785019707920053e-05,0.0103806228373701,5.059177812612167e-05,0.0107266435986159,2.2247198850248946e-05,1,1,1,1,2
1674,0,14:33:45,2,0.0089965397923876,23328.0,0.0088235294117648,0.0086505190311418,5.767792294508985e-06,0.0083044982698963,1.2359554916804967e-05,0.0079584775086505,1.565543622795296e-05,0.0076124567474049,6.591762622295983e-05,0.0069204152249136,5.438204163394186e-06,0.0089965397923876,7.415732950082981e-06,0.009688581314879,6.756556687853383e-06,0.0100346020761246,2.785019707920053e-05,0.0103806228373701,5.059177812612167e-05,0.0107266435986159,2.2247198850248946e-05,1,1,1,1,2
1675,0,14:33:48,2,0.0089965397923876,0.0,0.0088235294117648,0.0086505190311418,5.932586360066385e-06,0.0083044982698963,1.2359554916804967e-05,0.0079584775086505,1.565543622795296e-05,0.0076124567474049,6.591762622295983e-05,0.0069204152249136,5.438204163394186e-06,0.0089965397923876,7.415732950082981e-06,0.009688581314879,6.756556687853383e-06,0.0100346020761246,2.785019707920053e-05,0.0103806228373701,5.059177812612167e-05,0.0107266435986159,2.2247198850248946e-05,1,1,1,1,2
1676,0,14:33:51,2,0.0086505190311418,2915.0,0.0088235294117648,0.0086505190311418,5.767792294508985e-06,0.0083044982698963,1.2359554916804967e-05,0.0079584775086505,1.565543622795296e-05,0.0076124567474049,6.591762622295983e-05,0.0069204152249136,5.438204163394186e-06,0.0089965397923876,7.415732950082981e-06,0.009688581314879,6.756556687853383e-06,0.0100346020761246,2.785019707920053e-05,0.0103806228373701,5.059177812612167e-05,0.0107266435986159,2.2247198850248946e-05,1,1,1,1,2
1677,0,14:33:54,2,0.0089965397923876,5832.0,0.0088235294117648,0.0086505190311418,5.767792294508985e-06,0.0083044982698963,1.2359554916804967e-05,0.0079584775086505,1.565543622795296e-05,0.0076124567474049,6.591762622295983e-05,0.0069204152249136,5.438204163394186e-06,0.0089965397923876,7.086144818968182e-06,0.009688581314879,6.756556687853383e-06,0.0100346020761246,2.817978521031533e-05,0.0103806228373701,5.059177812612167e-05,0.0107266435986159,2.2247198850248946e-05,1,1,1,1,2
1678,0,14:33:57,2,0.0086505190311418,87450.0,0.0088235294117648,0.0086505190311418,8.239703277869979e-07,0.0083044982698963,1.2359554916804967e-05,0.0079584775086505,1.565543622795296e-05,0.0076124567474049,6.591762622295983e-05,0.0069204152249136,5.438204163394186e-06,0.0089965397923876,7.086144818968182e-06,0.009688581314879,6.756556687853383e-06,0.0100346020761246,2.653184455474133e-05,0.0103806228373701,5.059177812612167e-05,0.0107266435986159,2.307116917803594e-05,1,1,1,1,2
1679,0,14:34:00,2,0.0089965397923876,2916.0,0.0088235294117648,0.0086505190311418,8.239703277869979e-07,0.0083044982698963,1.2359554916804967e-05,0.0079584775086505,1.565543622795296e-05,0.0076124567474049,5.372286537171226e-05,0.0069204152249136,5.438204163394186e-06,0.0089965397923876,6.921350753410782e-06,0.009688581314879,8.239703277869978e-06,0.0100346020761246,2.653184455474133e-05,0.0103806228373701,5.059177812612167e-05,0.0107266435986159,2.307116917803594e-05,1,1,1,1,2
1680,0,14:34:03,2,0.0086505190311418,2915.0,0.0088235294117648,0.0086505190311418,6.591762622295983e-07,0.0083044982698963,1.2359554916804967e-05,0.0079584775086505,1.565543622795296e-05,0.0076124567474049,5.240451284725306e-05,0.0069204152249136,5.438204163394186e-06,0.0089965397923876,6.921350753410782e-06,0.009688581314879,8.239703277869978e-06,0.0100346020761246,2.653184455474133e-05,0.0103806228373701,5.059177812612167e-05,0.0107266435986159,2.307116917803594e-05,1,1,1,1,2
1681,0,14:34:06,2,0.0086505190311418,29150.0,0.0084775086505191,0.0083044982698963,1.2359554916804967e-05,0.0079584775086505,1.565543622795296e-05,0.0076124567474049,5.240451284725306e-05,0.0069204152249136,5.438204163394186e-06,0.0065743944636678,1.3183525244591966e-06,0.0086505190311418,1.153558458901797e-05,0.0089965397923876,6.921350753410782e-06,0.009688581314879,8.239703277869978e-06,0.0100346020761246,2.653184455474133e-05,0.0103806228373701,5.059177812612167e-05,1,1,1,2,2
1682,0,14:34:09,2,0.0086505190311418,5830.0,0.0084775086505191,0.0083044982698963,1.2359554916804967e-05,0.0079584775086505,1.565543622795296e-05,0.0076124567474049,5.240451284725306e-05,0.0069204152249136,5.438204163394186e-06,0.0065743944636678,1.3183525244591966e-06,0.0086505190311418,1.1205996457903172e-05,0.0089965397923876,8.07490921231258e-06,0.009688581314879,8.239703277869978e-06,0.0100346020761246,2.653184455474133e-05,0.0103806228373701,5.059177812612167e-05,1,1,1,2,2
1683,0,14:34:12,2,0.0083044982698963,75789.0,0.0084775086505191,0.0083044982698963,1.219476085124757e-05,0.0079584775086505,1.565543622795296e-05,0.0076124567474049,5.240451284725306e-05,0.0069204152249136,5.438204163394186e-06,0.0065743944636678,1.3183525244591966e-06,0.0086505190311418,7.086144818968182e-06,0.0089965397923876,8.07490921231258e-06,0.009688581314879,1.153558458901797e-05,0.0100346020761246,2.653184455474133e-05,0.0103806228373701,5.059177812612167e-05,1,1,1,2,2
1684,0,14:34:15,2,0.0083044982698963,0.0,0.0084775086505191,0.0083044982698963,1.219476085124757e-05,0.0079584775086505,1.565543622795296e-05,0.0076124567474049,5.240451284725306e-05,0.0069204152249136,5.438204163394186e-06,0.0065743944636678,1.3183525244591966e-06,0.0086505190311418,7.086144818968182e-06,0.0089965397923876,8.07490921231258e-06,0.009688581314879,1.3183525244591968e-05,0.0100346020761246,2.653184455474133e-05,0.0103806228373701,5.059177812612167e-05,1,1,1,2,2
1685,0,14:34:18,2,0.0086505190311418,8745.0,0.0084775086505191,0.0083044982698963,1.219476085124757e-05,0.0079584775086505,1.532584809683816e-05,0.0076124567474049,5.240451284725306e-05,0.0069204152249136,5.438204163394186e-06,0.0065743944636678,1.4831465900165962e-06,0.0086505190311418,6.591762622295983e-06,0.0089965397923876,8.07490921231258e-06,0.009688581314879,1.3183525244591968e-05,0.0100346020761246,2.653184455474133e-05,0.0103806228373701,5.059177812612167e-05,1,1,1,2,2
1686,0,14:34:21,2,0.0086505190311418,0.0,0.0084775086505191,0.0083044982698963,1.219476085124757e-05,0.0079584775086505,1.532584809683816e-05,0.0076124567474049,5.240451284725306e-05,0.0069204152249136,5.438204163394186e-06,0.0065743944636678,1.4831465900165962e-06,0.0086505190311418,6.591762622295983e-06,0.0089965397923876,8.07490921231258e-06,0.009688581314879,1.3183525244591968e-05,0.0100346020761246,2.653184455474133e-05,0.0103806228373701,5.059177812612167e-05,1,1,1,2,2
1687,0,14:34:24,2,0.0086505190311418,119515.0,0.0088235294117648,0.0086505190311418,5.438204163394186e-06,0.0083044982698963,1.219476085124757e-05,0.0079584775086505,1.532584809683816e-05,0.0076124567474049,5.240451284725306e-05,0.0069204152249136,5.438204163394186e-06,0.0089965397923876,8.07490921231258e-06,0.009688581314879,1.3183525244591968e-05,0.0100346020761246,2.653184455474133e-05,0.0103806228373701,5.059177812612167e-05,0.0107266435986159,2.307116917803594e-05,1,1,1,2,2
1688,0,14:34:27,2,0.0086505190311418,0.0,0.0088235294117648,0.0086505190311418,5.438204163394186e-06,0.0083044982698963,1.219476085124757e-05,0.0079584775086505,1.532584809683816e-05,0.0076124567474049,5.240451284725306e-05,0.0069204152249136,5.438204163394186e-06,0.0089965397923876,8.07490921231258e-06,0.009688581314879,1.3183525244591968e-05,0.0100346020761246,2.653184455474133e-05,0.0103806228373701,5.059177812612167e-05,0.0107266435986159,2.307116917803594e-05,1,1,1,2,2
1689,0,14:34:30,2,0.0086505190311418,17490.0,0.0088235294117648,0.0086505190311418,4.614233835607189e-06,0.0083044982698963,1.219476085124757e-05,0.0079584775086505,1.532584809683816e-05,0.0076124567474049,5.240451284725306e-05,0.0069204152249136,5.438204163394186e-06,0.0089965397923876,8.07490921231258e-06,0.009688581314879,1.3183525244591968e-05,0.0100346020761246,2.653184455474133e-05,0.0103806228373701,5.059177812612167e-05,0.0107266435986159,2.307116917803594e-05,1,1,1,1,2
1690,0,14:34:33,2,0.0086505190311418,0.0,0.0088235294117648,0.0086505190311418,4.614233835607189e-06,0.0083044982698963,1.219476085124757e-05,0.0079584775086505,1.532584809683816e-05,0.0076124567474049,5.240451284725306e-05,0.0069204152249136,5.438204163394186e-06,0.0089965397923876,8.07490921231258e-06,0.009688581314879,1.3183525244591968e-05,0.0100346020761246,2.653184455474133e-05,0.0103806228373701,5.059177812612167e-05,0.0107266435986159,2.307116917803594e-05,1,2,1,1,2
1691,0,14:34:36,2,0.0089965397923876,90395.0,0.0088235294117648,0.0086505190311418,4.449439770049789e-06,0.0083044982698963,1.219476085124757e-05,0.0079584775086505,1.532584809683816e-05,0.0076124567474049,5.240451284725306e-05,0.0069204152249136,5.438204163394186e-06,0.0089965397923876,3.131087245590592e-06,0.009688581314879,1.202996678569017e-05,0.0100346020761246,2.653184455474133e-05,0.0103806228373701,5.059177812612167e-05,0.0107266435986159,2.307116917803594e-05,1,1,1,2,2
1692,0,14:34:39,2,0.0089965397923876,0.0,0.0088235294117648,0.0086505190311418,4.449439770049789e-06,0.0083044982698963,1.219476085124757e-05,0.0079584775086505,1.549064216239556e-05,0.0076124567474049,5.240451284725306e-05,0.0069204152249136,5.438204163394186e-06,0.0089965397923876,3.625469442262791e-06,0.009688581314879,1.202996678569017e-05,0.0100346020761246,2.653184455474133e-05,0.0103806228373701,5.059177812612167e-05,0.0107266435986159,2.307116917803594e-05,1,1,1,2,1
1693,0,14:34:42,2,0.0089965397923876,0.0,0.0088235294117648,0.0086505190311418,4.449439770049789e-06,0.0083044982698963,1.219476085124757e-05,0.0079584775086505,1.549064216239556e-05,0.0076124567474049,5.240451284725306e-05,0.0069204152249136,5.438204163394186e-06,0.0089965397923876,3.625469442262791e-06,0.0093425605536332,4.943821966721988e-07,0.009688581314879,8.734085474542178e-06,0.0100346020761246,2.653184455474133e-05,0.0103806228373701,5.059177812612167e-05,1,1,1,2,1
1694,0,14:34:45,2,0.0089965397923876,5832.0,0.0088235294117648,0.0086505190311418,4.449439770049789e-06,0.0083044982698963,1.219476085124757e-05,0.0079584775086505,1.549064216239556e-05,0.0076124567474049,4.713110274941628e-05,0.0069204152249136,5.438204163394186e-06,0.0089965397923876,3.295881311147992e-06,0.0093425605536332,4.943821966721988e-07,0.009688581314879,8.734085474542178e-06,0.0100346020761246,2.6367050489183933e-05,0.0103806228373701,5.059177812612167e-05,1,1,1,2,1
1695,0,14:34:48,2,0.0089965397923876,37908.0,0.0088235294117648,0.0086505190311418,4.449439770049789e-06,0.0083044982698963,4.779027901164588e-06,0.0079584775086505,1.549064216239556e-05,0.0076124567474049,4.713110274941628e-05,0.0069204152249136,5.438204163394186e-06,0.0089965397923876,1.3183525244591966e-06,0.0093425605536332,4.943821966721988e-07,0.009688581314879,8.734085474542178e-06,0.0100346020761246,2.6367050489183933e-05,0.0103806228373701,5.059177812612167e-05,2,1,1,2,1
1696,0,14:34:51,2,0.0089965397923876,0.0,0.0088235294117648,0.0086505190311418,4.449439770049789e-06,0.0083044982698963,4.779027901164588e-06,0.0079584775086505,1.549064216239556e-05,0.0076124567474049,4.713110274941628e-05,0.0069204152249136,5.438204163394186e-06,0.0089965397923876,1.3183525244591966e-06,0.0093425605536332,4.943821966721988e-07,0.009688581314879,8.734085474542178e-06,0.0100346020761246,2.6367050489183933e-05,0.0103806228373701,5.059177812612167e-05,1,1,1,2,1
1697,0,14:34:54,2,0.0089965397923876,34992.0,0.0091695501730104,0.0089965397923876,1.1205996457903172e-05,0.0086505190311418,1.4666671834608563e-05,0.0083044982698963,4.779027901164588e-06,0.0079584775086505,1.549064216239556e-05,0.0076124567474049,4.713110274941628e-05,0.0093425605536332,4.943821966721988e-07,0.009688581314879,8.734085474542178e-06,0.0100346020761246,2.6367050489183933e-05,0.0103806228373701,5.059177812612167e-05,0.0107266435986159,2.2247198850248946e-05,1,1,1,2,1
1698,0,14:34:57,2,0.0089965397923876,8748.0,0.0091695501730104,0.0089965397923876,1.0711614261230972e-05,0.0086505190311418,1.4666671834608563e-05,0.0083044982698963,4.779027901164588e-06,0.0079584775086505,1.549064216239556e-05,0.0076124567474049,4.713110274941628e-05,0.0093425605536332,4.943821966721988e-07,0.009688581314879,9.063673605656976e-06,0.0100346020761246,2.6367050489183933e-05,0.0103806228373701,5.059177812612167e-05,0.0107266435986159,2.2247198850248946e-05,1,1,1,2,1
1699,0,14:35:00,2,0.0089965397923876,0.0,0.0091695501730104,0.0089965397923876,1.0711614261230972e-05,0.0086505190311418,1.4666671834608563e-05,0.0083044982698963,4.779027901164588e-06,0.0079584775086505,1.549064216239556e-05,0.0076124567474049,4.713110274941628e-05,0.0093425605536332,4.943821966721988e-07,0.009688581314879,9.063673605656976e-06,0.0100346020761246,2.6367050489183933e-05,0.0103806228373701,5.059177812612167e-05,0.0107266435986159,2.2247198850248946e-05,1,1,1,2,1
1700,0,14:35:03,2,0.0093425605536332,8751.0,0.009515570934256,0.0093425605536332,3.295881311147992e-07,0.0089965397923876,1.1041202392345772e-05,0.0086505190311418,1.4501877769051163e-05,0.0083044982698963,4.779027901164588e-06,0.0079584775086505,1.549064216239556e-05,0.009688581314879,9.558055802329175e-06,0.0100346020761246,2.6367050489183933e-05,0.0103806228373701,5.059177812612167e-05,0.0107266435986159,2.2247198850248946e-05,0.0110726643598615,9.722849867886577e-06,1,1,1,1,1
1701,0,14:35:06,2,0.0093425605536332,23336.0,0.0091695501730104,0.0089965397923876,1.1041202392345772e-05,0.0086505190311418,1.4501877769051163e-05,0.0083044982698963,4.779027901164588e-06,0.0079584775086505,1.549064216239556e-05,0.0076124567474049,4.713110274941628e-05,0.0093425605536332,6.097380425623785e-06,0.009688581314879,9.558055802329175e-06,0.0100346020761246,2.6367050489183933e-05,0.0103806228373701,5.059177812612167e-05,0.0107266435986159,2.2247198850248946e-05,1,1,1,2,1
1702,0,14:35:09,2,0.0093425605536332,8751.0,0.0091695501730104,0.0089965397923876,1.1041202392345772e-05,0.0086505190311418,1.4501877769051163e-05,0.0083044982698963,4.779027901164588e-06,0.0079584775086505,1.549064216239556e-05,0.0076124567474049,4.713110274941628e-05,0.0093425605536332,5.602998228951586e-06,0.009688581314879,1.0052437999001376e-05,0.0100346020761246,2.6367050489183933e-05,0.0103806228373701,5.059177812612167e-05,0.0107266435986159,2.2247198850248946e-05,1,1,1,2,1
1703,0,14:35:12,2,0.0093425605536332,5833.0,0.0091695501730104,0.0089965397923876,1.0876408326788372e-05,0.0086505190311418,1.4501877769051163e-05,0.0083044982698963,4.779027901164588e-06,0.0079584775086505,1.549064216239556e-05,0.0076124567474049,4.713110274941628e-05,0.0093425605536332,5.438204163394186e-06,0.009688581314879,1.0052437999001376e-05,0.0100346020761246,2.6367050489183933e-05,0.0103806228373701,5.059177812612167e-05,0.0107266435986159,2.2247198850248946e-05,1,1,1,2,1
1704,0,14:35:15,2,0.0093425605536332,0.0,0.0091695501730104,0.0089965397923876,1.0876408326788372e-05,0.0086505190311418,1.4501877769051163e-05,0.0083044982698963,4.779027901164588e-06,0.0079584775086505,1.549064216239556e-05,0.0076124567474049,4.713110274941628e-05,0.0093425605536332,6.262174491181184e-06,0.009688581314879,1.0052437999001376e-05,0.0100346020761246,2.6367050489183933e-05,0.0103806228373701,5.059177812612167e-05,0.0107266435986159,2.2247198850248946e-05,1,1,1,1,1
1705,0,14:35:18,2,0.0093425605536332,0.0,0.0091695501730104,0.0089965397923876,1.0876408326788372e-05,0.0086505190311418,1.532584809683816e-05,0.0083044982698963,4.779027901164588e-06,0.0079584775086505,1.549064216239556e-05,0.0076124567474049,4.713110274941628e-05,0.0093425605536332,6.262174491181184e-06,0.009688581314879,1.0052437999001376e-05,0.0100346020761246,2.6367050489183933e-05,0.0103806228373701,5.059177812612167e-05,0.0107266435986159,2.2247198850248946e-05,1,1,1,1,1
1706,0,14:35:21,2,0.0089965397923876,40837.0,0.0091695501730104,0.0089965397923876,1.0711614261230972e-05,0.0086505190311418,1.532584809683816e-05,0.0083044982698963,4.779027901164588e-06,0.0079584775086505,1.549064216239556e-05,0.0076124567474049,4.713110274941628e-05,0.0093425605536332,4.119851638934989e-06,0.009688581314879,1.0052437999001376e-05,0.0100346020761246,2.6367050489183933e-05,0.0103806228373701,5.059177812612167e-05,0.0107266435986159,2.2247198850248946e-05,1,1,1,1,1
1707,0,14:35:24,2,0.0089965397923876,0.0,0.0091695501730104,0.0089965397923876,1.0711614261230972e-05,0.0086505190311418,1.532584809683816e-05,0.0083044982698963,4.779027901164588e-06,0.0079584775086505,1.549064216239556e-05,0.0076124567474049,4.713110274941628e-05,0.0093425605536332,4.119851638934989e-06,0.009688581314879,1.0052437999001376e-05,0.0100346020761246,2.6367050489183933e-05,0.0103806228373701,4.976780779833467e-05,0.0107266435986159,2.2247198850248946e-05,1,1,1,1,1
1708,0,14:35:27,2,0.0089965397923876,17501.0,0.0091695501730104,0.0089965397923876,1.0546820195673573e-05,0.0086505190311418,1.532584809683816e-05,0.0083044982698963,4.779027901164588e-06,0.0079584775086505,1.6808994686854756e-05,0.0076124567474049,4.3835221438268285e-05,0.0093425605536332,3.295881311147992e-06,0.009688581314879,1.0052437999001376e-05,0.0100346020761246,2.6367050489183933e-05,0.0103806228373701,4.976780779833467e-05,0.0107266435986159,2.2247198850248946e-05,1,1,1,1,1
1709,0,14:35:30,2,0.0089965397923876,0.0,0.0091695501730104,0.0089965397923876,1.0876408326788372e-05,0.0086505190311418,1.532584809683816e-05,0.0083044982698963,4.779027901164588e-06,0.0079584775086505,1.6808994686854756e-05,0.0076124567474049,4.3835221438268285e-05,0.0093425605536332,3.95505757337759e-06,0.009688581314879,1.0052437999001376e-05,0.0100346020761246,2.6367050489183933e-05,0.0103806228373701,4.976780779833467e-05,0.0107266435986159,2.2247198850248946e-05,1,1,1,1,1
1710,0,14:35:33,2,0.0089965397923876,5832.0,0.0091695501730104,0.0089965397923876,1.0546820195673573e-05,0.0086505190311418,1.532584809683816e-05,0.0083044982698963,4.779027901164588e-06,0.0079584775086505,1.6808994686854756e-05,0.0076124567474049,4.3835221438268285e-05,0.0093425605536332,3.95505757337759e-06,0.009688581314879,1.0052437999001376e-05,0.0100346020761246,2.6367050489183933e-05,0.0103806228373701,4.976780779833467e-05,0.0107266435986159,2.2247198850248946e-05,1,1,1,1,1
1711,0,14:35:36,2,0.0089965397923876,5832.0,0.0091695501730104,0.0089965397923876,1.0052437999001376e-05,0.0086505190311418,1.532584809683816e-05,0.0083044982698963,4.779027901164588e-06,0.0079584775086505,1.6808994686854756e-05,0.0076124567474049,4.3835221438268285e-05,0.0093425605536332,3.95505757337759e-06,0.009688581314879,8.404497343427378e-06,0.0100346020761246,2.6367050489183933e-05,0.0103806228373701,4.976780779833467e-05,0.0107266435986159,2.2247198850248946e-05,1,1,1,1,1
1712,0,14:35:39,2,0.0089965397923876,0.0,0.0091695501730104,0.0089965397923876,1.0052437999001376e-05,0.0086505190311418,1.532584809683816e-05,0.0083044982698963,4.779027901164588e-06,0.0079584775086505,1.6808994686854756e-05,0.0076124567474049,4.3835221438268285e-05,0.0093425605536332,3.95505757337759e-06,0.009688581314879,8.404497343427378e-06,0.0100346020761246,2.6367050489183933e-05,0.0103806228373701,4.976780779833467e-05,0.0107266435986159,2.2247198850248946e-05,1,1,1,1,1
1713,0,14:35:42,2,0.0089965397923876,14580.0,0.0091695501730104,0.0089965397923876,9.228467671214376e-06,0.0086505190311418,1.532584809683816e-05,0.0083044982698963,4.779027901164588e-06,0.0079584775086505,1.6808994686854756e-05,0.0076124567474049,4.3835221438268285e-05,0.0093425605536332,3.95505757337759e-06,0.009688581314879,8.404497343427378e-06,0.0100346020761246,2.6367050489183933e-05,0.0103806228373701,4.976780779833467e-05,0.0107266435986159,2.2247198850248946e-05,1,1,1,1,1
1714,0,14:35:45,2,0.0089965397923876,0.0,0.0091695501730104,0.0089965397923876,9.228467671214376e-06,0.0086505190311418,1.532584809683816e-05,0.0083044982698963,4.779027901164588e-06,0.0079584775086505,1.6808994686854756e-05,0.0076124567474049,4.251686891380909e-05,0.0093425605536332,3.95505757337759e-06,0.009688581314879,8.404497343427378e-06,0.0100346020761246,2.6367050489183933e-05,0.0103806228373701,4.976780779833467e-05,0.0107266435986159,2.2247198850248946e-05,1,1,1,1,1
1715,0,14:35:48,2,0.0089965397923876,37908.0,0.0091695501730104,0.0089965397923876,7.086144818968182e-06,0.0086505190311418,1.532584809683816e-05,0.0083044982698963,4.779027901164588e-06,0.0079584775086505,1.532584809683816e-05,0.0076124567474049,4.251686891380909e-05,0.0093425605536332,3.95505757337759e-06,0.009688581314879,8.404497343427378e-06,0.0100346020761246,2.6367050489183933e-05,0.0103806228373701,4.976780779833467e-05,0.0107266435986159,2.2247198850248946e-05,1,2,1,1,1
1716,0,14:35:51,2,0.0089965397923876,0.0,0.0091695501730104,0.0089965397923876,7.086144818968182e-06,0.0086505190311418,1.532584809683816e-05,0.0083044982698963,4.779027901164588e-06,0.0079584775086505,1.3018731179034568e-05,0.0076124567474049,4.251686891380909e-05,0.0093425605536332,3.95505757337759e-06,0.009688581314879,8.404497343427378e-06,0.0100346020761246,2.686143268585613e-05,0.0103806228373701,4.976780779833467e-05,0.0107266435986159,2.2247198850248946e-05,1,2,1,1,1
1717,0,14:35:54,2,0.0093425605536332,20418.0,0.0091695501730104,0.0089965397923876,6.921350753410782e-06,0.0086505190311418,1.532584809683816e-05,0.0083044982698963,4.779027901164588e-06,0.0079584775086505,1.3018731179034568e-05,0.0076124567474049,4.251686891380909e-05,0.0093425605536332,2.9662931800331924e-06,0.009688581314879,8.404497343427378e-06,0.0100346020761246,2.686143268585613e-05,0.0103806228373701,4.976780779833467e-05,0.0107266435986159,2.2247198850248946e-05,1,2,2,1,1
1718,0,14:35:57,2,0.0089965397923876,26248.0,0.0091695501730104,0.0089965397923876,6.097380425623785e-06,0.0086505190311418,1.532584809683816e-05,0.0083044982698963,4.779027901164588e-06,0.0079584775086505,1.2689143047919769e-05,0.0076124567474049,4.268166297936649e-05,0.0093425605536332,2.3071169178035943e-06,0.009688581314879,1.0052437999001376e-05,0.0100346020761246,2.702622675141353e-05,0.0103806228373701,4.976780779833467e-05,0.0107266435986159,2.2247198850248946e-05,1,2,2,1,1
1719,0,14:36:00,2,0.0093425605536332,35004.0,0.0091695501730104,0.0089965397923876,6.262174491181184e-06,0.0086505190311418,1.532584809683816e-05,0.0083044982698963,4.779027901164588e-06,0.0079584775086505,1.2689143047919769e-05,0.0076124567474049,1.6314612490182558e-05,0.0093425605536332,9.887643933443975e-07,0.009688581314879,1.0052437999001376e-05,0.0100346020761246,2.702622675141353e-05,0.0103806228373701,4.976780779833467e-05,0.0107266435986159,2.2247198850248946e-05,1,1,2,1,1
1720,0,14:36:03,2,0.0093425605536332,20419.0,0.009515570934256,0.0093425605536332,4.943821966721988e-07,0.0089965397923876,6.262174491181184e-06,0.0086505190311418,1.532584809683816e-05,0.0083044982698963,4.779027901164588e-06,0.0079584775086505,1.2689143047919769e-05,0.009688581314879,1.0052437999001376e-05,0.0100346020761246,2.702622675141353e-05,0.0103806228373701,4.976780779833467e-05,0.0107266435986159,2.2247198850248946e-05,0.0110726643598615,9.722849867886577e-06,1,1,1,1,1
1721,0,14:36:06,2,0.0093425605536332,2917.0,0.009515570934256,0.0093425605536332,8.239703277869979e-07,0.0089965397923876,6.097380425623785e-06,0.0086505190311418,1.532584809683816e-05,0.0083044982698963,4.779027901164588e-06,0.0079584775086505,1.2689143047919769e-05,0.009688581314879,1.0052437999001376e-05,0.0100346020761246,2.702622675141353e-05,0.0103806228373701,5.059177812612167e-05,0.0107266435986159,2.2247198850248946e-05,0.0110726643598615,9.722849867886577e-06,1,1,1,1,1
1722,0,14:36:09,2,0.009688581314879,2918.0,0.009515570934256,0.0093425605536332,8.239703277869979e-07,0.0089965397923876,6.097380425623785e-06,0.0086505190311418,1.532584809683816e-05,0.0083044982698963,4.779027901164588e-06,0.0079584775086505,1.2689143047919769e-05,0.009688581314879,1.0711614261230972e-05,0.0100346020761246,2.702622675141353e-05,0.0103806228373701,5.059177812612167e-05,0.0107266435986159,2.2247198850248946e-05,0.0110726643598615,9.722849867886577e-06,1,1,1,1,1
1723,0,14:36:12,2,0.009688581314879,0.0,0.009515570934256,0.0093425605536332,8.239703277869979e-07,0.0089965397923876,6.262174491181184e-06,0.0086505190311418,1.532584809683816e-05,0.0083044982698963,4.779027901164588e-06,0.0079584775086505,5.602998228951586e-06,0.009688581314879,1.0711614261230972e-05,0.0100346020761246,2.702622675141353e-05,0.0103806228373701,5.059177812612167e-05,0.0107266435986159,2.2247198850248946e-05,0.0110726643598615,9.722849867886577e-06,1,1,1,1,1
1724,0,14:36:15,2,0.0093425605536332,32086.0,0.009515570934256,0.0093425605536332,7.250938884525582e-06,0.0089965397923876,6.097380425623785e-06,0.0086505190311418,1.532584809683816e-05,0.0083044982698963,4.779027901164588e-06,0.0079584775086505,5.602998228951586e-06,0.009688581314879,1.0711614261230972e-05,0.0100346020761246,2.702622675141353e-05,0.0103806228373701,5.059177812612167e-05,0.0107266435986159,2.2247198850248946e-05,0.0110726643598615,9.722849867886577e-06,1,1,1,1,1
1725,0,14:36:18,2,0.009688581314879,189670.0,0.0098615916955018,0.009688581314879,1.6479406555739957e-07,0.0093425605536332,7.250938884525582e-06,0.0089965397923876,6.097380425623785e-06,0.0086505190311418,1.532584809683816e-05,0.0083044982698963,4.779027901164588e-06,0.0100346020761246,2.702622675141353e-05,0.0103806228373701,5.059177812612167e-05,0.0107266435986159,2.2247198850248946e-05,0.0110726643598615,9.722849867886577e-06,0.0114186851211073,5.273410097836786e-06,1,1,1,0,1
1726,0,14:36:21,2,0.009688581314879,0.0,0.0098615916955018,0.009688581314879,1.6479406555739957e-07,0.0093425605536332,7.250938884525582e-06,0.0089965397923876,6.097380425623785e-06,0.0086505190311418,1.532584809683816e-05,0.0083044982698963,4.779027901164588e-06,0.0100346020761246,2.702622675141353e-05,0.0103806228373701,4.976780779833467e-05,0.0107266435986159,2.2247198850248946e-05,0.0110726643598615,9.722849867886577e-06,0.0114186851211073,5.273410097836786e-06,1,1,1,1,1
1727,0,14:36:24,2,0.009688581314879,0.0,0.0098615916955018,0.009688581314879,1.6479406555739957e-07,0.0093425605536332,7.250938884525582e-06,0.0089965397923876,6.097380425623785e-06,0.0086505190311418,1.532584809683816e-05,0.0083044982698963,4.779027901164588e-06,0.0100346020761246,2.702622675141353e-05,0.0103806228373701,4.976780779833467e-05,0.0107266435986159,2.2247198850248946e-05,0.0110726643598615,1.1370790523460572e-05,0.0114186851211073,5.273410097836786e-06,1,1,1,1,1
1728,0,14:36:27,2,0.009688581314879,17508.0,0.0098615916955018,0.009688581314879,3.295881311147992e-07,0.0093425605536332,7.250938884525582e-06,0.0089965397923876,6.097380425623785e-06,0.0086505190311418,1.532584809683816e-05,0.0083044982698963,4.779027901164588e-06,0.0100346020761246,2.702622675141353e-05,0.0103806228373701,4.976780779833467e-05,0.0107266435986159,2.2247198850248946e-05,0.0110726643598615,1.1370790523460572e-05,0.0114186851211073,5.273410097836786e-06,1,1,1,1,1
1729,0,14:36:30,2,0.009688581314879,5836.0,0.009515570934256,0.0093425605536332,7.250938884525582e-06,0.0089965397923876,6.097380425623785e-06,0.0086505190311418,1.532584809683816e-05,0.0083044982698963,4.779027901164588e-06,0.0079584775086505,5.602998228951586e-06,0.009688581314879,7.086144818968182e-06,0.0100346020761246,2.702622675141353e-05,0.0103806228373701,4.976780779833467e-05,0.0107266435986159,2.2247198850248946e-05,0.0110726643598615,1.1370790523460572e-05,1,2,1,1,1
1730,0,14:36:33,2,0.009688581314879,0.0,0.009515570934256,0.0093425605536332,7.250938884525582e-06,0.0089965397923876,6.097380425623785e-06,0.0086505190311418,1.532584809683816e-05,0.0083044982698963,4.779027901164588e-06,0.0079584775086505,5.602998228951586e-06,0.009688581314879,7.086144818968182e-06,0.0100346020761246,2.702622675141353e-05,0.0103806228373701,4.976780779833467e-05,0.0107266435986159,2.2247198850248946e-05,0.0110726643598615,1.1370790523460572e-05,1,2,1,1,1
1731,0,14:36:36,2,0.009688581314879,137146.0,0.0098615916955018,0.009688581314879,2.0599258194674947e-05,0.0093425605536332,7.250938884525582e-06,0.0089965397923876,6.097380425623785e-06,0.0086505190311418,1.532584809683816e-05,0.0083044982698963,4.779027901164588e-06,0.0100346020761246,2.702622675141353e-05,0.0103806228373701,4.976780779833467e-05,0.0107266435986159,2.2247198850248946e-05,0.0110726643598615,1.1370790523460572e-05,0.0114186851211073,5.273410097836786e-06,1,1,1,1,1
1732,0,14:36:39,2,0.009688581314879,207228.0,0.0098615916955018,0.009688581314879,1.7468170949084355e-05,0.0089965397923876,6.097380425623785e-06,0.0086505190311418,1.532584809683816e-05,0.0083044982698963,4.779027901164588e-06,0.0079584775086505,5.602998228951586e-06,0.0100346020761246,1.878652347354355e-05,0.0103806228373701,4.976780779833467e-05,0.0107266435986159,2.2247198850248946e-05,0.0110726643598615,1.1370790523460572e-05,0.0114186851211073,5.273410097836786e-06,1,1,1,1,1
1733,0,14:36:42,2,0.009688581314879,0.0,0.0098615916955018,0.009688581314879,1.7468170949084355e-05,0.0089965397923876,6.097380425623785e-06,0.0086505190311418,1.532584809683816e-05,0.0083044982698963,4.779027901164588e-06,0.0079584775086505,5.602998228951586e-06,0.0100346020761246,1.878652347354355e-05,0.0103806228373701,4.976780779833467e-05,0.0107266435986159,2.2247198850248946e-05,0.0110726643598615,1.1370790523460572e-05,0.0114186851211073,5.273410097836786e-06,1,1,1,1,1
1734,0,14:36:45,2,0.009688581314879,0.0,0.0098615916955018,0.009688581314879,1.7468170949084355e-05,0.0089965397923876,6.097380425623785e-06,0.0086505190311418,1.532584809683816e-05,0.0083044982698963,4.779027901164588e-06,0.0079584775086505,5.602998228951586e-06,0.0100346020761246,1.878652347354355e-05,0.0103806228373701,4.976780779833467e-05,0.0107266435986159,2.2247198850248946e-05,0.0110726643598615,1.1370790523460572e-05,0.0114186851211073,5.273410097836786e-06,1,1,1,1,1
1735,0,14:36:48,2,0.009688581314879,326876.0,0.0098615916955018,0.009688581314879,8.898879540099578e-06,0.0089965397923876,6.097380425623785e-06,0.0086505190311418,1.532584809683816e-05,0.0083044982698963,4.779027901164588e-06,0.0079584775086505,5.602998228951586e-06,0.0100346020761246,8.404497343427378e-06,0.0103806228373701,4.976780779833467e-05,0.0107266435986159,2.2247198850248946e-05,0.0110726643598615,1.1370790523460572e-05,0.0114186851211073,5.273410097836786e-06,1,1,1,1,1
1736,0,14:36:51,2,0.009688581314879,0.0,0.0098615916955018,0.009688581314879,9.063673605656976e-06,0.0089965397923876,6.262174491181184e-06,0.0086505190311418,1.532584809683816e-05,0.0083044982698963,4.779027901164588e-06,0.0079584775086505,5.602998228951586e-06,0.0100346020761246,8.404497343427378e-06,0.0103806228373701,4.976780779833467e-05,0.0107266435986159,2.2247198850248946e-05,0.0110726643598615,1.1370790523460572e-05,0.0114186851211073,5.273410097836786e-06,1,1,1,1,0
1737,0,14:36:54,2,0.0100346020761246,163459.0,0.0102076124567473,0.0100346020761246,3.131087245590592e-06,0.009688581314879,8.239703277869978e-06,0.0089965397923876,6.262174491181184e-06,0.0086505190311418,1.532584809683816e-05,0.0083044982698963,4.779027901164588e-06,0.0103806228373701,4.976780779833467e-05,0.0107266435986159,2.2247198850248946e-05,0.0110726643598615,1.1370790523460572e-05,0.0114186851211073,5.273410097836786e-06,0.0117647058823529,4.3835221438268285e-05,1,1,1,0,0
1738,0,14:36:57,2,0.0100346020761246,14597.0,0.0102076124567473,0.0100346020761246,2.636705048918393e-06,0.009688581314879,8.239703277869978e-06,0.0093425605536332,3.95505757337759e-06,0.0089965397923876,6.262174491181184e-06,0.0086505190311418,1.532584809683816e-05,0.0103806228373701,4.943821966721988e-05,0.0107266435986159,2.2247198850248946e-05,0.0110726643598615,1.1370790523460572e-05,0.0114186851211073,5.273410097836786e-06,0.0117647058823529,4.3835221438268285e-05,1,1,0,0,0
1739,0,14:37:00,2,0.0100346020761246,0.0,0.0102076124567473,0.0100346020761246,2.636705048918393e-06,0.009688581314879,8.239703277869978e-06,0.0093425605536332,3.95505757337759e-06,0.0089965397923876,6.262174491181184e-06,0.0086505190311418,1.532584809683816e-05,0.0103806228373701,4.943821966721988e-05,0.0107266435986159,2.2247198850248946e-05,0.0110726643598615,1.1370790523460572e-05,0.0114186851211073,5.273410097836786e-06,0.0117647058823529,4.3835221438268285e-05,1,1,0,0,0
1740,0,14:37:03,2,0.0100346020761246,2919.0,0.0102076124567473,0.0100346020761246,2.4719109833609937e-06,0.009688581314879,8.239703277869978e-06,0.0093425605536332,3.95505757337759e-06,0.0089965397923876,6.262174491181184e-06,0.0086505190311418,1.532584809683816e-05,0.0103806228373701,4.943821966721988e-05,0.0107266435986159,2.2247198850248946e-05,0.0110726643598615,1.1370790523460572e-05,0.0114186851211073,5.273410097836786e-06,0.0117647058823529,4.3835221438268285e-05,1,1,0,1,0
1741,0,14:37:06,2,0.0100346020761246,2919.0,0.0102076124567473,0.0100346020761246,3.295881311147992e-06,0.009688581314879,8.239703277869978e-06,0.0089965397923876,6.262174491181184e-06,0.0086505190311418,1.532584809683816e-05,0.0083044982698963,4.779027901164588e-06,0.0103806228373701,4.943821966721988e-05,0.0107266435986159,2.2247198850248946e-05,0.0110726643598615,1.1370790523460572e-05,0.0114186851211073,5.273410097836786e-06,0.0117647058823529,4.3835221438268285e-05,1,1,0,1,0
1742,0,14:37:09,2,0.0100346020761246,17514.0,0.0102076124567473,0.0100346020761246,2.3071169178035943e-06,0.009688581314879,8.239703277869978e-06,0.0089965397923876,6.262174491181184e-06,0.0086505190311418,1.532584809683816e-05,0.0083044982698963,4.779027901164588e-06,0.0103806228373701,4.943821966721988e-05,0.0107266435986159,2.2247198850248946e-05,0.0110726643598615,1.1370790523460572e-05,0.0114186851211073,5.273410097836786e-06,0.0117647058823529,4.3835221438268285e-05,1,0,0,1,0
1743,0,14:37:12,2,0.0100346020761246,20433.0,0.0102076124567473,0.0100346020761246,1.3183525244591966e-06,0.009688581314879,7.91011514675518e-06,0.0089965397923876,6.262174491181184e-06,0.0086505190311418,1.532584809683816e-05,0.0083044982698963,4.779027901164588e-06,0.0103806228373701,5.191013065058087e-05,0.0107266435986159,2.2247198850248946e-05,0.0110726643598615,1.1370790523460572e-05,0.0114186851211073,1.0382026130116173e-05,0.0117647058823529,4.3835221438268285e-05,1,0,0,1,0
1744,0,14:37:15,2,0.0100346020761246,29190.0,0.0098615916955018,0.009688581314879,7.91011514675518e-06,0.0089965397923876,6.262174491181184e-06,0.0086505190311418,1.532584809683816e-05,0.0083044982698963,4.779027901164588e-06,0.0079584775086505,5.602998228951586e-06,0.0100346020761246,2.1423228522461945e-06,0.0103806228373701,5.191013065058087e-05,0.0107266435986159,2.2247198850248946e-05,0.0110726643598615,1.1370790523460572e-05,0.0114186851211073,1.0382026130116173e-05,1,0,0,1,0
1745,0,14:37:18,2,0.0100346020761246,0.0,0.0098615916955018,0.009688581314879,7.91011514675518e-06,0.0089965397923876,6.262174491181184e-06,0.0086505190311418,1.532584809683816e-05,0.0083044982698963,4.779027901164588e-06,0.0079584775086505,5.602998228951586e-06,0.0100346020761246,2.1423228522461945e-06,0.0103806228373701,5.191013065058087e-05,0.0107266435986159,2.2247198850248946e-05,0.0110726643598615,1.1370790523460572e-05,0.0114186851211073,1.0382026130116173e-05,1,0,0,1,0
1746,0,14:37:21,2,0.009688581314879,2918.0,0.0098615916955018,0.009688581314879,7.74532108119778e-06,0.0089965397923876,6.262174491181184e-06,0.0086505190311418,1.532584809683816e-05,0.0083044982698963,4.779027901164588e-06,0.0079584775086505,5.602998228951586e-06,0.0100346020761246,5.602998228951586e-06,0.0103806228373701,5.191013065058087e-05,0.0107266435986159,2.2247198850248946e-05,0.0110726643598615,1.1370790523460572e-05,0.0114186851211073,1.0382026130116173e-05,1,0,1,1,0
1747,0,14:37:24,2,0.009688581314879,0.0,0.0098615916955018,0.009688581314879,7.74532108119778e-06,0.0089965397923876,6.262174491181184e-06,0.0086505190311418,1.532584809683816e-05,0.0083044982698963,4.779027901164588e-06,0.0079584775086505,5.602998228951586e-06,0.0100346020761246,7.086144818968182e-06,0.0103806228373701,5.191013065058087e-05,0.0107266435986159,2.2247198850248946e-05,0.0110726643598615,1.1041202392345772e-05,0.0114186851211073,1.0382026130116173e-05,0,0,1,1,0
1748,0,14:37:27,2,0.0100346020761246,5838.0,0.0098615916955018,0.009688581314879,7.74532108119778e-06,0.0089965397923876,6.262174491181184e-06,0.0086505190311418,1.532584809683816e-05,0.0083044982698963,4.779027901164588e-06,0.0079584775086505,5.602998228951586e-06,0.0100346020761246,1.977528786688795e-05,0.0103806228373701,5.191013065058087e-05,0.0107266435986159,2.2247198850248946e-05,0.0110726643598615,1.1041202392345772e-05,0.0114186851211073,1.0382026130116173e-05,0,0,1,1,0
1749,0,14:37:30,2,0.009688581314879,20432.0,0.0098615916955018,0.009688581314879,7.5805270156403806e-06,0.0089965397923876,6.262174491181184e-06,0.0086505190311418,1.614981842462516e-05,0.0083044982698963,4.779027901164588e-06,0.0079584775086505,5.602998228951586e-06,0.0100346020761246,1.961049380133055e-05,0.0103806228373701,5.191013065058087e-05,0.0107266435986159,2.2247198850248946e-05,0.0110726643598615,1.1041202392345772e-05,0.0114186851211073,1.0382026130116173e-05,0,0,1,1,0
1750,0,14:37:33,2,0.009688581314879,5836.0,0.0098615916955018,0.009688581314879,7.250938884525582e-06,0.0089965397923876,6.262174491181184e-06,0.0086505190311418,1.614981842462516e-05,0.0083044982698963,4.779027901164588e-06,0.0079584775086505,5.602998228951586e-06,0.0100346020761246,1.961049380133055e-05,0.0103806228373701,5.191013065058087e-05,0.0107266435986159,2.2247198850248946e-05,0.0110726643598615,1.1041202392345772e-05,0.0114186851211073,1.0382026130116173e-05,0,0,1,1,0
1751,0,14:37:36,2,0.009688581314879,0.0,0.0098615916955018,0.009688581314879,7.415732950082981e-06,0.0089965397923876,6.262174491181184e-06,0.0086505190311418,1.614981842462516e-05,0.0083044982698963,4.779027901164588e-06,0.0079584775086505,5.602998228951586e-06,0.0100346020761246,1.961049380133055e-05,0.0103806228373701,5.191013065058087e-05,0.0107266435986159,2.2247198850248946e-05,0.0110726643598615,1.1041202392345772e-05,0.0114186851211073,1.0382026130116173e-05,0,0,1,1,0
1752,0,14:37:39,2,0.009688581314879,134228.0,0.0093425605536332,0.0089965397923876,6.262174491181184e-06,0.0086505190311418,1.614981842462516e-05,0.0083044982698963,4.779027901164588e-06,0.0079584775086505,5.602998228951586e-06,0.0076124567474049,1.614981842462516e-05,0.009688581314879,5.438204163394186e-06,0.0100346020761246,1.878652347354355e-05,0.0103806228373701,5.223971878169567e-05,0.0107266435986159,2.2247198850248946e-05,0.0110726643598615,1.1041202392345772e-05,1,0,1,1,1
1753,0,14:37:42,2,0.009688581314879,17508.0,0.0093425605536332,0.0089965397923876,6.262174491181184e-06,0.0086505190311418,1.614981842462516e-05,0.0083044982698963,4.779027901164588e-06,0.0079584775086505,5.602998228951586e-06,0.0076124567474049,1.614981842462516e-05,0.009688581314879,4.449439770049789e-06,0.0100346020761246,2.2247198850248946e-05,0.0103806228373701,5.223971878169567e-05,0.0107266435986159,2.2247198850248946e-05,0.0110726643598615,1.1041202392345772e-05,1,0,1,1,1
1754,0,14:37:45,2,0.0089965397923876,2916.0,0.0093425605536332,0.0089965397923876,6.097380425623785e-06,0.0086505190311418,1.614981842462516e-05,0.0083044982698963,4.779027901164588e-06,0.0079584775086505,5.602998228951586e-06,0.0076124567474049,1.614981842462516e-05,0.009688581314879,4.614233835607189e-06,0.0100346020761246,2.2247198850248946e-05,0.0103806228373701,5.223971878169567e-05,0.0107266435986159,2.2247198850248946e-05,0.0110726643598615,1.1041202392345772e-05,1,0,1,1,1
1755,0,14:37:48,2,0.0089965397923876,8748.0,0.0093425605536332,0.0089965397923876,5.602998228951586e-06,0.0086505190311418,1.614981842462516e-05,0.0083044982698963,4.779027901164588e-06,0.0079584775086505,5.602998228951586e-06,0.0076124567474049,1.614981842462516e-05,0.009688581314879,4.614233835607189e-06,0.0100346020761246,2.2247198850248946e-05,0.0103806228373701,5.207492471613827e-05,0.0107266435986159,2.2411992915806344e-05,0.0110726643598615,1.1041202392345772e-05,0,0,1,1,1
1756,0,14:37:51,2,0.0089965397923876,0.0,0.0093425605536332,0.0089965397923876,5.602998228951586e-06,0.0086505190311418,1.614981842462516e-05,0.0083044982698963,4.779027901164588e-06,0.0079584775086505,5.602998228951586e-06,0.0076124567474049,1.614981842462516e-05,0.009688581314879,8.569291408984778e-06,0.0100346020761246,2.290637511247854e-05,0.0103806228373701,5.207492471613827e-05,0.0107266435986159,2.2411992915806344e-05,0.0110726643598615,1.1041202392345772e-05,0,1,1,1,1
1757,0,14:37:54,2,0.0089965397923876,2916.0,0.0093425605536332,0.0089965397923876,5.438204163394186e-06,0.0086505190311418,1.614981842462516e-05,0.0083044982698963,4.779027901164588e-06,0.0079584775086505,5.602998228951586e-06,0.0076124567474049,1.614981842462516e-05,0.009688581314879,8.569291408984778e-06,0.0100346020761246,2.290637511247854e-05,0.0103806228373701,5.207492471613827e-05,0.0107266435986159,2.2411992915806344e-05,0.0110726643598615,1.1041202392345772e-05,0,1,1,1,1
1758,0,14:37:57,2,0.0089965397923876,8748.0,0.0091695501730104,0.0089965397923876,5.108616032279387e-06,0.0086505190311418,1.532584809683816e-05,0.0083044982698963,4.779027901164588e-06,0.0079584775086505,5.602998228951586e-06,0.0076124567474049,1.614981842462516e-05,0.0093425605536332,1.6479406555739958e-06,0.009688581314879,8.569291408984778e-06,0.0100346020761246,2.290637511247854e-05,0.0103806228373701,5.207492471613827e-05,0.0107266435986159,2.2411992915806344e-05,1,1,1,1,1
1759,0,14:38:00,2,0.0089965397923876,87480.0,0.0091695501730104,0.0089965397923876,1.6479406555739957e-07,0.0086505190311418,1.532584809683816e-05,0.0083044982698963,4.779027901164588e-06,0.0079584775086505,4.284645704492389e-06,0.0076124567474049,1.614981842462516e-05,0.0093425605536332,1.6479406555739958e-06,0.009688581314879,9.722849867886577e-06,0.0100346020761246,2.323596324359334e-05,0.0103806228373701,5.570039415840106e-05,0.0107266435986159,2.2411992915806344e-05,1,1,1,1,1
1760,0,14:38:03,2,0.0089965397923876,23326.0,0.0088235294117648,0.0086505190311418,1.499625996572336e-05,0.0083044982698963,4.779027901164588e-06,0.0079584775086505,4.284645704492389e-06,0.0076124567474049,1.614981842462516e-05,0.0072664359861591,6.591762622295983e-06,0.0089965397923876,1.3183525244591966e-06,0.0093425605536332,1.6479406555739958e-06,0.009688581314879,1.0711614261230972e-05,0.0100346020761246,3.147566652146332e-05,0.0103806228373701,5.570039415840106e-05,1,1,1,1,1
1761,0,14:38:06,2,0.0086505190311418,2915.0,0.0088235294117648,0.0086505190311418,1.483146590016596e-05,0.0083044982698963,4.779027901164588e-06,0.0079584775086505,9.558055802329175e-06,0.0076124567474049,1.614981842462516e-05,0.0072664359861591,6.591762622295983e-06,0.0089965397923876,1.3183525244591966e-06,0.0093425605536332,3.131087245590592e-06,0.009688581314879,1.0711614261230972e-05,0.0100346020761246,3.164046058702072e-05,0.0103806228373701,5.652436448618805e-05,1,1,1,1,1
1762,0,14:38:09,2,0.0089965397923876,8748.0,0.0088235294117648,0.0086505190311418,1.483146590016596e-05,0.0083044982698963,4.779027901164588e-06,0.0079584775086505,9.558055802329175e-06,0.0076124567474049,1.614981842462516e-05,0.0072664359861591,6.591762622295983e-06,0.0089965397923876,8.239703277869979e-07,0.0093425605536332,3.131087245590592e-06,0.009688581314879,1.0711614261230972e-05,0.0100346020761246,3.131087245590592e-05,0.0103806228373701,5.652436448618805e-05,1,1,1,1,1
1763,0,14:38:12,2,0.0086505190311418,8745.0,0.0088235294117648,0.0086505190311418,1.4337083703493764e-05,0.0083044982698963,4.779027901164588e-06,0.0079584775086505,1.6973788752412158e-05,0.0076124567474049,1.614981842462516e-05,0.0072664359861591,6.591762622295983e-06,0.0089965397923876,8.239703277869979e-07,0.0093425605536332,3.131087245590592e-06,0.009688581314879,1.0711614261230972e-05,0.0100346020761246,3.131087245590592e-05,0.0103806228373701,5.652436448618805e-05,1,1,1,1,1
1764,0,14:38:15,2,0.0086505190311418,2915.0,0.0088235294117648,0.0086505190311418,1.4337083703493764e-05,0.0083044982698963,4.779027901164588e-06,0.0079584775086505,2.1423228522461945e-05,0.0076124567474049,1.614981842462516e-05,0.0072664359861591,6.591762622295983e-06,0.0089965397923876,8.239703277869979e-07,0.0093425605536332,3.460675376705391e-06,0.009688581314879,1.0711614261230972e-05,0.0100346020761246,3.131087245590592e-05,0.0103806228373701,5.652436448618805e-05,1,1,1,1,1
1765,0,14:38:18,2,0.0086505190311418,11660.0,0.0088235294117648,0.0086505190311418,1.3677907441264164e-05,0.0083044982698963,4.779027901164588e-06,0.0079584775086505,2.1423228522461945e-05,0.0076124567474049,2.1093640391347145e-05,0.0072664359861591,6.591762622295983e-06,0.0089965397923876,8.239703277869979e-07,0.0093425605536332,3.295881311147992e-07,0.009688581314879,1.0711614261230972e-05,0.0100346020761246,3.131087245590592e-05,0.0103806228373701,5.652436448618805e-05,1,1,1,1,1
1766,0,14:38:21,2,0.0089965397923876,14580.0,0.0091695501730104,0.0089965397923876,7.415732950082981e-06,0.0086505190311418,1.3677907441264164e-05,0.0083044982698963,4.779027901164588e-06,0.0079584775086505,1.7797759080199155e-05,0.0076124567474049,3.95505757337759e-05,0.0093425605536332,3.295881311147992e-07,0.009688581314879,1.1041202392345772e-05,0.0100346020761246,3.0486902128118924e-05,0.0103806228373701,5.652436448618805e-05,0.0107266435986159,2.2411992915806344e-05,1,1,1,1,0
1767,0,14:38:24,2,0.0089965397923876,11664.0,0.0091695501730104,0.0089965397923876,6.756556687853383e-06,0.0086505190311418,1.3677907441264164e-05,0.0083044982698963,4.779027901164588e-06,0.0079584775086505,1.7797759080199155e-05,0.0076124567474049,4.1363310454907296e-05,0.0093425605536332,6.591762622295983e-07,0.009688581314879,1.1041202392345772e-05,0.0100346020761246,3.0486902128118924e-05,0.0103806228373701,5.652436448618805e-05,0.0107266435986159,2.2411992915806344e-05,1,1,1,1,0
1768,0,14:38:27,2,0.0089965397923876,2916.0,0.0091695501730104,0.0089965397923876,6.591762622295983e-06,0.0086505190311418,1.3677907441264164e-05,0.0083044982698963,4.779027901164588e-06,0.0079584775086505,1.9940081932445348e-05,0.0076124567474049,4.1363310454907296e-05,0.0093425605536332,6.591762622295983e-07,0.009688581314879,1.1041202392345772e-05,0.0100346020761246,3.0486902128118924e-05,0.0103806228373701,5.652436448618805e-05,0.0107266435986159,2.2411992915806344e-05,1,1,1,1,0
1769,0,14:38:30,2,0.0089965397923876,116640.0,0.0089965397923876,0.0086505190311418,1.3677907441264164e-05,0.0083044982698963,4.779027901164588e-06,0.0079584775086505,1.9940081932445348e-05,0.0076124567474049,4.1363310454907296e-05,0.0072664359861591,6.591762622295983e-06,0.0093425605536332,6.591762622295983e-07,0.009688581314879,1.1041202392345772e-05,0.0100346020761246,2.9662931800331923e-05,0.0103806228373701,5.619477635507326e-05,0.0107266435986159,2.2411992915806344e-05,1,1,1,1,1
1770,0,14:38:33,2,0.0089965397923876,0.0,0.0089965397923876,0.0086505190311418,1.3677907441264164e-05,0.0083044982698963,4.779027901164588e-06,0.0079584775086505,1.9940081932445348e-05,0.0076124567474049,4.1363310454907296e-05,0.0072664359861591,6.591762622295983e-06,0.0093425605536332,6.591762622295983e-07,0.009688581314879,1.1041202392345772e-05,0.0100346020761246,2.9662931800331923e-05,0.0103806228373701,5.701874668286025e-05,0.0107266435986159,2.2411992915806344e-05,1,1,1,1,1
1771,0,14:38:36,2,0.0093425605536332,5834.0,0.0089965397923876,0.0086505190311418,1.3677907441264164e-05,0.0083044982698963,4.779027901164588e-06,0.0079584775086505,1.9940081932445348e-05,0.0076124567474049,4.1363310454907296e-05,0.0072664359861591,6.591762622295983e-06,0.0093425605536332,3.295881311147992e-07,0.009688581314879,1.1041202392345772e-05,0.0100346020761246,2.9662931800331923e-05,0.0103806228373701,5.701874668286025e-05,0.0107266435986159,2.2411992915806344e-05,1,1,1,1,1
1772,0,14:38:39,2,0.0086505190311418,14585.0,0.0091695501730104,0.0086505190311418,1.878652347354355e-05,0.0083044982698963,4.779027901164588e-06,0.0079584775086505,1.9940081932445348e-05,0.0076124567474049,4.1363310454907296e-05,0.0072664359861591,6.591762622295983e-06,0.009688581314879,1.0711614261230972e-05,0.0100346020761246,2.9662931800331923e-05,0.0103806228373701,5.701874668286025e-05,0.0107266435986159,2.2411992915806344e-05,0.0110726643598615,1.1041202392345772e-05,1,1,1,1,0
1773,0,14:38:42,2,0.0086505190311418,0.0,0.0089965397923876,0.0086505190311418,1.878652347354355e-05,0.0083044982698963,4.779027901164588e-06,0.0079584775086505,1.9940081932445348e-05,0.0076124567474049,2.4719109833609935e-05,0.0072664359861591,6.591762622295983e-06,0.0093425605536332,3.295881311147992e-06,0.009688581314879,1.153558458901797e-05,0.0100346020761246,2.9662931800331923e-05,0.0103806228373701,5.701874668286025e-05,0.0107266435986159,2.2411992915806344e-05,1,1,1,1,1
1774,0,14:38:45,2,0.0086505190311418,0.0,0.0089965397923876,0.0086505190311418,1.878652347354355e-05,0.0083044982698963,4.779027901164588e-06,0.0079584775086505,1.9940081932445348e-05,0.0076124567474049,2.4719109833609935e-05,0.0072664359861591,6.591762622295983e-06,0.0093425605536332,3.295881311147992e-06,0.009688581314879,1.153558458901797e-05,0.0100346020761246,2.9662931800331923e-05,0.0103806228373701,5.701874668286025e-05,0.0107266435986159,2.2411992915806344e-05,1,2,1,1,1
1775,0,14:38:48,2,0.0086505190311418,0.0,0.0089965397923876,0.0086505190311418,1.878652347354355e-05,0.0083044982698963,4.779027901164588e-06,0.0079584775086505,1.7797759080199155e-05,0.0076124567474049,2.4719109833609935e-05,0.0072664359861591,6.591762622295983e-06,0.0093425605536332,3.295881311147992e-06,0.009688581314879,1.2359554916804967e-05,0.0100346020761246,2.9662931800331923e-05,0.0103806228373701,6.031462799400825e-05,0.0107266435986159,2.2411992915806344e-05,1,1,1,1,1
1776,0,14:38:51,2,0.0093425605536332,5832.0,0.0089965397923876,0.0086505190311418,1.8621729407986156e-05,0.0083044982698963,4.779027901164588e-06,0.0079584775086505,1.7797759080199155e-05,0.0076124567474049,2.4719109833609935e-05,0.0072664359861591,6.591762622295983e-06,0.0093425605536332,3.295881311147992e-06,0.009688581314879,1.2359554916804967e-05,0.0100346020761246,2.9662931800331923e-05,0.0103806228373701,6.031462799400825e-05,0.0107266435986159,2.2411992915806344e-05,1,1,1,1,1
1777,0,14:38:54,2,0.0086505190311418,2915.0,0.0089965397923876,0.0086505190311418,1.8456935342428754e-05,0.0083044982698963,4.779027901164588e-06,0.0079584775086505,1.7797759080199155e-05,0.0076124567474049,2.4719109833609935e-05,0.0072664359861591,6.591762622295983e-06,0.0093425605536332,3.295881311147992e-06,0.009688581314879,1.2359554916804967e-05,0.0100346020761246,2.9168549603659725e-05,0.0103806228373701,6.031462799400825e-05,0.0107266435986159,2.2411992915806344e-05,1,1,1,1,1
1778,0,14:38:57,2,0.0086505190311418,0.0,0.0089965397923876,0.0086505190311418,1.8456935342428754e-05,0.0083044982698963,4.779027901164588e-06,0.0079584775086505,1.7797759080199155e-05,0.0076124567474049,2.4719109833609935e-05,0.0072664359861591,6.591762622295983e-06,0.0093425605536332,3.295881311147992e-06,0.009688581314879,1.2359554916804967e-05,0.0100346020761246,2.9168549603659725e-05,0.0103806228373701,6.031462799400825e-05,0.0107266435986159,2.2411992915806344e-05,1,1,1,1,1
1779,0,14:39:00,2,0.0093425605536332,55423.0,0.0089965397923876,0.0086505190311418,1.8456935342428754e-05,0.0083044982698963,4.779027901164588e-06,0.0079584775086505,1.7797759080199155e-05,0.0076124567474049,2.4719109833609935e-05,0.0072664359861591,6.591762622295983e-06,0.0093425605536332,1.6479406555739957e-07,0.009688581314879,1.2359554916804967e-05,0.0100346020761246,2.9168549603659725e-05,0.0103806228373701,6.031462799400825e-05,0.0107266435986159,2.2411992915806344e-05,2,1,1,1,1
1780,0,14:39:03,2,0.009688581314879,8753.0,0.0093425605536332,0.0089965397923876,1.977528786688795e-06,0.0086505190311418,1.8456935342428754e-05,0.0083044982698963,4.779027901164588e-06,0.0079584775086505,1.7797759080199155e-05,0.0076124567474049,2.4719109833609935e-05,0.009688581314879,1.202996678569017e-05,0.0100346020761246,2.9168549603659725e-05,0.0103806228373701,6.031462799400825e-05,0.0107266435986159,2.2411992915806344e-05,0.0110726643598615,1.1041202392345772e-05,1,1,1,1,0
1781,0,14:39:06,2,0.0089965397923876,17506.0,0.0093425605536332,0.0089965397923876,1.8127347211313956e-06,0.0086505190311418,1.8456935342428754e-05,0.0083044982698963,4.9438219667219874e-06,0.0079584775086505,1.7797759080199155e-05,0.0076124567474049,2.4719109833609935e-05,0.009688581314879,1.1205996457903172e-05,0.0100346020761246,2.9168549603659725e-05,0.0103806228373701,6.311612710848404e-05,0.0107266435986159,2.2411992915806344e-05,0.0110726643598615,1.1041202392345772e-05,1,1,1,1,0
1782,0,14:39:09,2,0.0089965397923876,0.0,0.0093425605536332,0.0089965397923876,1.8127347211313956e-06,0.0086505190311418,1.8456935342428754e-05,0.0083044982698963,4.9438219667219874e-06,0.0079584775086505,1.7797759080199155e-05,0.0076124567474049,2.4719109833609935e-05,0.009688581314879,1.1205996457903172e-05,0.0100346020761246,2.9168549603659725e-05,0.0103806228373701,6.311612710848404e-05,0.0107266435986159,2.2411992915806344e-05,0.0110726643598615,1.1041202392345772e-05,1,1,1,1,0
1783,0,14:39:12,2,0.0089965397923876,2916.0,0.0093425605536332,0.0089965397923876,1.6479406555739958e-06,0.0086505190311418,1.8456935342428754e-05,0.0083044982698963,4.9438219667219874e-06,0.0079584775086505,1.6644200621297358e-05,0.0076124567474049,2.4719109833609935e-05,0.009688581314879,1.1370790523460572e-05,0.0100346020761246,2.1423228522461945e-05,0.0103806228373701,5.982024579733605e-05,0.0107266435986159,2.2411992915806344e-05,0.0110726643598615,1.1041202392345772e-05,1,1,1,1,0
1784,0,14:39:15,2,0.0089965397923876,0.0,0.009515570934256,0.0093425605536332,1.6479406555739957e-07,0.0089965397923876,1.6479406555739958e-06,0.0086505190311418,2.1752816653576744e-05,0.0083044982698963,4.9438219667219874e-06,0.0079584775086505,1.1370790523460572e-05,0.009688581314879,1.2359554916804967e-05,0.0100346020761246,2.1423228522461945e-05,0.0103806228373701,5.982024579733605e-05,0.0107266435986159,2.2411992915806344e-05,0.0110726643598615,1.1041202392345772e-05,1,1,1,0,0
1785,0,14:39:18,2,0.0093425605536332,2917.0,0.0091695501730104,0.0089965397923876,1.977528786688795e-06,0.0086505190311418,2.1588022588019343e-05,0.0083044982698963,4.9438219667219874e-06,0.0079584775086505,7.5805270156403806e-06,0.0076124567474049,2.290637511247854e-05,0.0093425605536332,1.6479406555739958e-06,0.009688581314879,1.6644200621297358e-05,0.0100346020761246,2.1423228522461945e-05,0.0103806228373701,5.982024579733605e-05,0.0107266435986159,2.2411992915806344e-05,1,1,1,0,0
1786,0,14:39:21,2,0.0089965397923876,2916.0,0.0091695501730104,0.0089965397923876,2.1423228522461945e-06,0.0086505190311418,2.1588022588019343e-05,0.0083044982698963,4.9438219667219874e-06,0.0079584775086505,7.5805270156403806e-06,0.0076124567474049,2.290637511247854e-05,0.0093425605536332,3.95505757337759e-06,0.009688581314879,1.7632965014641754e-05,0.0100346020761246,2.0928846325789747e-05,0.0103806228373701,5.982024579733605e-05,0.0107266435986159,2.2411992915806344e-05,1,1,1,0,0
1787,0,14:39:24,2,0.0089965397923876,29160.0,0.0091695501730104,0.0089965397923876,4.943821966721988e-07,0.0086505190311418,2.1588022588019343e-05,0.0083044982698963,4.9438219667219874e-06,0.0079584775086505,7.5805270156403806e-06,0.0076124567474049,2.290637511247854e-05,0.0093425605536332,3.95505757337759e-06,0.009688581314879,1.7632965014641754e-05,0.0100346020761246,2.0928846325789747e-05,0.0103806228373701,5.982024579733605e-05,0.0107266435986159,2.2411992915806344e-05,1,1,1,0,0
1788,0,14:39:27,2,0.0089965397923876,0.0,0.0091695501730104,0.0089965397923876,4.943821966721988e-07,0.0086505190311418,2.1588022588019343e-05,0.0083044982698963,4.9438219667219874e-06,0.0079584775086505,1.4501877769051163e-05,0.0076124567474049,2.290637511247854e-05,0.0093425605536332,4.9438219667219874e-06,0.009688581314879,1.7632965014641754e-05,0.0100346020761246,2.0928846325789747e-05,0.0103806228373701,5.982024579733605e-05,0.0107266435986159,2.2411992915806344e-05,1,1,1,0,0
1789,0,14:39:30,2,0.0089965397923876,0.0,0.0091695501730104,0.0089965397923876,2.636705048918393e-06,0.0086505190311418,2.1588022588019343e-05,0.0083044982698963,4.9438219667219874e-06,0.0079584775086505,1.4501877769051163e-05,0.0076124567474049,2.290637511247854e-05,0.0093425605536332,4.9438219667219874e-06,0.009688581314879,1.7632965014641754e-05,0.0100346020761246,2.0928846325789747e-05,0.0103806228373701,5.982024579733605e-05,0.0107266435986159,2.2411992915806344e-05,1,1,1,0,0
1790,0,14:39:33,2,0.0089965397923876,32076.0,0.0091695501730104,0.0089965397923876,8.239703277869979e-07,0.0086505190311418,2.1588022588019343e-05,0.0083044982698963,4.9438219667219874e-06,0.0079584775086505,1.4501877769051163e-05,0.0076124567474049,1.7962553145756553e-05,0.0093425605536332,4.9438219667219874e-06,0.009688581314879,1.8621729407986156e-05,0.0100346020761246,2.0928846325789747e-05,0.0103806228373701,5.982024579733605e-05,0.0107266435986159,2.2411992915806344e-05,1,1,1,0,0
1791,0,14:39:36,2,0.0089965397923876,2916.0,0.0091695501730104,0.0089965397923876,6.591762622295983e-07,0.0086505190311418,2.1588022588019343e-05,0.0083044982698963,4.9438219667219874e-06,0.0079584775086505,1.4501877769051163e-05,0.0076124567474049,1.7962553145756553e-05,0.0093425605536332,4.9438219667219874e-06,0.009688581314879,1.8621729407986156e-05,0.0100346020761246,2.0928846325789747e-05,0.0103806228373701,5.982024579733605e-05,0.0107266435986159,2.2411992915806344e-05,1,1,1,0,0
1792,0,14:39:39,2,0.0089965397923876,2916.0,0.0091695501730104,0.0089965397923876,4.943821966721988e-07,0.0086505190311418,2.1588022588019343e-05,0.0083044982698963,4.9438219667219874e-06,0.0079584775086505,1.4501877769051163e-05,0.0076124567474049,1.7962553145756553e-05,0.0093425605536332,5.602998228951586e-06,0.009688581314879,1.7632965014641754e-05,0.0100346020761246,2.0928846325789747e-05,0.0103806228373701,5.982024579733605e-05,0.0107266435986159,2.2411992915806344e-05,1,1,1,0,0
1793,0,14:39:42,2,0.0089965397923876,0.0,0.0091695501730104,0.0089965397923876,4.943821966721988e-07,0.0086505190311418,2.1588022588019343e-05,0.0083044982698963,4.9438219667219874e-06,0.0079584775086505,1.4501877769051163e-05,0.0076124567474049,1.7962553145756553e-05,0.0093425605536332,5.602998228951586e-06,0.009688581314879,1.7632965014641754e-05,0.0100346020761246,2.0928846325789747e-05,0.0103806228373701,5.982024579733605e-05,0.0107266435986159,2.2411992915806344e-05,1,1,1,0,0
1794,0,14:39:45,2,0.0089965397923876,2916.0,0.0091695501730104,0.0089965397923876,3.295881311147992e-07,0.0086505190311418,2.1588022588019343e-05,0.0083044982698963,4.9438219667219874e-06,0.0079584775086505,6.591762622295983e-06,0.0076124567474049,1.7962553145756553e-05,0.0093425605536332,5.602998228951586e-06,0.009688581314879,1.7632965014641754e-05,0.0100346020761246,2.0928846325789747e-05,0.0103806228373701,5.982024579733605e-05,0.0107266435986159,2.2411992915806344e-05,1,1,1,0,0
1795,0,14:39:48,2,0.0089965397923876,0.0,0.0091695501730104,0.0089965397923876,3.295881311147992e-07,0.0086505190311418,2.1588022588019343e-05,0.0083044982698963,4.9438219667219874e-06,0.0079584775086505,6.591762622295983e-06,0.0076124567474049,1.614981842462516e-05,0.0093425605536332,5.602998228951586e-06,0.009688581314879,1.7632965014641754e-05,0.0100346020761246,2.0928846325789747e-05,0.0103806228373701,5.982024579733605e-05,0.0107266435986159,2.2411992915806344e-05,1,1,1,0,0
1796,0,14:39:51,2,0.0089965397923876,17494.0,0.0088235294117648,0.0086505190311418,2.290637511247854e-05,0.0083044982698963,4.9438219667219874e-06,0.0079584775086505,6.591762622295983e-06,0.0076124567474049,1.614981842462516e-05,0.0072664359861591,6.591762622295983e-06,0.0089965397923876,1.6479406555739957e-07,0.0093425605536332,5.602998228951586e-06,0.009688581314879,1.7632965014641754e-05,0.0100346020761246,2.0928846325789747e-05,0.0103806228373701,5.982024579733605e-05,1,1,1,1,0
1797,0,14:39:54,2,0.0086505190311418,2915.0,0.0088235294117648,0.0086505190311418,2.2741581046921143e-05,0.0083044982698963,4.9438219667219874e-06,0.0079584775086505,6.591762622295983e-06,0.0076124567474049,1.614981842462516e-05,0.0072664359861591,6.591762622295983e-06,0.0089965397923876,4.9438219667219874e-06,0.0093425605536332,5.602998228951586e-06,0.009688581314879,1.7632965014641754e-05,0.0100346020761246,2.0928846325789747e-05,0.0103806228373701,5.982024579733605e-05,1,1,1,1,0
1798,0,14:39:57,2,0.0086505190311418,17490.0,0.0088235294117648,0.0086505190311418,2.1752816653576744e-05,0.0083044982698963,4.9438219667219874e-06,0.0079584775086505,6.591762622295983e-06,0.0076124567474049,1.614981842462516e-05,0.0072664359861591,6.591762622295983e-06,0.0089965397923876,4.9438219667219874e-06,0.0093425605536332,5.602998228951586e-06,0.009688581314879,1.7962553145756553e-05,0.0100346020761246,2.0928846325789747e-05,0.0103806228373701,5.982024579733605e-05,1,1,1,1,0
1799,0,14:40:00,2,0.0086505190311418,8745.0,0.0088235294117648,0.0086505190311418,2.1258434456904547e-05,0.0083044982698963,4.9438219667219874e-06,0.0079584775086505,6.591762622295983e-06,0.0076124567474049,1.614981842462516e-05,0.0072664359861591,6.591762622295983e-06,0.0089965397923876,7.91011514675518e-06,0.0093425605536332,5.602998228951586e-06,0.009688581314879,1.7962553145756553e-05,0.0100346020761246,2.5707874226954334e-05,0.0103806228373701,5.982024579733605e-05,1,1,1,1,0
1800,0,14:40:03,2,0.0086505190311418,26235.0,0.0088235294117648,0.0086505190311418,1.977528786688795e-05,0.0083044982698963,4.9438219667219874e-06,0.0079584775086505,6.591762622295983e-06,0.0076124567474049,1.614981842462516e-05,0.0072664359861591,6.591762622295983e-06,0.0089965397923876,7.91011514675518e-06,0.0093425605536332,5.602998228951586e-06,0.009688581314879,1.7962553145756553e-05,0.0100346020761246,2.5707874226954334e-05,0.0103806228373701,5.982024579733605e-05,1,1,1,1,0
1801,0,14:40:06,2,0.0086505190311418,20405.0,0.0088235294117648,0.0086505190311418,1.961049380133055e-05,0.0083044982698963,4.9438219667219874e-06,0.0079584775086505,6.591762622295983e-06,0.0076124567474049,1.614981842462516e-05,0.0072664359861591,6.591762622295983e-06,0.0089965397923876,7.91011514675518e-06,0.0093425605536332,5.602998228951586e-06,0.009688581314879,1.7962553145756553e-05,0.0100346020761246,2.5707874226954334e-05,0.0103806228373701,5.982024579733605e-05,1,1,1,1,0
1802,0,14:40:09,2,0.0086505190311418,0.0,0.0088235294117648,0.0086505190311418,1.961049380133055e-05,0.0083044982698963,4.9438219667219874e-06,0.0079584775086505,6.591762622295983e-06,0.0076124567474049,1.614981842462516e-05,0.0072664359861591,6.591762622295983e-06,0.0089965397923876,7.91011514675518e-06,0.0093425605536332,5.602998228951586e-06,0.009688581314879,1.6973788752412158e-05,0.0100346020761246,2.5707874226954334e-05,0.0103806228373701,5.982024579733605e-05,1,1,1,1,0
1803,0,14:40:12,2,0.0086505190311418,0.0,0.0088235294117648,0.0086505190311418,1.961049380133055e-05,0.0083044982698963,4.9438219667219874e-06,0.0079584775086505,6.591762622295983e-06,0.0076124567474049,1.614981842462516e-05,0.0072664359861591,6.591762622295983e-06,0.0089965397923876,7.91011514675518e-06,0.0093425605536332,5.602998228951586e-06,0.009688581314879,1.6973788752412158e-05,0.0100346020761246,2.5707874226954334e-05,0.0103806228373701,5.982024579733605e-05,1,1,1,0,0
1804,0,14:40:15,2,0.0086505190311418,5830.0,0.0088235294117648,0.0086505190311418,1.9280905670215752e-05,0.0083044982698963,4.9438219667219874e-06,0.0079584775086505,6.591762622295983e-06,0.0076124567474049,1.614981842462516e-05,0.0072664359861591,6.591762622295983e-06,0.0089965397923876,7.91011514675518e-06,0.0093425605536332,5.602998228951586e-06,0.009688581314879,1.6973788752412158e-05,0.0100346020761246,2.5707874226954334e-05,0.0103806228373701,5.982024579733605e-05,1,1,1,0,0
1805,0,14:40:18,2,0.0086505190311418,2915.0,0.0088235294117648,0.0086505190311418,1.911611160465835e-05,0.0083044982698963,4.9438219667219874e-06,0.0079584775086505,6.591762622295983e-06,0.0076124567474049,1.614981842462516e-05,0.0072664359861591,6.591762622295983e-06,0.0089965397923876,7.91011514675518e-06,0.0093425605536332,5.602998228951586e-06,0.009688581314879,1.6973788752412158e-05,0.0100346020761246,2.5872668292511732e-05,0.0103806228373701,5.982024579733605e-05,1,1,1,0,1
1806,0,14:40:21,2,0.0089965397923876,29160.0,0.0088235294117648,0.0086505190311418,1.911611160465835e-05,0.0083044982698963,5.273410097836786e-06,0.0079584775086505,6.591762622295983e-06,0.0076124567474049,1.614981842462516e-05,0.0072664359861591,6.591762622295983e-06,0.0089965397923876,6.921350753410782e-06,0.0093425605536332,5.602998228951586e-06,0.009688581314879,1.6973788752412158e-05,0.0100346020761246,3.361798937370951e-05,0.0103806228373701,5.982024579733605e-05,1,1,1,0,1
1807,0,14:40:24,2,0.0086505190311418,2915.0,0.0088235294117648,0.0086505190311418,1.911611160465835e-05,0.0083044982698963,5.273410097836786e-06,0.0079584775086505,6.591762622295983e-06,0.0076124567474049,1.614981842462516e-05,0.0072664359861591,6.591762622295983e-06,0.0089965397923876,7.74532108119778e-06,0.0093425605536332,5.602998228951586e-06,0.009688581314879,1.6973788752412158e-05,0.0100346020761246,3.411237157038171e-05,0.0103806228373701,5.982024579733605e-05,1,1,1,0,1
1808,0,14:40:27,2,0.0086505190311418,17490.0,0.0088235294117648,0.0086505190311418,1.8127347211313955e-05,0.0083044982698963,5.273410097836786e-06,0.0079584775086505,6.591762622295983e-06,0.0076124567474049,1.614981842462516e-05,0.0072664359861591,6.591762622295983e-06,0.0089965397923876,7.74532108119778e-06,0.0093425605536332,6.426968556738583e-06,0.009688581314879,1.6973788752412158e-05,0.0100346020761246,3.4606753767053915e-05,0.0103806228373701,5.982024579733605e-05,1,1,1,0,1
1809,0,14:40:30,2,0.0086505190311418,5830.0,0.0088235294117648,0.0086505190311418,1.7797759080199155e-05,0.0083044982698963,5.273410097836786e-06,0.0079584775086505,6.591762622295983e-06,0.0076124567474049,1.614981842462516e-05,0.0072664359861591,6.591762622295983e-06,0.0089965397923876,8.07490921231258e-06,0.0093425605536332,6.426968556738583e-06,0.009688581314879,1.6973788752412158e-05,0.0100346020761246,3.4606753767053915e-05,0.0103806228373701,5.982024579733605e-05,1,1,1,0,1
1810,0,14:40:33,2,0.0086505190311418,29150.0,0.0088235294117648,0.0086505190311418,1.7797759080199155e-05,0.0083044982698963,5.273410097836786e-06,0.0079584775086505,6.591762622295983e-06,0.0076124567474049,1.614981842462516e-05,0.0072664359861591,6.591762622295983e-06,0.0089965397923876,8.07490921231258e-06,0.0093425605536332,6.426968556738583e-06,0.009688581314879,1.7468170949084355e-05,0.0100346020761246,3.4606753767053915e-05,0.0103806228373701,5.982024579733605e-05,1,1,1,0,1
1811,0,14:40:36,2,0.0086505190311418,0.0,0.0088235294117648,0.0086505190311418,1.7797759080199155e-05,0.0083044982698963,5.273410097836786e-06,0.0079584775086505,6.591762622295983e-06,0.0076124567474049,1.614981842462516e-05,0.0072664359861591,6.591762622295983e-06,0.0089965397923876,8.07490921231258e-06,0.0093425605536332,6.426968556738583e-06,0.009688581314879,1.7468170949084355e-05,0.0100346020761246,3.4606753767053915e-05,0.0103806228373701,5.982024579733605e-05,1,1,1,0,1
1812,0,14:40:39,2,0.0086505190311418,2915.0,0.0088235294117648,0.0086505190311418,1.7632965014641754e-05,0.0083044982698963,5.273410097836786e-06,0.0079584775086505,6.591762622295983e-06,0.0076124567474049,1.614981842462516e-05,0.0072664359861591,6.591762622295983e-06,0.0089965397923876,8.07490921231258e-06,0.0093425605536332,9.722849867886577e-06,0.009688581314879,1.7468170949084355e-05,0.0100346020761246,3.4606753767053915e-05,0.0103806228373701,5.982024579733605e-05,1,1,1,0,1
1813,0,14:40:42,2,0.0086505190311418,0.0,0.0088235294117648,0.0086505190311418,1.7632965014641754e-05,0.0083044982698963,5.273410097836786e-06,0.0079584775086505,6.591762622295983e-06,0.0076124567474049,1.614981842462516e-05,0.0072664359861591,6.591762622295983e-06,0.0089965397923876,8.07490921231258e-06,0.0093425605536332,9.063673605656976e-06,0.009688581314879,1.7468170949084355e-05,0.0100346020761246,3.4606753767053915e-05,0.0103806228373701,5.982024579733605e-05,1,1,1,0,1
1814,0,14:40:45,2,0.0086505190311418,8745.0,0.0088235294117648,0.0086505190311418,1.7138582817969556e-05,0.0083044982698963,5.273410097836786e-06,0.0079584775086505,6.591762622295983e-06,0.0076124567474049,1.614981842462516e-05,0.0072664359861591,6.591762622295983e-06,0.0089965397923876,8.07490921231258e-06,0.0093425605536332,9.063673605656976e-06,0.009688581314879,1.7468170949084355e-05,0.0100346020761246,3.4606753767053915e-05,0.0103806228373701,5.982024579733605e-05,1,0,1,0,1
1815,0,14:40:48,2,0.0086505190311418,0.0,0.0088235294117648,0.0086505190311418,1.7138582817969556e-05,0.0083044982698963,5.273410097836786e-06,0.0079584775086505,6.591762622295983e-06,0.0076124567474049,1.614981842462516e-05,0.0072664359861591,6.591762622295983e-06,0.0089965397923876,8.07490921231258e-06,0.0093425605536332,9.063673605656976e-06,0.009688581314879,1.7468170949084355e-05,0.0100346020761246,3.4606753767053915e-05,0.0103806228373701,5.982024579733605e-05,1,0,1,0,1
1816,0,14:40:51,2,0.0086505190311418,43725.0,0.0088235294117648,0.0086505190311418,1.4666671834608563e-05,0.0083044982698963,5.273410097836786e-06,0.0079584775086505,6.591762622295983e-06,0.0076124567474049,1.614981842462516e-05,0.0072664359861591,6.591762622295983e-06,0.0089965397923876,8.07490921231258e-06,0.0093425605536332,9.063673605656976e-06,0.009688581314879,1.7468170949084355e-05,0.0100346020761246,3.4606753767053915e-05,0.0103806228373701,5.982024579733605e-05,1,0,1,0,1
1817,0,14:40:54,2,0.0086505190311418,0.0,0.0088235294117648,0.0086505190311418,1.483146590016596e-05,0.0083044982698963,5.273410097836786e-06,0.0079584775086505,6.591762622295983e-06,0.0076124567474049,1.614981842462516e-05,0.0072664359861591,6.591762622295983e-06,0.0089965397923876,8.239703277869978e-06,0.0093425605536332,9.063673605656976e-06,0.009688581314879,1.7468170949084355e-05,0.0100346020761246,3.4606753767053915e-05,0.0103806228373701,5.982024579733605e-05,1,0,1,0,1
1818,0,14:40:57,2,0.0086505190311418,20407.0,0.0088235294117648,0.0086505190311418,1.4007495572378964e-05,0.0083044982698963,5.273410097836786e-06,0.0079584775086505,6.591762622295983e-06,0.0076124567474049,1.614981842462516e-05,0.0072664359861591,6.591762622295983e-06,0.0089965397923876,7.91011514675518e-06,0.0093425605536332,9.063673605656976e-06,0.009688581314879,1.6644200621297358e-05,0.0100346020761246,3.4606753767053915e-05,0.0103806228373701,6.443447963294324e-05,1,0,1,0,1
1819,0,14:41:00,2,0.0086505190311418,0.0,0.0088235294117648,0.0086505190311418,1.4007495572378964e-05,0.0083044982698963,5.273410097836786e-06,0.0079584775086505,6.591762622295983e-06,0.0076124567474049,1.614981842462516e-05,0.0072664359861591,6.591762622295983e-06,0.0089965397923876,7.91011514675518e-06,0.0093425605536332,9.063673605656976e-06,0.009688581314879,1.6644200621297358e-05,0.0100346020761246,3.4606753767053915e-05,0.0103806228373701,6.443447963294324e-05,0,0,1,0,1
1820,0,14:41:03,2,0.0086505190311418,262350.0,0.0084775086505191,0.0083044982698963,5.108616032279387e-06,0.0079584775086505,6.591762622295983e-06,0.0076124567474049,1.614981842462516e-05,0.0072664359861591,6.591762622295983e-06,0.0069204152249136,5.438204163394186e-06,0.0086505190311418,1.3842701506821564e-05,0.0089965397923876,7.74532108119778e-06,0.0093425605536332,9.063673605656976e-06,0.009688581314879,1.6644200621297358e-05,0.0100346020761246,3.4606753767053915e-05,1,1,1,1,1
1821,0,14:41:06,2,0.0086505190311418,0.0,0.0084775086505191,0.0083044982698963,5.108616032279387e-06,0.0079584775086505,6.591762622295983e-06,0.0076124567474049,1.614981842462516e-05,0.0072664359861591,6.591762622295983e-06,0.0069204152249136,5.438204163394186e-06,0.0086505190311418,1.3842701506821564e-05,0.0089965397923876,7.74532108119778e-06,0.0093425605536332,9.063673605656976e-06,0.009688581314879,1.6644200621297358e-05,0.0100346020761246,3.4606753767053915e-05,1,1,1,1,1
1822,0,14:41:09,2,0.0086505190311418,0.0,0.0084775086505191,0.0083044982698963,5.108616032279387e-06,0.0079584775086505,6.591762622295983e-06,0.0076124567474049,1.614981842462516e-05,0.0072664359861591,6.591762622295983e-06,0.0069204152249136,5.438204163394186e-06,0.0086505190311418,3.493634189816871e-05,0.0089965397923876,7.74532108119778e-06,0.0093425605536332,9.063673605656976e-06,0.009688581314879,1.6644200621297358e-05,0.0100346020761246,3.4606753767053915e-05,1,1,1,1,1
1823,0,14:41:12,2,0.0083044982698963,67022.0,0.0084775086505191,0.0083044982698963,1.3183525244591966e-06,0.0079584775086505,6.591762622295983e-06,0.0076124567474049,1.614981842462516e-05,0.0072664359861591,6.591762622295983e-06,0.0069204152249136,5.438204163394186e-06,0.0086505190311418,3.493634189816871e-05,0.0089965397923876,7.74532108119778e-06,0.0093425605536332,9.063673605656976e-06,0.009688581314879,1.6644200621297358e-05,0.0100346020761246,3.4606753767053915e-05,1,1,1,1,1
1824,0,14:41:15,2,0.0079584775086505,26225.0,0.0081314878892733,0.0079584775086505,6.426968556738583e-06,0.0076124567474049,1.614981842462516e-05,0.0072664359861591,6.591762622295983e-06,0.0069204152249136,5.438204163394186e-06,0.0065743944636678,7.74532108119778e-06,0.0083044982698963,3.295881311147992e-07,0.0086505190311418,3.493634189816871e-05,0.0089965397923876,7.74532108119778e-06,0.0093425605536332,9.063673605656976e-06,0.009688581314879,1.6644200621297358e-05,1,1,1,1,1
1825,0,14:41:18,2,0.0079584775086505,0.0,0.0081314878892733,0.0079584775086505,6.426968556738583e-06,0.0076124567474049,1.614981842462516e-05,0.0072664359861591,6.591762622295983e-06,0.0069204152249136,5.438204163394186e-06,0.0065743944636678,7.74532108119778e-06,0.0083044982698963,3.7902635078201903e-06,0.0086505190311418,3.493634189816871e-05,0.0089965397923876,7.74532108119778e-06,0.0093425605536332,9.063673605656976e-06,0.009688581314879,1.6644200621297358e-05,1,1,1,1,1
1826,0,14:41:21,2,0.0079584775086505,0.0,0.0081314878892733,0.0079584775086505,6.426968556738583e-06,0.0076124567474049,1.614981842462516e-05,0.0072664359861591,6.591762622295983e-06,0.0069204152249136,5.438204163394186e-06,0.0065743944636678,7.74532108119778e-06,0.0083044982698963,4.119851638934989e-06,0.0086505190311418,3.411237157038171e-05,0.0089965397923876,7.74532108119778e-06,0.0093425605536332,9.063673605656976e-06,0.009688581314879,1.6644200621297358e-05,1,1,1,1,1
1827,0,14:41:24,2,0.0079584775086505,0.0,0.0081314878892733,0.0079584775086505,6.426968556738583e-06,0.0076124567474049,1.614981842462516e-05,0.0072664359861591,6.591762622295983e-06,0.0069204152249136,5.438204163394186e-06,0.0065743944636678,7.74532108119778e-06,0.0083044982698963,4.119851638934989e-06,0.0086505190311418,3.411237157038171e-05,0.0089965397923876,7.74532108119778e-06,0.0093425605536332,9.063673605656976e-06,0.009688581314879,1.6644200621297358e-05,1,1,1,1,1
1828,0,14:41:27,2,0.0079584775086505,2913.0,0.0081314878892733,0.0079584775086505,6.426968556738583e-06,0.0076124567474049,1.614981842462516e-05,0.0072664359861591,6.591762622295983e-06,0.0069204152249136,5.438204163394186e-06,0.0065743944636678,7.74532108119778e-06,0.0083044982698963,4.119851638934989e-06,0.0086505190311418,3.493634189816871e-05,0.0089965397923876,7.74532108119778e-06,0.0093425605536332,9.063673605656976e-06,0.009688581314879,1.6644200621297358e-05,1,1,1,1,1
1829,0,14:41:30,2,0.0079584775086505,14565.0,0.0081314878892733,0.0079584775086505,5.602998228951586e-06,0.0076124567474049,1.614981842462516e-05,0.0072664359861591,6.591762622295983e-06,0.0069204152249136,5.438204163394186e-06,0.0065743944636678,7.74532108119778e-06,0.0083044982698963,3.7902635078201903e-06,0.0086505190311418,3.493634189816871e-05,0.0089965397923876,1.0052437999001376e-05,0.0093425605536332,9.063673605656976e-06,0.009688581314879,1.6644200621297358e-05,1,1,1,1,1
1830,0,14:41:33,2,0.0083044982698963,49529.0,0.0081314878892733,0.0079584775086505,4.119851638934989e-06,0.0076124567474049,1.614981842462516e-05,0.0072664359861591,6.591762622295983e-06,0.0069204152249136,5.438204163394186e-06,0.0065743944636678,7.74532108119778e-06,0.0083044982698963,2.4719109833609937e-06,0.0086505190311418,3.493634189816871e-05,0.0089965397923876,1.0052437999001376e-05,0.0093425605536332,9.063673605656976e-06,0.009688581314879,1.6644200621297358e-05,1,1,1,1,1
1831,0,14:41:36,2,0.0079584775086505,2913.0,0.0081314878892733,0.0079584775086505,3.95505757337759e-06,0.0076124567474049,1.614981842462516e-05,0.0072664359861591,6.591762622295983e-06,0.0069204152249136,5.438204163394186e-06,0.0065743944636678,7.74532108119778e-06,0.0083044982698963,2.4719109833609937e-06,0.0086505190311418,3.493634189816871e-05,0.0089965397923876,1.0052437999001376e-05,0.0093425605536332,9.063673605656976e-06,0.009688581314879,1.6644200621297358e-05,1,1,1,1,1
1832,0,14:41:39,2,0.0079584775086505,0.0,0.0081314878892733,0.0079584775086505,3.95505757337759e-06,0.0076124567474049,1.614981842462516e-05,0.0072664359861591,6.591762622295983e-06,0.0069204152249136,5.438204163394186e-06,0.0065743944636678,7.74532108119778e-06,0.0083044982698963,3.460675376705391e-06,0.0086505190311418,3.493634189816871e-05,0.0089965397923876,8.734085474542178e-06,0.0093425605536332,7.415732950082981e-06,0.009688581314879,1.6644200621297358e-05,1,1,1,1,1
1833,0,14:41:42,2,0.0079584775086505,2913.0,0.0081314878892733,0.0079584775086505,1.8127347211313956e-06,0.0076124567474049,1.614981842462516e-05,0.0072664359861591,4.9438219667219874e-06,0.0069204152249136,5.438204163394186e-06,0.0065743944636678,7.74532108119778e-06,0.0083044982698963,3.625469442262791e-06,0.0086505190311418,3.493634189816871e-05,0.0089965397923876,8.734085474542178e-06,0.0093425605536332,7.415732950082981e-06,0.009688581314879,1.6644200621297358e-05,1,1,1,1,1
1834,0,14:41:45,2,0.0079584775086505,5826.0,0.0081314878892733,0.0079584775086505,1.4831465900165962e-06,0.0076124567474049,1.614981842462516e-05,0.0072664359861591,4.9438219667219874e-06,0.0069204152249136,5.438204163394186e-06,0.0065743944636678,7.74532108119778e-06,0.0083044982698963,3.625469442262791e-06,0.0086505190311418,3.493634189816871e-05,0.0089965397923876,8.734085474542178e-06,0.0093425605536332,7.415732950082981e-06,0.009688581314879,1.6644200621297358e-05,1,1,1,1,1
1835,0,14:41:48,2,0.0083044982698963,14570.0,0.0081314878892733,0.0079584775086505,1.4831465900165962e-06,0.0076124567474049,1.614981842462516e-05,0.0072664359861591,4.9438219667219874e-06,0.0069204152249136,5.438204163394186e-06,0.0065743944636678,7.74532108119778e-06,0.0083044982698963,3.131087245590592e-06,0.0086505190311418,3.493634189816871e-05,0.0089965397923876,8.734085474542178e-06,0.0093425605536332,7.415732950082981e-06,0.009688581314879,1.6644200621297358e-05,1,1,1,1,1
1836,0,14:41:51,2,0.0079584775086505,2913.0,0.0081314878892733,0.0079584775086505,1.3183525244591966e-06,0.0076124567474049,1.614981842462516e-05,0.0072664359861591,4.9438219667219874e-06,0.0069204152249136,5.438204163394186e-06,0.0065743944636678,7.74532108119778e-06,0.0083044982698963,1.7138582817969556e-05,0.0086505190311418,3.493634189816871e-05,0.0089965397923876,8.734085474542178e-06,0.0093425605536332,7.415732950082981e-06,0.009688581314879,1.6479406555739956e-05,1,1,1,1,1
1837,0,14:41:54,2,0.0079584775086505,0.0,0.0081314878892733,0.0079584775086505,1.3183525244591966e-06,0.0076124567474049,1.614981842462516e-05,0.0072664359861591,4.9438219667219874e-06,0.0069204152249136,5.438204163394186e-06,0.0065743944636678,9.393261736771775e-06,0.0083044982698963,1.8292141276871356e-05,0.0086505190311418,3.493634189816871e-05,0.0089965397923876,8.734085474542178e-06,0.0093425605536332,7.415732950082981e-06,0.009688581314879,1.6479406555739956e-05,1,0,1,1,1
1838,0,14:41:57,2,0.0079584775086505,2913.0,0.0081314878892733,0.0079584775086505,1.977528786688795e-06,0.0076124567474049,1.614981842462516e-05,0.0072664359861591,4.9438219667219874e-06,0.0069204152249136,5.438204163394186e-06,0.0065743944636678,9.393261736771775e-06,0.0083044982698963,1.8292141276871356e-05,0.0086505190311418,3.493634189816871e-05,0.0089965397923876,8.734085474542178e-06,0.0093425605536332,7.415732950082981e-06,0.009688581314879,1.6479406555739956e-05,1,1,1,1,1
1839,0,14:42:00,2,0.0079584775086505,2913.0,0.0081314878892733,0.0079584775086505,2.636705048918393e-06,0.0076124567474049,1.614981842462516e-05,0.0072664359861591,4.9438219667219874e-06,0.0069204152249136,5.438204163394186e-06,0.0065743944636678,9.228467671214376e-06,0.0083044982698963,1.8292141276871356e-05,0.0086505190311418,3.493634189816871e-05,0.0089965397923876,8.734085474542178e-06,0.0093425605536332,7.415732950082981e-06,0.009688581314879,1.6479406555739956e-05,1,1,1,1,1
1840,0,14:42:03,2,0.0079584775086505,23304.0,0.0081314878892733,0.0079584775086505,2.3071169178035943e-06,0.0076124567474049,1.614981842462516e-05,0.0072664359861591,4.9438219667219874e-06,0.0069204152249136,1.977528786688795e-05,0.0065743944636678,9.228467671214376e-06,0.0083044982698963,1.8292141276871356e-05,0.0086505190311418,3.493634189816871e-05,0.0089965397923876,8.734085474542178e-06,0.0093425605536332,7.415732950082981e-06,0.009688581314879,1.6644200621297358e-05,1,0,1,1,1
1841,0,14:42:06,2,0.0079584775086505,0.0,0.0081314878892733,0.0079584775086505,2.3071169178035943e-06,0.0076124567474049,1.614981842462516e-05,0.0072664359861591,4.9438219667219874e-06,0.0069204152249136,1.977528786688795e-05,0.0065743944636678,9.228467671214376e-06,0.0083044982698963,1.961049380133055e-05,0.0086505190311418,3.493634189816871e-05,0.0089965397923876,8.734085474542178e-06,0.0093425605536332,7.415732950082981e-06,0.009688581314879,1.6644200621297358e-05,1,0,1,1,1
1842,0,14:42:09,2,0.0083044982698963,23310.0,0.0081314878892733,0.0079584775086505,2.801499114475793e-06,0.0076124567474049,1.614981842462516e-05,0.0072664359861591,4.9438219667219874e-06,0.0069204152249136,1.977528786688795e-05,0.0065743944636678,9.228467671214376e-06,0.0083044982698963,1.8621729407986156e-05,0.0086505190311418,3.493634189816871e-05,0.0089965397923876,1.2853937113477169e-05,0.0093425605536332,7.415732950082981e-06,0.009688581314879,1.6644200621297358e-05,0,0,1,1,1
1843,0,14:42:12,2,0.0079584775086505,49521.0,0.0077854671280277,0.0076124567474049,1.614981842462516e-05,0.0072664359861591,4.9438219667219874e-06,0.0069204152249136,1.977528786688795e-05,0.0065743944636678,9.228467671214376e-06,0.0062283737024222,3.131087245590592e-06,0.0079584775086505,3.625469442262791e-06,0.0083044982698963,1.8621729407986156e-05,0.0086505190311418,3.493634189816871e-05,0.0089965397923876,1.2853937113477169e-05,0.0093425605536332,7.415732950082981e-06,1,1,1,1,1
1844,0,14:42:15,2,0.0076124567474049,2912.0,0.0077854671280277,0.0076124567474049,1.598502435906776e-05,0.0072664359861591,4.9438219667219874e-06,0.0069204152249136,1.977528786688795e-05,0.0065743944636678,9.228467671214376e-06,0.0062283737024222,3.131087245590592e-06,0.0079584775086505,8.07490921231258e-06,0.0083044982698963,1.8621729407986156e-05,0.0086505190311418,3.95505757337759e-05,0.0089965397923876,1.2853937113477169e-05,0.0093425605536332,7.415732950082981e-06,1,1,1,1,1
1845,0,14:42:18,2,0.0076124567474049,0.0,0.0077854671280277,0.0076124567474049,1.598502435906776e-05,0.0072664359861591,4.9438219667219874e-06,0.0069204152249136,1.977528786688795e-05,0.0065743944636678,9.228467671214376e-06,0.0062283737024222,3.131087245590592e-06,0.0079584775086505,1.0711614261230972e-05,0.0083044982698963,1.8621729407986156e-05,0.0086505190311418,3.95505757337759e-05,0.0089965397923876,1.2853937113477169e-05,0.0093425605536332,7.415732950082981e-06,1,1,1,1,1
1846,0,14:42:21,2,0.0079584775086505,17477.0,0.0077854671280277,0.0076124567474049,1.582023029351036e-05,0.0072664359861591,4.9438219667219874e-06,0.0069204152249136,1.977528786688795e-05,0.0065743944636678,9.228467671214376e-06,0.0062283737024222,3.131087245590592e-06,0.0079584775086505,9.887643933443977e-06,0.0083044982698963,1.8456935342428754e-05,0.0086505190311418,2.653184455474133e-05,0.0089965397923876,1.2853937113477169e-05,0.0093425605536332,7.415732950082981e-06,1,1,1,1,1
1847,0,14:42:24,2,0.0076124567474049,279552.0,0.0074394463667821,0.0072664359861591,4.9438219667219874e-06,0.0069204152249136,1.977528786688795e-05,0.0065743944636678,9.228467671214376e-06,0.0062283737024222,3.131087245590592e-06,0.0058823529411764,4.119851638934989e-06,0.0076124567474049,3.295881311147992e-07,0.0079584775086505,9.887643933443977e-06,0.0083044982698963,1.8456935342428754e-05,0.0086505190311418,2.653184455474133e-05,0.0089965397923876,1.2853937113477169e-05,1,1,1,1,1
1848,0,14:42:27,2,0.0076124567474049,5824.0,0.0077854671280277,0.0076124567474049,3.295881311147992e-07,0.0072664359861591,4.9438219667219874e-06,0.0069204152249136,1.977528786688795e-05,0.0065743944636678,9.228467671214376e-06,0.0062283737024222,3.131087245590592e-06,0.0079584775086505,9.887643933443977e-06,0.0083044982698963,1.8127347211313955e-05,0.0086505190311418,2.653184455474133e-05,0.0089965397923876,1.2853937113477169e-05,0.0093425605536332,7.415732950082981e-06,1,1,1,1,1
1849,0,14:42:30,2,0.0076124567474049,2912.0,0.0077854671280277,0.0076124567474049,4.943821966721988e-07,0.0072664359861591,5.767792294508985e-06,0.0069204152249136,1.977528786688795e-05,0.0065743944636678,9.228467671214376e-06,0.0062283737024222,3.131087245590592e-06,0.0079584775086505,9.887643933443977e-06,0.0083044982698963,1.8127347211313955e-05,0.0086505190311418,2.653184455474133e-05,0.0089965397923876,1.2853937113477169e-05,0.0093425605536332,7.415732950082981e-06,1,1,1,1,1
1850,0,14:42:33,2,0.0076124567474049,8736.0,0.0074394463667821,0.0072664359861591,5.767792294508985e-06,0.0069204152249136,2.1258434456904547e-05,0.0065743944636678,9.228467671214376e-06,0.0062283737024222,3.131087245590592e-06,0.0058823529411764,4.119851638934989e-06,0.0076124567474049,3.295881311147992e-07,0.0079584775086505,9.887643933443977e-06,0.0083044982698963,1.8127347211313955e-05,0.0086505190311418,2.653184455474133e-05,0.0089965397923876,1.2853937113477169e-05,1,1,1,1,1
1851,0,14:42:36,2,0.0076124567474049,0.0,0.0074394463667821,0.0072664359861591,5.767792294508985e-06,0.0069204152249136,2.1258434456904547e-05,0.0065743944636678,9.228467671214376e-06,0.0062283737024222,3.131087245590592e-06,0.0058823529411764,4.119851638934989e-06,0.0076124567474049,3.295881311147992e-07,0.0079584775086505,9.558055802329175e-06,0.0083044982698963,1.8127347211313955e-05,0.0086505190311418,2.653184455474133e-05,0.0089965397923876,1.2853937113477169e-05,1,1,1,1,1
1852,0,14:42:39,2,0.0076124567474049,0.0,0.0074394463667821,0.0072664359861591,5.767792294508985e-06,0.0069204152249136,2.1258434456904547e-05,0.0065743944636678,9.228467671214376e-06,0.0062283737024222,3.131087245590592e-06,0.0058823529411764,4.119851638934989e-06,0.0076124567474049,4.943821966721988e-07,0.0079584775086505,9.558055802329175e-06,0.0083044982698963,1.8951317539100952e-05,0.0086505190311418,2.653184455474133e-05,0.0089965397923876,3.131087245590592e-05,1,1,1,2,1
1853,0,14:42:42,2,0.0076124567474049,5823.0,0.0074394463667821,0.0072664359861591,5.602998228951586e-06,0.0069204152249136,2.1588022588019343e-05,0.0065743944636678,9.228467671214376e-06,0.0062283737024222,6.097380425623785e-06,0.0058823529411764,4.119851638934989e-06,0.0076124567474049,3.295881311147992e-07,0.0079584775086505,9.558055802329175e-06,0.0083044982698963,1.8951317539100952e-05,0.0086505190311418,2.653184455474133e-05,0.0089965397923876,3.131087245590592e-05,1,1,2,1,1
1854,0,14:42:45,2,0.0076124567474049,17472.0,0.0077854671280277,0.0076124567474049,1.7138582817969556e-05,0.0072664359861591,5.602998228951586e-06,0.0069204152249136,2.1588022588019343e-05,0.0065743944636678,9.228467671214376e-06,0.0062283737024222,6.097380425623785e-06,0.0079584775086505,9.558055802329175e-06,0.0083044982698963,1.8951317539100952e-05,0.0086505190311418,2.653184455474133e-05,0.0089965397923876,3.131087245590592e-05,0.0093425605536332,7.415732950082981e-06,1,1,1,1,1
1855,0,14:42:48,2,0.0076124567474049,0.0,0.0077854671280277,0.0076124567474049,1.9280905670215752e-05,0.0072664359861591,5.602998228951586e-06,0.0069204152249136,1.9940081932445348e-05,0.0065743944636678,9.228467671214376e-06,0.0062283737024222,6.097380425623785e-06,0.0079584775086505,9.558055802329175e-06,0.0083044982698963,1.8951317539100952e-05,0.0086505190311418,2.653184455474133e-05,0.0089965397923876,3.131087245590592e-05,0.0093425605536332,7.415732950082981e-06,1,1,1,1,1
1856,0,14:42:51,2,0.0076124567474049,2912.0,0.0077854671280277,0.0076124567474049,1.911611160465835e-05,0.0072664359861591,5.602998228951586e-06,0.0069204152249136,1.9940081932445348e-05,0.0065743944636678,9.228467671214376e-06,0.0062283737024222,6.097380425623785e-06,0.0079584775086505,9.558055802329175e-06,0.0083044982698963,1.8951317539100952e-05,0.0086505190311418,2.653184455474133e-05,0.0089965397923876,3.131087245590592e-05,0.0093425605536332,7.415732950082981e-06,1,1,1,1,1
1857,0,14:42:54,2,0.0076124567474049,20384.0,0.0077854671280277,0.0076124567474049,1.7962553145756553e-05,0.0072664359861591,5.602998228951586e-06,0.0069204152249136,1.9940081932445348e-05,0.0065743944636678,9.228467671214376e-06,0.0062283737024222,6.097380425623785e-06,0.0079584775086505,9.558055802329175e-06,0.0083044982698963,1.8951317539100952e-05,0.0086505190311418,2.653184455474133e-05,0.0089965397923876,3.131087245590592e-05,0.0093425605536332,7.415732950082981e-06,1,1,1,1,1
1858,0,14:42:57,2,0.0076124567474049,5824.0,0.0077854671280277,0.0076124567474049,1.549064216239556e-05,0.0072664359861591,5.602998228951586e-06,0.0069204152249136,1.9940081932445348e-05,0.0065743944636678,9.228467671214376e-06,0.0062283737024222,6.097380425623785e-06,0.0079584775086505,9.558055802329175e-06,0.0083044982698963,1.7962553145756553e-05,0.0086505190311418,2.653184455474133e-05,0.0089965397923876,3.131087245590592e-05,0.0093425605536332,7.415732950082981e-06,1,1,1,1,1
1859,0,14:43:00,2,0.0076124567474049,17472.0,0.0077854671280277,0.0076124567474049,1.4501877769051163e-05,0.0072664359861591,5.602998228951586e-06,0.0069204152249136,1.9940081932445348e-05,0.0065743944636678,9.228467671214376e-06,0.0062283737024222,6.097380425623785e-06,0.0079584775086505,9.558055802329175e-06,0.0083044982698963,1.7962553145756553e-05,0.0086505190311418,2.653184455474133e-05,0.0089965397923876,3.131087245590592e-05,0.0093425605536332,7.415732950082981e-06,1,1,1,1,1
1860,0,14:43:03,2,0.0076124567474049,90272.0,0.0077854671280277,0.0076124567474049,9.558055802329175e-06,0.0072664359861591,5.602998228951586e-06,0.0069204152249136,1.9940081932445348e-05,0.0065743944636678,9.228467671214376e-06,0.0062283737024222,6.097380425623785e-06,0.0079584775086505,9.558055802329175e-06,0.0083044982698963,1.7962553145756553e-05,0.0086505190311418,2.653184455474133e-05,0.0089965397923876,3.131087245590592e-05,0.0093425605536332,7.415732950082981e-06,1,1,1,1,1
1861,0,14:43:06,2,0.0079584775086505,46594.0,0.0077854671280277,0.0076124567474049,8.239703277869978e-06,0.0072664359861591,5.602998228951586e-06,0.0069204152249136,1.9940081932445348e-05,0.0065743944636678,9.228467671214376e-06,0.0062283737024222,6.097380425623785e-06,0.0079584775086505,9.228467671214376e-06,0.0083044982698963,1.7962553145756553e-05,0.0086505190311418,2.653184455474133e-05,0.0089965397923876,2.719102081697093e-05,0.0093425605536332,7.415732950082981e-06,1,1,1,1,1
1862,0,14:43:09,2,0.0079584775086505,0.0,0.0077854671280277,0.0076124567474049,8.239703277869978e-06,0.0072664359861591,5.602998228951586e-06,0.0069204152249136,1.9940081932445348e-05,0.0065743944636678,9.228467671214376e-06,0.0062283737024222,6.097380425623785e-06,0.0079584775086505,9.228467671214376e-06,0.0083044982698963,1.7962553145756553e-05,0.0086505190311418,2.735581488252833e-05,0.0089965397923876,2.719102081697093e-05,0.0093425605536332,7.415732950082981e-06,1,1,1,1,1
1863,0,14:43:12,2,0.0079584775086505,0.0,0.0077854671280277,0.0076124567474049,8.239703277869978e-06,0.0072664359861591,5.602998228951586e-06,0.0069204152249136,1.9940081932445348e-05,0.0065743944636678,9.228467671214376e-06,0.0062283737024222,6.097380425623785e-06,0.0079584775086505,9.228467671214376e-06,0.0083044982698963,1.7962553145756553e-05,0.0086505190311418,2.735581488252833e-05,0.0089965397923876,2.719102081697093e-05,0.0093425605536332,7.415732950082981e-06,1,2,1,1,1
1864,0,14:43:15,2,0.0079584775086505,32042.0,0.0077854671280277,0.0076124567474049,1.202996678569017e-05,0.0072664359861591,5.602998228951586e-06,0.0069204152249136,1.9940081932445348e-05,0.0065743944636678,9.228467671214376e-06,0.0062283737024222,6.097380425623785e-06,0.0079584775086505,7.5805270156403806e-06,0.0083044982698963,1.7962553145756553e-05,0.0086505190311418,2.735581488252833e-05,0.0089965397923876,2.719102081697093e-05,0.0093425605536332,7.415732950082981e-06,1,2,1,1,1
1865,0,14:43:18,2,0.0079584775086505,133998.0,0.0081314878892733,0.0079584775086505,6.591762622295983e-07,0.0076124567474049,1.202996678569017e-05,0.0072664359861591,5.602998228951586e-06,0.0069204152249136,1.9940081932445348e-05,0.0065743944636678,9.228467671214376e-06,0.0083044982698963,1.7962553145756553e-05,0.0086505190311418,2.735581488252833e-05,0.0089965397923876,2.719102081697093e-05,0.0093425605536332,7.415732950082981e-06,0.009688581314879,1.8456935342428754e-05,1,1,1,1,0
1866,0,14:43:21,2,0.0079584775086505,5826.0,0.0081314878892733,0.0079584775086505,4.943821966721988e-07,0.0076124567474049,1.202996678569017e-05,0.0072664359861591,5.602998228951586e-06,0.0069204152249136,1.9940081932445348e-05,0.0065743944636678,9.228467671214376e-06,0.0083044982698963,1.7962553145756553e-05,0.0086505190311418,2.735581488252833e-05,0.0089965397923876,2.719102081697093e-05,0.0093425605536332,7.415732950082981e-06,0.009688581314879,1.8456935342428754e-05,1,1,1,1,1
1867,0,14:43:24,2,0.0079584775086505,0.0,0.0081314878892733,0.0079584775086505,4.943821966721988e-07,0.0076124567474049,1.202996678569017e-05,0.0072664359861591,5.602998228951586e-06,0.0069204152249136,1.9940081932445348e-05,0.0065743944636678,9.228467671214376e-06,0.0083044982698963,1.7962553145756553e-05,0.0086505190311418,2.850937334143013e-05,0.0089965397923876,2.719102081697093e-05,0.0093425605536332,7.415732950082981e-06,0.009688581314879,1.8456935342428754e-05,1,1,1,1,0
1868,0,14:43:27,2,0.0079584775086505,32043.0,0.0081314878892733,0.0079584775086505,1.3183525244591966e-06,0.0076124567474049,8.734085474542178e-06,0.0072664359861591,5.602998228951586e-06,0.0069204152249136,1.9940081932445348e-05,0.0065743944636678,9.228467671214376e-06,0.0083044982698963,1.7962553145756553e-05,0.0086505190311418,2.850937334143013e-05,0.0089965397923876,2.719102081697093e-05,0.0093425605536332,7.415732950082981e-06,0.009688581314879,1.8456935342428754e-05,1,1,1,1,0
1869,0,14:43:30,2,0.0079584775086505,0.0,0.0081314878892733,0.0079584775086505,1.3183525244591966e-06,0.0076124567474049,8.734085474542178e-06,0.0072664359861591,5.602998228951586e-06,0.0069204152249136,1.9940081932445348e-05,0.0065743944636678,9.228467671214376e-06,0.0083044982698963,1.7962553145756553e-05,0.0086505190311418,2.850937334143013e-05,0.0089965397923876,2.719102081697093e-05,0.0093425605536332,7.415732950082981e-06,0.009688581314879,1.8456935342428754e-05,1,1,1,1,0
1870,0,14:43:33,2,0.0079584775086505,0.0,0.0081314878892733,0.0079584775086505,1.3183525244591966e-06,0.0076124567474049,8.734085474542178e-06,0.0072664359861591,5.602998228951586e-06,0.0069204152249136,1.9940081932445348e-05,0.0065743944636678,9.228467671214376e-06,0.0083044982698963,1.7962553145756553e-05,0.0086505190311418,2.850937334143013e-05,0.0089965397923876,2.719102081697093e-05,0.0093425605536332,7.415732950082981e-06,0.009688581314879,1.8456935342428754e-05,1,1,1,1,0
1871,0,14:43:36,2,0.0079584775086505,0.0,0.0081314878892733,0.0079584775086505,2.1423228522461945e-06,0.0076124567474049,8.569291408984778e-06,0.0072664359861591,5.602998228951586e-06,0.0069204152249136,1.6314612490182558e-05,0.0065743944636678,9.228467671214376e-06,0.0083044982698963,1.7962553145756553e-05,0.0086505190311418,2.850937334143013e-05,0.0089965397923876,2.719102081697093e-05,0.0093425605536332,7.415732950082981e-06,0.009688581314879,1.8456935342428754e-05,1,1,1,1,0
1872,0,14:43:39,2,0.0079584775086505,23305.0,0.0081314878892733,0.0079584775086505,9.887643933443975e-07,0.0076124567474049,8.569291408984778e-06,0.0072664359861591,5.602998228951586e-06,0.0069204152249136,1.6314612490182558e-05,0.0065743944636678,9.228467671214376e-06,0.0083044982698963,1.7797759080199155e-05,0.0086505190311418,2.850937334143013e-05,0.0089965397923876,2.719102081697093e-05,0.0093425605536332,7.415732950082981e-06,0.009688581314879,1.8456935342428754e-05,1,1,1,1,0
1873,0,14:43:42,2,0.0083044982698963,317625.0,0.0084775086505191,0.0083044982698963,1.7797759080199155e-05,0.0079584775086505,8.239703277869979e-07,0.0076124567474049,8.569291408984778e-06,0.0072664359861591,5.602998228951586e-06,0.0069204152249136,1.6314612490182558e-05,0.0086505190311418,2.850937334143013e-05,0.0089965397923876,2.719102081697093e-05,0.0093425605536332,7.415732950082981e-06,0.009688581314879,1.8456935342428754e-05,0.0100346020761246,3.229963684925032e-05,1,1,1,1,0
1874,0,14:43:45,2,0.0083044982698963,2914.0,0.0084775086505191,0.0083044982698963,1.7632965014641754e-05,0.0079584775086505,8.239703277869979e-07,0.0076124567474049,8.569291408984778e-06,0.0072664359861591,5.767792294508985e-06,0.0069204152249136,1.6314612490182558e-05,0.0086505190311418,2.850937334143013e-05,0.0089965397923876,2.719102081697093e-05,0.0093425605536332,7.415732950082981e-06,0.009688581314879,1.8456935342428754e-05,0.0100346020761246,3.229963684925032e-05,1,1,1,1,0
1875,0,14:43:48,2,0.0083044982698963,2914.0,0.0084775086505191,0.0083044982698963,1.7468170949084355e-05,0.0079584775086505,8.239703277869979e-07,0.0076124567474049,8.569291408984778e-06,0.0072664359861591,5.767792294508985e-06,0.0069204152249136,1.6314612490182558e-05,0.0086505190311418,2.850937334143013e-05,0.0089965397923876,2.719102081697093e-05,0.0093425605536332,7.415732950082981e-06,0.009688581314879,1.8456935342428754e-05,0.0100346020761246,3.229963684925032e-05,1,1,1,0,0
1876,0,14:43:51,2,0.0083044982698963,0.0,0.0084775086505191,0.0083044982698963,1.7468170949084355e-05,0.0079584775086505,8.239703277869979e-07,0.0076124567474049,8.569291408984778e-06,0.0072664359861591,5.767792294508985e-06,0.0069204152249136,1.6314612490182558e-05,0.0086505190311418,2.850937334143013e-05,0.0089965397923876,2.719102081697093e-05,0.0093425605536332,7.415732950082981e-06,0.009688581314879,1.8456935342428754e-05,0.0100346020761246,3.229963684925032e-05,1,1,1,0,0
1877,0,14:43:54,2,0.0083044982698963,247690.0,0.0084775086505191,0.0083044982698963,5.108616032279387e-06,0.0079584775086505,8.239703277869979e-07,0.0076124567474049,8.569291408984778e-06,0.0072664359861591,5.767792294508985e-06,0.0069204152249136,1.6314612490182558e-05,0.0086505190311418,2.850937334143013e-05,0.0089965397923876,2.719102081697093e-05,0.0093425605536332,7.415732950082981e-06,0.009688581314879,1.8456935342428754e-05,0.0100346020761246,3.229963684925032e-05,1,1,1,0,0
1878,0,14:43:57,2,0.0083044982698963,2914.0,0.0084775086505191,0.0083044982698963,4.9438219667219874e-06,0.0079584775086505,8.239703277869979e-07,0.0076124567474049,8.569291408984778e-06,0.0072664359861591,5.767792294508985e-06,0.0069204152249136,1.6314612490182558e-05,0.0086505190311418,2.850937334143013e-05,0.0089965397923876,2.719102081697093e-05,0.0093425605536332,7.415732950082981e-06,0.009688581314879,1.8456935342428754e-05,0.0100346020761246,3.229963684925032e-05,1,1,1,0,0
1879,0,14:44:00,2,0.0086505190311418,5830.0,0.0084775086505191,0.0083044982698963,8.569291408984778e-06,0.0079584775086505,8.239703277869979e-07,0.0076124567474049,8.569291408984778e-06,0.0072664359861591,5.767792294508985e-06,0.0069204152249136,1.6314612490182558e-05,0.0086505190311418,2.9168549603659725e-05,0.0089965397923876,2.719102081697093e-05,0.0093425605536332,7.415732950082981e-06,0.009688581314879,1.8456935342428754e-05,0.0100346020761246,3.229963684925032e-05,1,1,1,0,0
1880,0,14:44:03,2,0.0086505190311418,0.0,0.0084775086505191,0.0083044982698963,8.569291408984778e-06,0.0079584775086505,1.2359554916804967e-05,0.0076124567474049,8.569291408984778e-06,0.0072664359861591,5.767792294508985e-06,0.0069204152249136,1.6314612490182558e-05,0.0086505190311418,2.9168549603659725e-05,0.0089965397923876,2.719102081697093e-05,0.0093425605536332,7.415732950082981e-06,0.009688581314879,1.8456935342428754e-05,0.0100346020761246,3.229963684925032e-05,1,1,1,0,0
1881,0,14:44:06,2,0.0086505190311418,5830.0,0.0084775086505191,0.0083044982698963,8.569291408984778e-06,0.0079584775086505,1.2359554916804967e-05,0.0076124567474049,8.569291408984778e-06,0.0072664359861591,5.767792294508985e-06,0.0069204152249136,1.6314612490182558e-05,0.0086505190311418,2.9498137734774525e-05,0.0089965397923876,2.719102081697093e-05,0.0093425605536332,7.415732950082981e-06,0.009688581314879,1.8456935342428754e-05,0.0100346020761246,2.752060894808573e-05,1,1,1,0,0
1882,0,14:44:09,2,0.0086505190311418,8744.0,0.0084775086505191,0.0083044982698963,8.404497343427378e-06,0.0079584775086505,1.219476085124757e-05,0.0076124567474049,8.569291408984778e-06,0.0072664359861591,5.767792294508985e-06,0.0069204152249136,1.6314612490182558e-05,0.0086505190311418,2.9168549603659725e-05,0.0089965397923876,2.719102081697093e-05,0.0093425605536332,7.415732950082981e-06,0.009688581314879,1.8456935342428754e-05,0.0100346020761246,2.752060894808573e-05,1,1,1,0,0
1883,0,14:44:12,2,0.0083044982698963,154444.0,0.0081314878892733,0.0079584775086505,1.219476085124757e-05,0.0076124567474049,8.569291408984778e-06,0.0072664359861591,5.767792294508985e-06,0.0069204152249136,1.6314612490182558e-05,0.0065743944636678,9.228467671214376e-06,0.0083044982698963,8.239703277869978e-06,0.0086505190311418,2.8838961472544925e-05,0.0089965397923876,2.719102081697093e-05,0.0093425605536332,7.415732950082981e-06,0.009688581314879,1.8456935342428754e-05,1,1,1,1,0
1884,0,14:44:15,2,0.0083044982698963,0.0,0.0081314878892733,0.0079584775086505,1.219476085124757e-05,0.0076124567474049,8.569291408984778e-06,0.0072664359861591,5.767792294508985e-06,0.0069204152249136,1.6314612490182558e-05,0.0065743944636678,9.228467671214376e-06,0.0083044982698963,8.239703277869978e-06,0.0086505190311418,2.8838961472544925e-05,0.0089965397923876,2.719102081697093e-05,0.0093425605536332,7.415732950082981e-06,0.009688581314879,1.8456935342428754e-05,1,1,1,1,0
1885,0,14:44:18,2,0.0083044982698963,34967.0,0.0081314878892733,0.0079584775086505,1.202996678569017e-05,0.0076124567474049,8.569291408984778e-06,0.0072664359861591,5.767792294508985e-06,0.0069204152249136,1.6314612490182558e-05,0.0065743944636678,9.228467671214376e-06,0.0083044982698963,6.426968556738583e-06,0.0086505190311418,2.9168549603659725e-05,0.0089965397923876,2.735581488252833e-05,0.0093425605536332,7.415732950082981e-06,0.009688581314879,1.8456935342428754e-05,1,1,1,0,0
1886,0,14:44:21,2,0.0083044982698963,0.0,0.0081314878892733,0.0079584775086505,1.202996678569017e-05,0.0076124567474049,8.569291408984778e-06,0.0072664359861591,5.767792294508985e-06,0.0069204152249136,1.7303376883526957e-05,0.0065743944636678,9.228467671214376e-06,0.0083044982698963,1.0382026130116173e-05,0.0086505190311418,2.9168549603659725e-05,0.0089965397923876,2.735581488252833e-05,0.0093425605536332,7.415732950082981e-06,0.009688581314879,1.8456935342428754e-05,1,1,1,1,0
1887,0,14:44:24,2,0.0083044982698963,0.0,0.0081314878892733,0.0079584775086505,1.202996678569017e-05,0.0076124567474049,8.569291408984778e-06,0.0072664359861591,5.767792294508985e-06,0.0069204152249136,1.7303376883526957e-05,0.0065743944636678,9.228467671214376e-06,0.0083044982698963,1.0382026130116173e-05,0.0086505190311418,2.9168549603659725e-05,0.0089965397923876,2.735581488252833e-05,0.0093425605536332,7.415732950082981e-06,0.009688581314879,1.8456935342428754e-05,1,1,1,0,0
1888,0,14:44:27,2,0.0083044982698963,0.0,0.0081314878892733,0.0079584775086505,1.202996678569017e-05,0.0076124567474049,8.569291408984778e-06,0.0072664359861591,5.767792294508985e-06,0.0069204152249136,1.7303376883526957e-05,0.0065743944636678,9.228467671214376e-06,0.0083044982698963,1.7797759080199155e-05,0.0086505190311418,2.9003755538102327e-05,0.0089965397923876,3.147566652146332e-05,0.0093425605536332,8.239703277869978e-06,0.009688581314879,1.8456935342428754e-05,1,1,1,0,0
1889,0,14:44:30,2,0.0083044982698963,0.0,0.0081314878892733,0.0079584775086505,1.202996678569017e-05,0.0076124567474049,8.569291408984778e-06,0.0072664359861591,5.767792294508985e-06,0.0069204152249136,1.7303376883526957e-05,0.0065743944636678,9.228467671214376e-06,0.0083044982698963,1.7797759080199155e-05,0.0086505190311418,2.9003755538102327e-05,0.0089965397923876,3.147566652146332e-05,0.0093425605536332,8.239703277869978e-06,0.009688581314879,1.8456935342428754e-05,1,1,1,0,0
1890,0,14:44:33,2,0.0079584775086505,32043.0,0.0081314878892733,0.0079584775086505,1.0217232064558776e-05,0.0076124567474049,8.569291408984778e-06,0.0072664359861591,5.767792294508985e-06,0.0069204152249136,1.7303376883526957e-05,0.0065743944636678,9.228467671214376e-06,0.0083044982698963,1.3842701506821564e-05,0.0086505190311418,2.9003755538102327e-05,0.0089965397923876,3.147566652146332e-05,0.0093425605536332,8.239703277869978e-06,0.009688581314879,1.8456935342428754e-05,1,1,1,0,0
1891,0,14:44:36,2,0.0079584775086505,0.0,0.0081314878892733,0.0079584775086505,1.2359554916804967e-05,0.0076124567474049,8.569291408984778e-06,0.0072664359861591,5.767792294508985e-06,0.0069204152249136,1.7303376883526957e-05,0.0065743944636678,9.228467671214376e-06,0.0083044982698963,1.7962553145756553e-05,0.0086505190311418,2.9333343669217127e-05,0.0089965397923876,3.147566652146332e-05,0.0093425605536332,8.239703277869978e-06,0.009688581314879,1.8456935342428754e-05,1,1,1,0,0
1892,0,14:44:39,2,0.0083044982698963,317626.0,0.0084775086505191,0.0083044982698963,2.9662931800331924e-06,0.0079584775086505,1.2689143047919769e-05,0.0076124567474049,8.569291408984778e-06,0.0072664359861591,5.767792294508985e-06,0.0069204152249136,1.7303376883526957e-05,0.0086505190311418,2.9333343669217127e-05,0.0089965397923876,2.735581488252833e-05,0.0093425605536332,8.239703277869978e-06,0.009688581314879,1.8456935342428754e-05,0.0100346020761246,2.752060894808573e-05,1,0,1,0,0
1893,0,14:44:42,2,0.0079584775086505,72843.0,0.0083044982698963,0.0079584775086505,1.153558458901797e-05,0.0076124567474049,8.569291408984778e-06,0.0072664359861591,5.767792294508985e-06,0.0069204152249136,1.7303376883526957e-05,0.0065743944636678,9.228467671214376e-06,0.0086505190311418,2.9333343669217127e-05,0.0089965397923876,2.735581488252833e-05,0.0093425605536332,8.239703277869978e-06,0.009688581314879,1.8456935342428754e-05,0.0100346020761246,2.752060894808573e-05,1,1,1,0,0
1894,0,14:44:45,2,0.0079584775086505,0.0,0.0081314878892733,0.0079584775086505,1.153558458901797e-05,0.0076124567474049,8.569291408984778e-06,0.0072664359861591,5.767792294508985e-06,0.0069204152249136,1.7303376883526957e-05,0.0065743944636678,9.228467671214376e-06,0.0083044982698963,9.063673605656976e-06,0.0086505190311418,2.9003755538102327e-05,0.0089965397923876,2.735581488252833e-05,0.0093425605536332,8.239703277869978e-06,0.009688581314879,1.8456935342428754e-05,1,1,1,0,0
1895,0,14:44:48,2,0.0083044982698963,32054.0,0.0081314878892733,0.0079584775086505,1.2359554916804967e-05,0.0076124567474049,8.569291408984778e-06,0.0072664359861591,5.767792294508985e-06,0.0069204152249136,1.7303376883526957e-05,0.0065743944636678,9.228467671214376e-06,0.0083044982698963,7.250938884525582e-06,0.0086505190311418,2.9003755538102327e-05,0.0089965397923876,2.735581488252833e-05,0.0093425605536332,8.239703277869978e-06,0.009688581314879,1.8456935342428754e-05,1,1,1,0,0
1896,0,14:44:51,2,0.0083044982698963,0.0,0.0081314878892733,0.0079584775086505,1.2359554916804967e-05,0.0076124567474049,8.569291408984778e-06,0.0072664359861591,5.767792294508985e-06,0.0069204152249136,1.7303376883526957e-05,0.0065743944636678,9.228467671214376e-06,0.0083044982698963,7.250938884525582e-06,0.0086505190311418,2.9003755538102327e-05,0.0089965397923876,2.735581488252833e-05,0.0093425605536332,8.239703277869978e-06,0.009688581314879,1.8456935342428754e-05,1,1,1,0,0
1897,0,14:44:54,2,0.0079584775086505,20397.0,0.0081314878892733,0.0079584775086505,1.219476085124757e-05,0.0076124567474049,8.569291408984778e-06,0.0072664359861591,5.767792294508985e-06,0.0069204152249136,1.6314612490182558e-05,0.0065743944636678,9.228467671214376e-06,0.0083044982698963,7.5805270156403806e-06,0.0086505190311418,2.9003755538102327e-05,0.0089965397923876,2.735581488252833e-05,0.0093425605536332,8.239703277869978e-06,0.009688581314879,1.8456935342428754e-05,1,1,1,0,0
1898,0,14:44:57,2,0.0079584775086505,0.0,0.0081314878892733,0.0079584775086505,1.219476085124757e-05,0.0076124567474049,8.569291408984778e-06,0.0072664359861591,5.767792294508985e-06,0.0069204152249136,1.6314612490182558e-05,0.0065743944636678,9.228467671214376e-06,0.0083044982698963,7.5805270156403806e-06,0.0086505190311418,2.9003755538102327e-05,0.0089965397923876,2.735581488252833e-05,0.0093425605536332,8.239703277869978e-06,0.009688581314879,1.8456935342428754e-05,1,1,1,0,0
1899,0,14:45:00,2,0.0079584775086505,215562.0,0.0077854671280277,0.0076124567474049,8.569291408984778e-06,0.0072664359861591,5.767792294508985e-06,0.0069204152249136,1.6314612490182558e-05,0.0065743944636678,9.228467671214376e-06,0.0062283737024222,6.097380425623785e-06,0.0079584775086505,4.284645704492389e-06,0.0083044982698963,7.5805270156403806e-06,0.0086505190311418,2.9003755538102327e-05,0.0089965397923876,2.735581488252833e-05,0.0093425605536332,8.239703277869978e-06,1,1,1,0,0
1900,0,14:45:03,2,0.0079584775086505,0.0,0.0077854671280277,0.0076124567474049,8.569291408984778e-06,0.0072664359861591,5.767792294508985e-06,0.0069204152249136,1.6314612490182558e-05,0.0065743944636678,9.228467671214376e-06,0.0062283737024222,6.097380425623785e-06,0.0079584775086505,4.284645704492389e-06,0.0083044982698963,7.5805270156403806e-06,0.0086505190311418,2.9003755538102327e-05,0.0089965397923876,2.735581488252833e-05,0.0093425605536332,8.239703277869978e-06,1,1,1,0,0
1901,0,14:45:06,2,0.0076124567474049,2912.0,0.0077854671280277,0.0076124567474049,8.404497343427378e-06,0.0072664359861591,5.767792294508985e-06,0.0069204152249136,1.6314612490182558e-05,0.0065743944636678,9.228467671214376e-06,0.0062283737024222,6.097380425623785e-06,0.0079584775086505,4.284645704492389e-06,0.0083044982698963,3.460675376705391e-06,0.0086505190311418,2.9003755538102327e-05,0.0089965397923876,2.735581488252833e-05,0.0093425605536332,8.239703277869978e-06,1,1,1,0,0
1902,0,14:45:09,2,0.0079584775086505,5826.0,0.0077854671280277,0.0076124567474049,9.063673605656976e-06,0.0072664359861591,5.767792294508985e-06,0.0069204152249136,1.6314612490182558e-05,0.0065743944636678,9.228467671214376e-06,0.0062283737024222,6.097380425623785e-06,0.0079584775086505,3.95505757337759e-06,0.0083044982698963,3.460675376705391e-06,0.0086505190311418,2.9003755538102327e-05,0.0089965397923876,2.735581488252833e-05,0.0093425605536332,8.239703277869978e-06,1,1,1,0,0
1903,0,14:45:12,2,0.0079584775086505,96120.0,0.0081314878892733,0.0079584775086505,1.2524348982362367e-05,0.0076124567474049,7.74532108119778e-06,0.0072664359861591,5.767792294508985e-06,0.0069204152249136,1.6314612490182558e-05,0.0065743944636678,9.228467671214376e-06,0.0083044982698963,3.460675376705391e-06,0.0086505190311418,2.9003755538102327e-05,0.0089965397923876,2.735581488252833e-05,0.0093425605536332,8.239703277869978e-06,0.009688581314879,2.010487599800275e-05,1,1,1,0,0
1904,0,14:45:15,2,0.0079584775086505,17483.0,0.0081314878892733,0.0079584775086505,1.878652347354355e-05,0.0076124567474049,7.74532108119778e-06,0.0072664359861591,5.767792294508985e-06,0.0069204152249136,1.6314612490182558e-05,0.0065743944636678,9.228467671214376e-06,0.0083044982698963,2.636705048918393e-06,0.0086505190311418,2.9003755538102327e-05,0.0089965397923876,2.719102081697093e-05,0.0093425605536332,8.239703277869978e-06,0.009688581314879,2.010487599800275e-05,1,1,1,0,0
1905,0,14:45:18,2,0.0079584775086505,0.0,0.0081314878892733,0.0079584775086505,1.878652347354355e-05,0.0076124567474049,7.74532108119778e-06,0.0072664359861591,5.767792294508985e-06,0.0069204152249136,1.6314612490182558e-05,0.0065743944636678,9.228467671214376e-06,0.0083044982698963,2.636705048918393e-06,0.0086505190311418,3.3123607177037314e-05,0.0089965397923876,2.6367050489183933e-05,0.0093425605536332,8.239703277869978e-06,0.009688581314879,2.010487599800275e-05,1,0,0,0,0
1906,0,14:45:21,2,0.0079584775086505,14565.0,0.0081314878892733,0.0079584775086505,6.426968556738583e-06,0.0076124567474049,8.569291408984778e-06,0.0072664359861591,5.767792294508985e-06,0.0069204152249136,1.6314612490182558e-05,0.0065743944636678,9.228467671214376e-06,0.0083044982698963,2.636705048918393e-06,0.0086505190311418,3.328840124259472e-05,0.0089965397923876,2.6367050489183933e-05,0.0093425605536332,8.239703277869978e-06,0.009688581314879,2.010487599800275e-05,1,0,1,0,0
1907,0,14:45:24,2,0.0079584775086505,37869.0,0.0081314878892733,0.0079584775086505,4.284645704492389e-06,0.0076124567474049,8.569291408984778e-06,0.0072664359861591,5.767792294508985e-06,0.0069204152249136,1.6314612490182558e-05,0.0065743944636678,9.228467671214376e-06,0.0083044982698963,1.598502435906776e-05,0.0086505190311418,3.328840124259472e-05,0.0089965397923876,2.6367050489183933e-05,0.0093425605536332,8.239703277869978e-06,0.009688581314879,2.010487599800275e-05,1,0,0,0,0
1908,0,14:45:27,2,0.0079584775086505,0.0,0.0081314878892733,0.0079584775086505,4.284645704492389e-06,0.0076124567474049,8.569291408984778e-06,0.0072664359861591,5.767792294508985e-06,0.0069204152249136,1.6479406555739956e-05,0.0065743944636678,9.228467671214376e-06,0.0083044982698963,1.598502435906776e-05,0.0086505190311418,3.328840124259472e-05,0.0089965397923876,2.6367050489183933e-05,0.0093425605536332,8.239703277869978e-06,0.009688581314879,2.010487599800275e-05,1,0,0,0,0
1909,0,14:45:30,2,0.0083044982698963,17483.0,0.0081314878892733,0.0079584775086505,5.767792294508985e-06,0.0076124567474049,8.569291408984778e-06,0.0072664359861591,5.767792294508985e-06,0.0069204152249136,1.6479406555739956e-05,0.0065743944636678,9.228467671214376e-06,0.0083044982698963,1.7138582817969556e-05,0.0086505190311418,3.328840124259472e-05,0.0089965397923876,2.6367050489183933e-05,0.0093425605536332,8.239703277869978e-06,0.009688581314879,2.010487599800275e-05,1,0,0,0,0
1910,0,14:45:33,2,0.0079584775086505,104869.0,0.0077854671280277,0.0076124567474049,8.569291408984778e-06,0.0072664359861591,5.767792294508985e-06,0.0069204152249136,1.6479406555739956e-05,0.0065743944636678,9.228467671214376e-06,0.0062283737024222,6.097380425623785e-06,0.0079584775086505,6.097380425623785e-06,0.0083044982698963,1.6973788752412158e-05,0.0086505190311418,3.328840124259472e-05,0.0089965397923876,2.6367050489183933e-05,0.0093425605536332,8.239703277869978e-06,1,1,1,0,0
1911,0,14:45:36,2,0.0079584775086505,29130.0,0.0077854671280277,0.0076124567474049,8.569291408984778e-06,0.0072664359861591,5.767792294508985e-06,0.0069204152249136,1.6479406555739956e-05,0.0065743944636678,9.228467671214376e-06,0.0062283737024222,6.097380425623785e-06,0.0079584775086505,1.2689143047919769e-05,0.0083044982698963,1.6973788752412158e-05,0.0086505190311418,3.328840124259472e-05,0.0089965397923876,2.6367050489183933e-05,0.0093425605536332,8.239703277869978e-06,1,1,1,0,0
1912,0,14:45:39,2,0.0079584775086505,26213.0,0.0077854671280277,0.0076124567474049,7.91011514675518e-06,0.0072664359861591,5.767792294508985e-06,0.0069204152249136,1.6479406555739956e-05,0.0065743944636678,9.228467671214376e-06,0.0062283737024222,6.097380425623785e-06,0.0079584775086505,1.2853937113477169e-05,0.0083044982698963,1.6973788752412158e-05,0.0086505190311418,3.87266054059889e-05,0.0089965397923876,2.6367050489183933e-05,0.0093425605536332,8.239703277869978e-06,1,1,1,0,0
1913,0,14:45:42,2,0.0079584775086505,5826.0,0.0077854671280277,0.0076124567474049,7.91011514675518e-06,0.0072664359861591,5.767792294508985e-06,0.0069204152249136,1.6479406555739956e-05,0.0065743944636678,9.228467671214376e-06,0.0062283737024222,6.097380425623785e-06,0.0079584775086505,1.2524348982362367e-05,0.0083044982698963,1.6973788752412158e-05,0.0086505190311418,3.87266054059889e-05,0.0089965397923876,2.6367050489183933e-05,0.0093425605536332,8.239703277869978e-06,1,1,1,0,0
1914,0,14:45:45,2,0.0079584775086505,2913.0,0.0077854671280277,0.0076124567474049,7.91011514675518e-06,0.0072664359861591,5.767792294508985e-06,0.0069204152249136,1.6479406555739956e-05,0.0065743944636678,9.228467671214376e-06,0.0062283737024222,6.097380425623785e-06,0.0079584775086505,1.2689143047919769e-05,0.0083044982698963,1.6973788752412158e-05,0.0086505190311418,3.87266054059889e-05,0.0089965397923876,2.6367050489183933e-05,0.0093425605536332,8.239703277869978e-06,1,1,1,0,0
1915,0,14:45:48,2,0.0076124567474049,154341.0,0.0074394463667821,0.0072664359861591,5.767792294508985e-06,0.0069204152249136,1.6479406555739956e-05,0.0065743944636678,9.228467671214376e-06,0.0062283737024222,6.097380425623785e-06,0.0058823529411764,4.119851638934989e-06,0.0076124567474049,5.273410097836786e-06,0.0079584775086505,1.3513113375706766e-05,0.0083044982698963,1.6973788752412158e-05,0.0086505190311418,3.87266054059889e-05,0.0089965397923876,2.6367050489183933e-05,1,1,1,0,0
1916,0,14:45:51,2,0.0076124567474049,0.0,0.0074394463667821,0.0072664359861591,5.767792294508985e-06,0.0069204152249136,1.6479406555739956e-05,0.0065743944636678,9.228467671214376e-06,0.0062283737024222,6.097380425623785e-06,0.0058823529411764,4.119851638934989e-06,0.0076124567474049,5.273410097836786e-06,0.0079584775086505,1.499625996572336e-05,0.0083044982698963,1.6973788752412158e-05,0.0086505190311418,3.4606753767053915e-05,0.0089965397923876,2.6367050489183933e-05,1,1,1,1,0
1917,0,14:45:54,2,0.0076124567474049,0.0,0.0074394463667821,0.0072664359861591,5.767792294508985e-06,0.0069204152249136,1.6479406555739956e-05,0.0065743944636678,9.228467671214376e-06,0.0062283737024222,6.097380425623785e-06,0.0058823529411764,4.119851638934989e-06,0.0076124567474049,5.273410097836786e-06,0.0079584775086505,1.499625996572336e-05,0.0083044982698963,1.6973788752412158e-05,0.0086505190311418,3.4606753767053915e-05,0.0089965397923876,2.6367050489183933e-05,1,1,1,0,0
1918,0,14:45:57,2,0.0072664359861591,5822.0,0.0074394463667821,0.0072664359861591,5.438204163394186e-06,0.0069204152249136,1.6479406555739956e-05,0.0065743944636678,9.228467671214376e-06,0.0062283737024222,6.097380425623785e-06,0.0058823529411764,4.119851638934989e-06,0.0076124567474049,5.273410097836786e-06,0.0079584775086505,1.499625996572336e-05,0.0083044982698963,1.6973788752412158e-05,0.0086505190311418,3.4606753767053915e-05,0.0089965397923876,2.6367050489183933e-05,1,1,1,0,0
1919,0,14:46:00,2,0.0076124567474049,58240.0,0.0074394463667821,0.0072664359861591,5.438204163394186e-06,0.0069204152249136,1.6479406555739956e-05,0.0065743944636678,9.228467671214376e-06,0.0062283737024222,6.097380425623785e-06,0.0058823529411764,4.119851638934989e-06,0.0076124567474049,1.977528786688795e-06,0.0079584775086505,1.499625996572336e-05,0.0083044982698963,1.6973788752412158e-05,0.0086505190311418,3.444195970149651e-05,0.0089965397923876,2.6367050489183933e-05,1,1,1,0,0
1920,0,14:46:03,2,0.0072664359861591,61137.0,0.0074394463667821,0.0072664359861591,2.9662931800331924e-06,0.0069204152249136,1.6479406555739956e-05,0.0065743944636678,9.228467671214376e-06,0.0062283737024222,6.097380425623785e-06,0.0058823529411764,4.119851638934989e-06,0.0076124567474049,9.887643933443975e-07,0.0079584775086505,1.532584809683816e-05,0.0083044982698963,1.6973788752412158e-05,0.0086505190311418,3.444195970149651e-05,0.0089965397923876,2.6367050489183933e-05,1,1,1,0,0
1921,0,14:46:06,2,0.0072664359861591,0.0,0.0074394463667821,0.0072664359861591,3.95505757337759e-06,0.0069204152249136,1.6973788752412158e-05,0.0065743944636678,9.228467671214376e-06,0.0062283737024222,6.097380425623785e-06,0.0058823529411764,4.119851638934989e-06,0.0076124567474049,9.887643933443975e-07,0.0079584775086505,1.4337083703493764e-05,0.0083044982698963,1.6973788752412158e-05,0.0086505190311418,3.444195970149651e-05,0.0089965397923876,2.6367050489183933e-05,1,1,1,0,0
1922,0,14:46:09,2,0.0076124567474049,5824.0,0.0074394463667821,0.0072664359861591,5.767792294508985e-06,0.0069204152249136,1.6973788752412158e-05,0.0065743944636678,9.228467671214376e-06,0.0062283737024222,6.097380425623785e-06,0.0058823529411764,4.119851638934989e-06,0.0076124567474049,6.591762622295983e-07,0.0079584775086505,1.598502435906776e-05,0.0083044982698963,1.6973788752412158e-05,0.0086505190311418,3.444195970149651e-05,0.0089965397923876,2.6367050489183933e-05,1,1,1,0,0
1923,0,14:46:12,2,0.0072664359861591,58220.0,0.0074394463667821,0.0072664359861591,2.4719109833609937e-06,0.0069204152249136,1.6973788752412158e-05,0.0065743944636678,9.228467671214376e-06,0.0062283737024222,6.097380425623785e-06,0.0058823529411764,4.119851638934989e-06,0.0076124567474049,1.977528786688795e-06,0.0079584775086505,1.598502435906776e-05,0.0083044982698963,1.6973788752412158e-05,0.0086505190311418,3.444195970149651e-05,0.0089965397923876,2.6367050489183933e-05,1,1,1,0,0
1924,0,14:46:15,2,0.0072664359861591,0.0,0.0074394463667821,0.0072664359861591,8.239703277869979e-07,0.0069204152249136,1.6973788752412158e-05,0.0065743944636678,9.228467671214376e-06,0.0062283737024222,6.097380425623785e-06,0.0058823529411764,4.119851638934989e-06,0.0076124567474049,2.801499114475793e-06,0.0079584775086505,1.598502435906776e-05,0.0083044982698963,1.6973788752412158e-05,0.0086505190311418,3.444195970149651e-05,0.0089965397923876,2.6367050489183933e-05,1,1,1,0,0
1925,0,14:46:18,2,0.0072664359861591,14555.0,0.0070934256055363,0.0069204152249136,1.6973788752412158e-05,0.0065743944636678,9.228467671214376e-06,0.0062283737024222,6.097380425623785e-06,0.0058823529411764,4.119851638934989e-06,0.0048442906574395,6.591762622295983e-07,0.0072664359861591,1.6479406555739957e-07,0.0076124567474049,2.801499114475793e-06,0.0079584775086505,1.598502435906776e-05,0.0083044982698963,3.95505757337759e-06,0.0086505190311418,3.427716563593911e-05,1,1,1,0,0
1926,0,14:46:21,2,0.0069204152249136,8731.0,0.0072664359861591,0.0069204152249136,1.6644200621297358e-05,0.0065743944636678,9.228467671214376e-06,0.0062283737024222,6.097380425623785e-06,0.0058823529411764,4.119851638934989e-06,0.0048442906574395,6.591762622295983e-07,0.0076124567474049,2.801499114475793e-06,0.0079584775086505,1.7138582817969556e-05,0.0083044982698963,3.95505757337759e-06,0.0086505190311418,3.427716563593911e-05,0.0089965397923876,2.6367050489183933e-05,1,1,1,0,0
1927,0,14:46:24,2,0.0069204152249136,0.0,0.0070934256055363,0.0069204152249136,1.7632965014641754e-05,0.0065743944636678,5.273410097836786e-06,0.0062283737024222,6.097380425623785e-06,0.0058823529411764,4.119851638934989e-06,0.0048442906574395,6.591762622295983e-07,0.0072664359861591,1.6479406555739956e-05,0.0076124567474049,5.767792294508985e-06,0.0079584775086505,1.7138582817969556e-05,0.0083044982698963,3.95505757337759e-06,0.0086505190311418,3.427716563593911e-05,1,1,0,0,0
1928,0,14:46:27,2,0.0069204152249136,256080.0,0.0070934256055363,0.0069204152249136,3.131087245590592e-06,0.0065743944636678,3.7902635078201903e-06,0.0062283737024222,6.097380425623785e-06,0.0058823529411764,4.119851638934989e-06,0.005190311418685,7.415732950082981e-06,0.0072664359861591,1.6479406555739956e-05,0.0076124567474049,6.097380425623785e-06,0.0079584775086505,1.7138582817969556e-05,0.0083044982698963,4.119851638934989e-06,0.0086505190311418,3.427716563593911e-05,1,1,0,0,0
1929,0,14:46:30,2,0.0072664359861591,58220.0,0.0070934256055363,0.0069204152249136,3.131087245590592e-06,0.0065743944636678,3.7902635078201903e-06,0.0062283737024222,6.097380425623785e-06,0.0058823529411764,4.119851638934989e-06,0.005190311418685,7.415732950082981e-06,0.0072664359861591,1.3183525244591968e-05,0.0076124567474049,5.273410097836786e-06,0.0079584775086505,1.582023029351036e-05,0.0083044982698963,4.119851638934989e-06,0.0086505190311418,3.427716563593911e-05,1,1,0,0,0
1930,0,14:46:33,2,0.0072664359861591,0.0,0.0070934256055363,0.0069204152249136,3.7902635078201903e-06,0.0065743944636678,3.7902635078201903e-06,0.0062283737024222,6.097380425623785e-06,0.0058823529411764,4.119851638934989e-06,0.005190311418685,7.415732950082981e-06,0.0072664359861591,1.3183525244591968e-05,0.0076124567474049,5.273410097836786e-06,0.0079584775086505,7.5805270156403806e-06,0.0083044982698963,4.119851638934989e-06,0.0086505190311418,3.427716563593911e-05,1,1,0,0,0
1931,0,14:46:36,2,0.0069204152249136,2910.0,0.0070934256055363,0.0069204152249136,3.625469442262791e-06,0.0065743944636678,3.7902635078201903e-06,0.0062283737024222,6.097380425623785e-06,0.0058823529411764,4.119851638934989e-06,0.005190311418685,7.415732950082981e-06,0.0072664359861591,1.3183525244591968e-05,0.0076124567474049,5.273410097836786e-06,0.0079584775086505,7.415732950082981e-06,0.0083044982698963,4.119851638934989e-06,0.0086505190311418,3.427716563593911e-05,1,1,0,0,0
1932,0,14:46:39,2,0.0069204152249136,14550.0,0.0070934256055363,0.0069204152249136,2.801499114475793e-06,0.0065743944636678,3.7902635078201903e-06,0.0062283737024222,6.097380425623785e-06,0.0058823529411764,5.767792294508985e-06,0.005190311418685,7.415732950082981e-06,0.0072664359861591,1.3183525244591968e-05,0.0076124567474049,5.273410097836786e-06,0.0079584775086505,7.415732950082981e-06,0.0083044982698963,4.119851638934989e-06,0.0086505190311418,3.83970172748741e-05,1,1,0,0,0
1933,0,14:46:42,2,0.0072664359861591,29102.0,0.0070934256055363,0.0069204152249136,1.4831465900165962e-06,0.0065743944636678,3.7902635078201903e-06,0.0062283737024222,6.097380425623785e-06,0.0058823529411764,5.767792294508985e-06,0.005190311418685,7.415732950082981e-06,0.0072664359861591,1.2853937113477169e-05,0.0076124567474049,5.273410097836786e-06,0.0079584775086505,7.415732950082981e-06,0.0083044982698963,4.119851638934989e-06,0.0086505190311418,3.83970172748741e-05,1,1,0,0,0
1934,0,14:46:45,2,0.0072664359861591,0.0,0.0070934256055363,0.0069204152249136,1.4831465900165962e-06,0.0065743944636678,3.7902635078201903e-06,0.0062283737024222,6.097380425623785e-06,0.0058823529411764,5.767792294508985e-06,0.005190311418685,7.415732950082981e-06,0.0072664359861591,1.2853937113477169e-05,0.0076124567474049,5.273410097836786e-06,0.0079584775086505,7.415732950082981e-06,0.0083044982698963,4.119851638934989e-06,0.0086505190311418,3.83970172748741e-05,1,1,0,0,0
1935,0,14:46:48,2,0.0072664359861591,2911.0,0.0070934256055363,0.0069204152249136,1.4831465900165962e-06,0.0065743944636678,3.7902635078201903e-06,0.0062283737024222,6.097380425623785e-06,0.0058823529411764,5.767792294508985e-06,0.005190311418685,7.415732950082981e-06,0.0072664359861591,1.3348319310149366e-05,0.0076124567474049,5.273410097836786e-06,0.0079584775086505,7.415732950082981e-06,0.0083044982698963,3.295881311147992e-06,0.0086505190311418,3.83970172748741e-05,1,1,0,0,0
1936,0,14:46:51,2,0.0072664359861591,0.0,0.0070934256055363,0.0069204152249136,1.4831465900165962e-06,0.0065743944636678,3.7902635078201903e-06,0.0062283737024222,6.097380425623785e-06,0.0058823529411764,5.767792294508985e-06,0.005190311418685,7.415732950082981e-06,0.0072664359861591,1.3348319310149366e-05,0.0076124567474049,2.3071169178035943e-06,0.0079584775086505,7.5805270156403806e-06,0.0083044982698963,3.295881311147992e-06,0.0086505190311418,3.83970172748741e-05,1,1,1,0,0
1937,0,14:46:54,2,0.0072664359861591,78596.0,0.0070934256055363,0.0069204152249136,1.3183525244591966e-06,0.0065743944636678,3.7902635078201903e-06,0.0062283737024222,6.097380425623785e-06,0.0058823529411764,5.767792294508985e-06,0.005190311418685,7.415732950082981e-06,0.0072664359861591,9.063673605656976e-06,0.0076124567474049,3.131087245590592e-06,0.0079584775086505,7.5805270156403806e-06,0.0083044982698963,2.9662931800331924e-06,0.0086505190311418,3.83970172748741e-05,1,0,1,0,0
1938,0,14:46:57,2,0.0069204152249136,23280.0,0.0067474048442905,0.0065743944636678,3.7902635078201903e-06,0.0062283737024222,6.097380425623785e-06,0.0058823529411764,5.767792294508985e-06,0.005190311418685,7.415732950082981e-06,0.0048442906574395,6.591762622295983e-07,0.0069204152249136,1.516105403128076e-05,0.0072664359861591,9.063673605656976e-06,0.0076124567474049,3.131087245590592e-06,0.0079584775086505,7.5805270156403806e-06,0.0083044982698963,2.9662931800331924e-06,1,0,1,0,0
1939,0,14:47:00,2,0.0069204152249136,0.0,0.0067474048442905,0.0065743944636678,3.7902635078201903e-06,0.0062283737024222,1.153558458901797e-05,0.0058823529411764,5.767792294508985e-06,0.005190311418685,7.415732950082981e-06,0.0048442906574395,6.591762622295983e-07,0.0069204152249136,1.516105403128076e-05,0.0072664359861591,9.063673605656976e-06,0.0076124567474049,3.131087245590592e-06,0.0079584775086505,7.5805270156403806e-06,0.0083044982698963,2.9662931800331924e-06,1,0,0,0,0
1940,0,14:47:03,2,0.0069204152249136,0.0,0.0067474048442905,0.0065743944636678,3.7902635078201903e-06,0.0062283737024222,1.153558458901797e-05,0.0058823529411764,5.767792294508985e-06,0.005190311418685,7.415732950082981e-06,0.0048442906574395,6.591762622295983e-07,0.0069204152249136,1.516105403128076e-05,0.0072664359861591,9.887643933443977e-06,0.0076124567474049,3.131087245590592e-06,0.0079584775086505,7.5805270156403806e-06,0.0083044982698963,2.9662931800331924e-06,1,0,0,0,0
1941,0,14:47:06,2,0.0069204152249136,0.0,0.0067474048442905,0.0065743944636678,3.7902635078201903e-06,0.0062283737024222,1.153558458901797e-05,0.0058823529411764,1.0876408326788372e-05,0.005190311418685,7.415732950082981e-06,0.0048442906574395,6.591762622295983e-07,0.0069204152249136,1.516105403128076e-05,0.0072664359861591,9.887643933443977e-06,0.0076124567474049,3.131087245590592e-06,0.0079584775086505,7.5805270156403806e-06,0.0083044982698963,2.9662931800331924e-06,1,0,0,0,0
1942,0,14:47:09,2,0.0065743944636678,52362.0,0.0067474048442905,0.0065743944636678,2.1423228522461945e-06,0.0062283737024222,1.153558458901797e-05,0.0058823529411764,1.0876408326788372e-05,0.005190311418685,7.415732950082981e-06,0.0048442906574395,6.591762622295983e-07,0.0069204152249136,1.516105403128076e-05,0.0072664359861591,9.887643933443977e-06,0.0076124567474049,3.131087245590592e-06,0.0079584775086505,7.5805270156403806e-06,0.0083044982698963,2.9662931800331924e-06,0,0,0,0,0
1943,0,14:47:12,2,0.0065743944636678,0.0,0.0067474048442905,0.0065743944636678,6.426968556738583e-06,0.0062283737024222,1.153558458901797e-05,0.0058823529411764,1.0876408326788372e-05,0.005190311418685,7.415732950082981e-06,0.0048442906574395,6.591762622295983e-07,0.0069204152249136,1.516105403128076e-05,0.0072664359861591,9.887643933443977e-06,0.0076124567474049,3.131087245590592e-06,0.0079584775086505,7.5805270156403806e-06,0.0083044982698963,2.9662931800331924e-06,0,0,1,0,0
1944,0,14:47:15,2,0.0065743944636678,49453.0,0.0067474048442905,0.0065743944636678,3.625469442262791e-06,0.0062283737024222,1.153558458901797e-05,0.0058823529411764,1.0876408326788372e-05,0.005190311418685,7.415732950082981e-06,0.0048442906574395,6.591762622295983e-07,0.0069204152249136,1.516105403128076e-05,0.0072664359861591,9.887643933443977e-06,0.0076124567474049,3.131087245590592e-06,0.0079584775086505,7.5805270156403806e-06,0.0083044982698963,2.9662931800331924e-06,0,0,1,0,0
1945,0,14:47:18,2,0.0065743944636678,29090.0,0.0067474048442905,0.0065743944636678,2.3071169178035943e-06,0.0062283737024222,1.153558458901797e-05,0.0058823529411764,1.0876408326788372e-05,0.005190311418685,7.415732950082981e-06,0.0048442906574395,6.591762622295983e-07,0.0069204152249136,1.516105403128076e-05,0.0072664359861591,9.887643933443977e-06,0.0076124567474049,3.131087245590592e-06,0.0079584775086505,7.5805270156403806e-06,0.0083044982698963,2.9662931800331924e-06,0,0,0,0,0
1946,0,14:47:21,2,0.0069204152249136,69818.0,0.0067474048442905,0.0065743944636678,1.8127347211313956e-06,0.0062283737024222,1.153558458901797e-05,0.0058823529411764,1.0876408326788372e-05,0.005190311418685,7.415732950082981e-06,0.0048442906574395,6.591762622295983e-07,0.0069204152249136,1.483146590016596e-05,0.0072664359861591,9.887643933443977e-06,0.0076124567474049,3.131087245590592e-06,0.0079584775086505,7.5805270156403806e-06,0.0083044982698963,2.9662931800331924e-06,0,1,0,0,0
1947,0,14:47:24,2,0.0062283737024222,235559.0,0.0060553633217992,0.0058823529411764,1.0876408326788372e-05,0.005190311418685,7.415732950082981e-06,0.0048442906574395,6.591762622295983e-07,0.0044982698961939,2.373034544026554e-05,0.0041522491349481,1.499625996572336e-05,0.0062283737024222,3.131087245590592e-06,0.0069204152249136,1.483146590016596e-05,0.0072664359861591,9.887643933443977e-06,0.0076124567474049,3.131087245590592e-06,0.0079584775086505,7.5805270156403806e-06,1,1,1,1,1
1948,0,14:47:27,2,0.0058823529411764,11628.0,0.0060553633217992,0.0058823529411764,7.415732950082981e-06,0.005190311418685,1.6479406555739957e-07,0.0048442906574395,6.591762622295983e-07,0.0044982698961939,2.373034544026554e-05,0.0041522491349481,1.499625996572336e-05,0.0062283737024222,3.131087245590592e-06,0.0069204152249136,1.483146590016596e-05,0.0072664359861591,9.887643933443977e-06,0.0076124567474049,3.131087245590592e-06,0.0079584775086505,7.5805270156403806e-06,1,1,1,1,1
1949,0,14:47:30,2,0.0058823529411764,0.0,0.0060553633217992,0.0058823529411764,7.415732950082981e-06,0.005190311418685,4.119851638934989e-06,0.0048442906574395,6.591762622295983e-07,0.0044982698961939,2.373034544026554e-05,0.0041522491349481,1.499625996572336e-05,0.0062283737024222,3.131087245590592e-06,0.0069204152249136,1.483146590016596e-05,0.0072664359861591,9.887643933443977e-06,0.0076124567474049,3.131087245590592e-06,0.0079584775086505,7.5805270156403806e-06,1,1,1,0,1
1950,0,14:47:33,2,0.0062283737024222,2908.0,0.0060553633217992,0.0058823529411764,7.415732950082981e-06,0.005190311418685,4.119851638934989e-06,0.0048442906574395,6.591762622295983e-07,0.0044982698961939,2.373034544026554e-05,0.0041522491349481,1.499625996572336e-05,0.0062283737024222,2.9662931800331924e-06,0.0069204152249136,1.483146590016596e-05,0.0072664359861591,9.887643933443977e-06,0.0076124567474049,3.131087245590592e-06,0.0079584775086505,7.5805270156403806e-06,1,1,1,0,1
1951,0,14:47:36,2,0.0062283737024222,87240.0,0.0060553633217992,0.0058823529411764,5.108616032279387e-06,0.005190311418685,5.438204163394186e-06,0.0048442906574395,6.591762622295983e-07,0.0044982698961939,2.373034544026554e-05,0.0041522491349481,1.499625996572336e-05,0.0062283737024222,3.295881311147992e-07,0.0069204152249136,1.6479406555739956e-05,0.0072664359861591,9.063673605656976e-06,0.0076124567474049,3.131087245590592e-06,0.0079584775086505,7.5805270156403806e-06,2,1,1,0,1
1952,0,14:47:39,2,0.0062283737024222,0.0,0.0060553633217992,0.0058823529411764,5.108616032279387e-06,0.005190311418685,1.0876408326788372e-05,0.0048442906574395,6.591762622295983e-07,0.0044982698961939,2.373034544026554e-05,0.0041522491349481,1.499625996572336e-05,0.0062283737024222,3.295881311147992e-07,0.0069204152249136,1.6479406555739956e-05,0.0072664359861591,9.063673605656976e-06,0.0076124567474049,3.131087245590592e-06,0.0079584775086505,7.5805270156403806e-06,1,1,1,0,1
1953,0,14:47:42,2,0.0058823529411764,29070.0,0.0060553633217992,0.0058823529411764,3.460675376705391e-06,0.0055363321799308,2.1423228522461945e-06,0.005190311418685,1.0711614261230972e-05,0.0048442906574395,6.591762622295983e-07,0.0044982698961939,2.373034544026554e-05,0.0062283737024222,3.295881311147992e-07,0.0069204152249136,1.7303376883526957e-05,0.0072664359861591,9.063673605656976e-06,0.0076124567474049,3.131087245590592e-06,0.0079584775086505,7.5805270156403806e-06,1,1,1,0,1
1954,0,14:47:45,2,0.0058823529411764,0.0,0.0060553633217992,0.0058823529411764,3.7902635078201903e-06,0.0055363321799308,2.1423228522461945e-06,0.005190311418685,1.0711614261230972e-05,0.0048442906574395,6.591762622295983e-07,0.0044982698961939,2.373034544026554e-05,0.0062283737024222,3.295881311147992e-07,0.0069204152249136,1.7468170949084355e-05,0.0072664359861591,8.404497343427378e-06,0.0076124567474049,3.131087245590592e-06,0.0079584775086505,7.5805270156403806e-06,1,1,1,0,1
1955,0,14:47:48,2,0.0058823529411764,23273.0,0.0060553633217992,0.0058823529411764,3.625469442262791e-06,0.0055363321799308,2.1423228522461945e-06,0.005190311418685,1.0711614261230972e-05,0.0048442906574395,6.591762622295983e-07,0.0044982698961939,2.373034544026554e-05,0.0062283737024222,3.295881311147992e-07,0.0069204152249136,1.6644200621297358e-05,0.0072664359861591,8.404497343427378e-06,0.0076124567474049,3.131087245590592e-06,0.0079584775086505,7.5805270156403806e-06,1,1,1,1,1
1956,0,14:47:51,2,0.0062283737024222,209306.0,0.0065743944636678,0.0062283737024222,8.239703277869978e-06,0.0055363321799308,2.1423228522461945e-06,0.005190311418685,6.756556687853383e-06,0.0048442906574395,6.591762622295983e-07,0.0044982698961939,2.373034544026554e-05,0.0069204152249136,1.6644200621297358e-05,0.0072664359861591,8.404497343427378e-06,0.0076124567474049,3.131087245590592e-06,0.0079584775086505,7.5805270156403806e-06,0.0083044982698963,2.9662931800331924e-06,0,0,0,0,1
1957,0,14:47:54,2,0.0062283737024222,0.0,0.006401384083045,0.0062283737024222,8.404497343427378e-06,0.0055363321799308,9.887643933443977e-06,0.005190311418685,6.756556687853383e-06,0.0048442906574395,6.591762622295983e-07,0.0044982698961939,2.373034544026554e-05,0.0065743944636678,1.3183525244591966e-06,0.0069204152249136,1.6644200621297358e-05,0.0072664359861591,8.404497343427378e-06,0.0076124567474049,3.131087245590592e-06,0.0079584775086505,7.5805270156403806e-06,0,0,0,0,1
1958,0,14:47:57,2,0.0062283737024222,148308.0,0.0058823529411764,0.0055363321799308,9.887643933443977e-06,0.005190311418685,5.438204163394186e-06,0.0048442906574395,6.591762622295983e-07,0.0044982698961939,2.373034544026554e-05,0.0041522491349481,1.4666671834608563e-05,0.0062283737024222,2.2082404784691544e-05,0.0065743944636678,1.3183525244591966e-06,0.0069204152249136,1.6808994686854756e-05,0.0072664359861591,8.404497343427378e-06,0.0076124567474049,3.131087245590592e-06,1,0,0,1,1
1959,0,14:48:00,2,0.0055363321799308,58120.0,0.0057093425605536,0.0055363321799308,8.07490921231258e-06,0.005190311418685,5.438204163394186e-06,0.0048442906574395,6.591762622295983e-07,0.0044982698961939,2.373034544026554e-05,0.0041522491349481,1.4666671834608563e-05,0.0058823529411764,2.4719109833609937e-06,0.0062283737024222,2.2082404784691544e-05,0.0065743944636678,1.3183525244591966e-06,0.0069204152249136,1.6808994686854756e-05,0.0072664359861591,8.404497343427378e-06,1,1,0,1,1
1960,0,14:48:03,2,0.0055363321799308,29060.0,0.0057093425605536,0.0055363321799308,6.426968556738583e-06,0.005190311418685,5.438204163394186e-06,0.0048442906574395,6.591762622295983e-07,0.0044982698961939,2.373034544026554e-05,0.0041522491349481,1.4666671834608563e-05,0.0058823529411764,3.295881311147992e-06,0.0062283737024222,2.2082404784691544e-05,0.0065743944636678,1.3183525244591966e-06,0.0069204152249136,1.6808994686854756e-05,0.0072664359861591,8.404497343427378e-06,1,1,1,1,1
1961,0,14:48:06,2,0.0055363321799308,130793.0,0.0057093425605536,0.0055363321799308,2.801499114475793e-06,0.005190311418685,5.438204163394186e-06,0.0048442906574395,6.591762622295983e-07,0.0044982698961939,2.373034544026554e-05,0.0041522491349481,1.4666671834608563e-05,0.0058823529411764,6.591762622295983e-07,0.0062283737024222,2.2082404784691544e-05,0.0065743944636678,1.3183525244591966e-06,0.0069204152249136,1.6808994686854756e-05,0.0072664359861591,8.404497343427378e-06,1,1,1,1,1
1962,0,14:48:09,2,0.0058823529411764,5814.0,0.0057093425605536,0.0055363321799308,1.3513113375706766e-05,0.005190311418685,5.438204163394186e-06,0.0048442906574395,6.591762622295983e-07,0.0044982698961939,2.373034544026554e-05,0.0041522491349481,1.4666671834608563e-05,0.0058823529411764,3.295881311147992e-07,0.0062283737024222,9.063673605656976e-06,0.0065743944636678,1.977528786688795e-06,0.0069204152249136,1.6808994686854756e-05,0.0072664359861591,8.404497343427378e-06,1,1,1,1,1
1963,0,14:48:12,2,0.0055363321799308,20346.0,0.0058823529411764,0.0055363321799308,1.0382026130116173e-05,0.005190311418685,5.438204163394186e-06,0.0048442906574395,6.591762622295983e-07,0.0044982698961939,2.373034544026554e-05,0.0041522491349481,1.4666671834608563e-05,0.0062283737024222,9.063673605656976e-06,0.0065743944636678,1.977528786688795e-06,0.0069204152249136,1.6808994686854756e-05,0.0072664359861591,8.404497343427378e-06,0.0076124567474049,3.131087245590592e-06,0,0,1,1,1
1964,0,14:48:15,2,0.0058823529411764,154030.0,0.0060553633217992,0.0058823529411764,4.943821966721988e-07,0.0055363321799308,3.625469442262791e-06,0.005190311418685,5.438204163394186e-06,0.0048442906574395,4.943821966721988e-07,0.0044982698961939,2.373034544026554e-05,0.0062283737024222,9.063673605656976e-06,0.0065743944636678,1.977528786688795e-06,0.0069204152249136,1.6808994686854756e-05,0.0072664359861591,8.404497343427378e-06,0.0076124567474049,3.131087245590592e-06,0,0,1,1,1
1965,0,14:48:18,2,0.0058823529411764,8721.0,0.0057093425605536,0.0055363321799308,3.625469442262791e-06,0.005190311418685,5.438204163394186e-06,0.0048442906574395,4.943821966721988e-07,0.0044982698961939,2.373034544026554e-05,0.0041522491349481,1.4666671834608563e-05,0.0058823529411764,1.4831465900165962e-06,0.0062283737024222,9.063673605656976e-06,0.0065743944636678,1.977528786688795e-06,0.0069204152249136,1.6808994686854756e-05,0.0072664359861591,8.404497343427378e-06,1,1,1,1,1
1966,0,14:48:21,2,0.0058823529411764,0.0,0.0057093425605536,0.0055363321799308,3.625469442262791e-06,0.005190311418685,5.438204163394186e-06,0.0048442906574395,4.943821966721988e-07,0.0044982698961939,2.373034544026554e-05,0.0041522491349481,1.4666671834608563e-05,0.0058823529411764,1.4831465900165962e-06,0.0062283737024222,9.063673605656976e-06,0.0065743944636678,1.977528786688795e-06,0.0069204152249136,1.6808994686854756e-05,0.0072664359861591,8.404497343427378e-06,1,1,1,1,1
1967,0,14:48:24,2,0.005190311418685,5811.0,0.0055363321799308,0.005190311418685,5.273410097836786e-06,0.0048442906574395,4.943821966721988e-07,0.0044982698961939,2.373034544026554e-05,0.0041522491349481,1.4666671834608563e-05,0.0038062283737025,1.6314612490182558e-05,0.0058823529411764,1.4831465900165962e-06,0.0062283737024222,9.063673605656976e-06,0.0065743944636678,6.591762622295983e-07,0.0069204152249136,1.6808994686854756e-05,0.0072664359861591,8.404497343427378e-06,1,0,1,1,1
1968,0,14:48:27,2,0.005190311418685,0.0,0.005363321799308,0.005190311418685,5.273410097836786e-06,0.0048442906574395,4.943821966721988e-07,0.0044982698961939,2.373034544026554e-05,0.0041522491349481,1.4666671834608563e-05,0.0038062283737025,1.3348319310149366e-05,0.0055363321799308,8.239703277869979e-07,0.0058823529411764,2.636705048918393e-06,0.0062283737024222,9.063673605656976e-06,0.0065743944636678,6.591762622295983e-07,0.0069204152249136,1.6808994686854756e-05,1,0,1,1,1
1969,0,14:48:30,2,0.005190311418685,5810.0,0.005363321799308,0.005190311418685,4.9438219667219874e-06,0.0048442906574395,6.756556687853383e-06,0.0044982698961939,2.373034544026554e-05,0.0041522491349481,1.532584809683816e-05,0.0038062283737025,1.3348319310149366e-05,0.0055363321799308,5.767792294508985e-06,0.0058823529411764,2.636705048918393e-06,0.0062283737024222,9.063673605656976e-06,0.0065743944636678,6.591762622295983e-07,0.0069204152249136,1.6808994686854756e-05,1,0,1,1,1
1970,0,14:48:33,2,0.0055363321799308,2906.0,0.005363321799308,0.005190311418685,4.9438219667219874e-06,0.0048442906574395,8.239703277869978e-06,0.0044982698961939,2.373034544026554e-05,0.0041522491349481,1.532584809683816e-05,0.0038062283737025,1.3348319310149366e-05,0.0055363321799308,5.767792294508985e-06,0.0058823529411764,2.636705048918393e-06,0.0062283737024222,9.063673605656976e-06,0.0065743944636678,2.636705048918393e-06,0.0069204152249136,1.6808994686854756e-05,1,0,1,1,1
1971,0,14:48:36,2,0.0055363321799308,0.0,0.005363321799308,0.005190311418685,4.9438219667219874e-06,0.0048442906574395,8.404497343427378e-06,0.0044982698961939,2.373034544026554e-05,0.0041522491349481,1.532584809683816e-05,0.0038062283737025,1.3348319310149366e-05,0.0055363321799308,5.767792294508985e-06,0.0058823529411764,3.7902635078201903e-06,0.0062283737024222,9.063673605656976e-06,0.0065743944636678,2.636705048918393e-06,0.0069204152249136,1.6808994686854756e-05,1,0,1,1,1
1972,0,14:48:39,2,0.0055363321799308,0.0,0.005363321799308,0.005190311418685,5.602998228951586e-06,0.0048442906574395,8.404497343427378e-06,0.0044982698961939,2.785019707920053e-05,0.0041522491349481,1.532584809683816e-05,0.0038062283737025,1.3348319310149366e-05,0.0055363321799308,5.767792294508985e-06,0.0058823529411764,3.7902635078201903e-06,0.0062283737024222,9.063673605656976e-06,0.0065743944636678,2.636705048918393e-06,0.0069204152249136,1.6808994686854756e-05,0,1,1,1,1
1973,0,14:48:42,2,0.0055363321799308,0.0,0.005363321799308,0.005190311418685,5.602998228951586e-06,0.0048442906574395,8.404497343427378e-06,0.0044982698961939,2.785019707920053e-05,0.0041522491349481,1.532584809683816e-05,0.0038062283737025,1.3348319310149366e-05,0.0055363321799308,5.767792294508985e-06,0.0058823529411764,3.7902635078201903e-06,0.0062283737024222,9.063673605656976e-06,0.0065743944636678,2.636705048918393e-06,0.0069204152249136,1.6808994686854756e-05,0,1,1,1,1
1974,0,14:48:45,2,0.0055363321799308,0.0,0.005363321799308,0.005190311418685,5.602998228951586e-06,0.0048442906574395,8.404497343427378e-06,0.0044982698961939,2.785019707920053e-05,0.0041522491349481,1.532584809683816e-05,0.0038062283737025,1.3348319310149366e-05,0.0055363321799308,5.767792294508985e-06,0.0058823529411764,3.7902635078201903e-06,0.0062283737024222,9.063673605656976e-06,0.0065743944636678,2.636705048918393e-06,0.0069204152249136,1.6808994686854756e-05,0,1,1,1,1
1975,0,14:48:48,2,0.005190311418685,5810.0,0.005363321799308,0.005190311418685,5.273410097836786e-06,0.0048442906574395,3.460675376705391e-06,0.0044982698961939,2.785019707920053e-05,0.0041522491349481,1.532584809683816e-05,0.0038062283737025,1.3348319310149366e-05,0.0055363321799308,5.602998228951586e-06,0.0058823529411764,3.7902635078201903e-06,0.0062283737024222,9.063673605656976e-06,0.0065743944636678,2.636705048918393e-06,0.0069204152249136,1.6808994686854756e-05,0,1,1,1,1
1976,0,14:48:51,2,0.005190311418685,2905.0,0.005363321799308,0.005190311418685,5.108616032279387e-06,0.0048442906574395,3.460675376705391e-06,0.0044982698961939,2.8014991144757928e-05,0.0041522491349481,1.532584809683816e-05,0.0038062283737025,1.3348319310149366e-05,0.0055363321799308,5.602998228951586e-06,0.0058823529411764,8.404497343427378e-06,0.0062283737024222,9.063673605656976e-06,0.0065743944636678,2.636705048918393e-06,0.0069204152249136,1.6808994686854756e-05,0,1,1,1,1
1977,0,14:48:54,2,0.0044982698961939,647452.0,0.0043252595155709,0.0041522491349481,1.532584809683816e-05,0.0038062283737025,1.3348319310149366e-05,0.0034602076124568,1.8621729407986156e-05,0.003114186851211,3.295881311147992e-07,0.0027681660899654,9.887643933443975e-07,0.0044982698961939,1.2689143047919769e-05,0.005190311418685,2.4719109833609937e-06,0.0055363321799308,5.602998228951586e-06,0.0058823529411764,8.404497343427378e-06,0.0062283737024222,9.063673605656976e-06,2,2,1,2,2
1978,0,14:48:57,2,0.0044982698961939,5806.0,0.0043252595155709,0.0041522491349481,1.532584809683816e-05,0.0038062283737025,1.3348319310149366e-05,0.0034602076124568,1.8621729407986156e-05,0.003114186851211,3.295881311147992e-07,0.0027681660899654,9.887643933443975e-07,0.0044982698961939,1.2359554916804967e-05,0.005190311418685,2.636705048918393e-06,0.0055363321799308,5.602998228951586e-06,0.0058823529411764,8.404497343427378e-06,0.0062283737024222,9.063673605656976e-06,2,2,2,2,2
1979,0,14:49:00,2,0.0044982698961939,101605.0,0.0043252595155709,0.0041522491349481,1.532584809683816e-05,0.0038062283737025,1.3348319310149366e-05,0.0034602076124568,2.4224727636937737e-05,0.003114186851211,3.295881311147992e-07,0.0027681660899654,9.887643933443975e-07,0.0044982698961939,6.591762622295983e-06,0.005190311418685,2.636705048918393e-06,0.0055363321799308,5.602998228951586e-06,0.0058823529411764,8.404497343427378e-06,0.0062283737024222,9.063673605656976e-06,2,2,2,2,2
1980,0,14:49:03,2,0.0044982698961939,130635.0,0.0048442906574395,0.0044982698961939,9.228467671214376e-06,0.0041522491349481,1.532584809683816e-05,0.0038062283737025,1.3348319310149366e-05,0.0034602076124568,2.4224727636937737e-05,0.003114186851211,3.295881311147992e-07,0.005190311418685,2.636705048918393e-06,0.0055363321799308,5.602998228951586e-06,0.0058823529411764,8.404497343427378e-06,0.0062283737024222,9.063673605656976e-06,0.0065743944636678,2.636705048918393e-06,2,1,1,2,1
1981,0,14:49:06,2,0.005190311418685,46480.0,0.0048442906574395,0.0044982698961939,9.228467671214376e-06,0.0041522491349481,1.6479406555739956e-05,0.0038062283737025,1.3348319310149366e-05,0.0034602076124568,2.5543080161396936e-05,0.003114186851211,3.295881311147992e-07,0.005190311418685,2.4719109833609937e-06,0.0055363321799308,5.602998228951586e-06,0.0058823529411764,8.404497343427378e-06,0.0062283737024222,9.063673605656976e-06,0.0065743944636678,2.636705048918393e-06,2,1,1,2,2
1982,0,14:49:09,2,0.005190311418685,43575.0,0.0050173010380623,0.0044982698961939,1.0876408326788372e-05,0.0041522491349481,1.6479406555739956e-05,0.0038062283737025,1.3348319310149366e-05,0.0034602076124568,5.454683569949926e-05,0.003114186851211,3.295881311147992e-07,0.0055363321799308,5.602998228951586e-06,0.0058823529411764,8.404497343427378e-06,0.0062283737024222,9.063673605656976e-06,0.0065743944636678,2.636705048918393e-06,0.0069204152249136,1.6808994686854756e-05,1,1,1,2,2
1983,0,14:49:12,2,0.005190311418685,0.0,0.005363321799308,0.005190311418685,3.295881311147992e-07,0.0044982698961939,1.0876408326788372e-05,0.0041522491349481,1.6314612490182558e-05,0.0038062283737025,1.3348319310149366e-05,0.0034602076124568,5.471162976505666e-05,0.0055363321799308,5.602998228951586e-06,0.0058823529411764,1.0382026130116173e-05,0.0062283737024222,9.063673605656976e-06,0.0065743944636678,2.636705048918393e-06,0.0069204152249136,1.6808994686854756e-05,1,1,1,1,1
1984,0,14:49:15,2,0.0055363321799308,98804.0,0.0055363321799308,0.005190311418685,8.239703277869979e-07,0.0048442906574395,2.3071169178035943e-06,0.0044982698961939,1.0876408326788372e-05,0.0041522491349481,1.6314612490182558e-05,0.0038062283737025,1.3348319310149366e-05,0.0058823529411764,1.0382026130116173e-05,0.0062283737024222,9.063673605656976e-06,0.0065743944636678,2.636705048918393e-06,0.0069204152249136,1.6808994686854756e-05,0.0072664359861591,9.722849867886577e-06,0,0,1,1,1
1985,0,14:49:18,2,0.0055363321799308,0.0,0.0055363321799308,0.005190311418685,8.239703277869979e-07,0.0048442906574395,2.3071169178035943e-06,0.0044982698961939,1.598502435906776e-05,0.0041522491349481,1.6314612490182558e-05,0.0038062283737025,1.3348319310149366e-05,0.0058823529411764,1.0382026130116173e-05,0.0062283737024222,9.063673605656976e-06,0.0065743944636678,2.636705048918393e-06,0.0069204152249136,1.6808994686854756e-05,0.0072664359861591,9.722849867886577e-06,0,1,1,1,1
1986,0,14:49:21,2,0.0055363321799308,0.0,0.0055363321799308,0.005190311418685,8.239703277869979e-07,0.0048442906574395,2.3071169178035943e-06,0.0044982698961939,1.598502435906776e-05,0.0041522491349481,1.6314612490182558e-05,0.0038062283737025,1.3348319310149366e-05,0.0058823529411764,1.0382026130116173e-05,0.0062283737024222,9.063673605656976e-06,0.0065743944636678,2.636705048918393e-06,0.0069204152249136,1.6808994686854756e-05,0.0072664359861591,9.722849867886577e-06,0,1,1,1,1
1987,0,14:49:24,2,0.0044982698961939,142271.0,0.005363321799308,0.005190311418685,1.6479406555739957e-07,0.0044982698961939,1.1041202392345772e-05,0.0041522491349481,1.6314612490182558e-05,0.0038062283737025,1.3348319310149366e-05,0.0034602076124568,5.471162976505666e-05,0.0055363321799308,1.3842701506821564e-05,0.0058823529411764,1.0382026130116173e-05,0.0062283737024222,9.063673605656976e-06,0.0065743944636678,2.636705048918393e-06,0.0069204152249136,1.6808994686854756e-05,0,1,1,1,1
1988,0,14:49:27,2,0.005190311418685,17431.0,0.005363321799308,0.005190311418685,9.887643933443975e-07,0.0048442906574395,1.6479406555739957e-07,0.0044982698961939,1.1041202392345772e-05,0.0041522491349481,1.6314612490182558e-05,0.0038062283737025,1.3348319310149366e-05,0.0055363321799308,1.3677907441264164e-05,0.0058823529411764,1.0382026130116173e-05,0.0062283737024222,9.063673605656976e-06,0.0065743944636678,2.636705048918393e-06,0.0069204152249136,1.6808994686854756e-05,1,1,1,1,1
1989,0,14:49:30,2,0.005190311418685,17430.0,0.0050173010380623,0.0048442906574395,1.6479406555739957e-07,0.0044982698961939,1.4172289637936364e-05,0.0041522491349481,1.6314612490182558e-05,0.0038062283737025,1.3348319310149366e-05,0.0034602076124568,5.471162976505666e-05,0.005190311418685,1.8127347211313956e-06,0.0055363321799308,1.3677907441264164e-05,0.0058823529411764,8.898879540099578e-06,0.0062283737024222,9.063673605656976e-06,0.0065743944636678,2.636705048918393e-06,1,1,1,1,1
1990,0,14:49:33,2,0.0044982698961939,174201.0,0.0048442906574395,0.0044982698961939,8.898879540099578e-06,0.0041522491349481,1.6314612490182558e-05,0.0038062283737025,1.3348319310149366e-05,0.0034602076124568,5.471162976505666e-05,0.003114186851211,3.295881311147992e-07,0.005190311418685,2.1423228522461945e-06,0.0055363321799308,1.3677907441264164e-05,0.0058823529411764,7.74532108119778e-06,0.0062283737024222,9.063673605656976e-06,0.0065743944636678,2.636705048918393e-06,1,2,1,1,1
1991,0,14:49:36,2,0.005190311418685,136535.0,0.0046712802768167,0.0044982698961939,1.532584809683816e-05,0.0041522491349481,1.6314612490182558e-05,0.0038062283737025,1.3348319310149366e-05,0.0034602076124568,5.471162976505666e-05,0.003114186851211,3.295881311147992e-07,0.0048442906574395,9.887643933443975e-07,0.0055363321799308,1.3677907441264164e-05,0.0058823529411764,7.74532108119778e-06,0.0062283737024222,9.063673605656976e-06,0.0065743944636678,2.636705048918393e-06,2,2,2,1,1
1992,0,14:49:39,2,0.0048442906574395,5808.0,0.0046712802768167,0.0044982698961939,1.532584809683816e-05,0.0041522491349481,1.6314612490182558e-05,0.0038062283737025,1.3348319310149366e-05,0.0034602076124568,5.471162976505666e-05,0.003114186851211,3.295881311147992e-07,0.0048442906574395,8.239703277869979e-07,0.0055363321799308,1.3677907441264164e-05,0.0058823529411764,7.74532108119778e-06,0.0062283737024222,9.063673605656976e-06,0.0065743944636678,2.636705048918393e-06,2,2,2,1,1
1993,0,14:49:42,2,0.005190311418685,20330.0,0.0050173010380623,0.0048442906574395,3.625469442262791e-06,0.0044982698961939,1.532584809683816e-05,0.0041522491349481,1.6314612490182558e-05,0.0038062283737025,1.3348319310149366e-05,0.0034602076124568,5.570039415840106e-05,0.005190311418685,8.239703277869979e-07,0.0055363321799308,1.3677907441264164e-05,0.0058823529411764,7.74532108119778e-06,0.0062283737024222,9.063673605656976e-06,0.0065743944636678,2.636705048918393e-06,1,1,1,1,1
1994,0,14:49:45,2,0.0048442906574395,142354.0,0.0050173010380623,0.0048442906574395,8.239703277869979e-07,0.0044982698961939,1.219476085124757e-05,0.0041522491349481,1.6314612490182558e-05,0.0038062283737025,1.3348319310149366e-05,0.0034602076124568,5.570039415840106e-05,0.005190311418685,1.6479406555739957e-07,0.0055363321799308,1.0217232064558776e-05,0.0058823529411764,7.74532108119778e-06,0.0062283737024222,9.063673605656976e-06,0.0065743944636678,2.636705048918393e-06,1,1,1,2,1
1995,0,14:49:48,2,0.005190311418685,8713.0,0.005190311418685,0.0048442906574395,9.887643933443975e-07,0.0044982698961939,1.2359554916804967e-05,0.0041522491349481,1.7138582817969556e-05,0.0038062283737025,1.499625996572336e-05,0.0034602076124568,5.570039415840106e-05,0.0055363321799308,1.0217232064558776e-05,0.0058823529411764,7.74532108119778e-06,0.0062283737024222,9.063673605656976e-06,0.0065743944636678,2.636705048918393e-06,0.0069204152249136,2.5048697964724734e-05,1,1,1,1,1
1996,0,14:49:51,2,0.005190311418685,0.0,0.005190311418685,0.0048442906574395,1.6479406555739958e-06,0.0044982698961939,1.2359554916804967e-05,0.0041522491349481,1.7138582817969556e-05,0.0038062283737025,1.499625996572336e-05,0.0034602076124568,5.570039415840106e-05,0.0055363321799308,1.0217232064558776e-05,0.0058823529411764,7.74532108119778e-06,0.0062283737024222,9.063673605656976e-06,0.0065743944636678,2.636705048918393e-06,0.0069204152249136,2.5048697964724734e-05,1,1,1,1,1
1997,0,14:49:54,2,0.0048442906574395,14520.0,0.005190311418685,0.0048442906574395,8.239703277869979e-07,0.0044982698961939,1.549064216239556e-05,0.0041522491349481,1.7138582817969556e-05,0.0038062283737025,1.6644200621297358e-05,0.0034602076124568,5.570039415840106e-05,0.0055363321799308,1.0217232064558776e-05,0.0058823529411764,7.74532108119778e-06,0.0062283737024222,9.063673605656976e-06,0.0065743944636678,2.636705048918393e-06,0.0069204152249136,2.5048697964724734e-05,1,2,1,1,1
1998,0,14:49:57,2,0.0048442906574395,0.0,0.005363321799308,0.005190311418685,3.295881311147992e-07,0.0048442906574395,1.3183525244591966e-06,0.0044982698961939,1.549064216239556e-05,0.0041522491349481,1.7138582817969556e-05,0.0038062283737025,1.6644200621297358e-05,0.0055363321799308,1.0217232064558776e-05,0.0058823529411764,7.74532108119778e-06,0.0062283737024222,9.063673605656976e-06,0.0065743944636678,2.636705048918393e-06,0.0069204152249136,2.5213492030282136e-05,1,1,1,1,1
